 * Serving Flask app 'app'
 * Debug mode: off
--- Logging error ---
Traceback (most recent call last):
  File "/usr/local/lib/python3.11/logging/__init__.py", line 449, in format
    return self._format(record)
           ^^^^^^^^^^^^^^^^^^^^
  File "/usr/local/lib/python3.11/logging/__init__.py", line 445, in _format
    return self._fmt % values
           ~~~~~~~~~~^~~~~~~~
KeyError: 'request_id'

During handling of the above exception, another exception occurred:

Traceback (most recent call last):
  File "/usr/local/lib/python3.11/logging/__init__.py", line 1110, in emit
    msg = self.format(record)
          ^^^^^^^^^^^^^^^^^^^
  File "/usr/local/lib/python3.11/logging/__init__.py", line 953, in format
    return fmt.format(record)
           ^^^^^^^^^^^^^^^^^^
  File "/usr/local/lib/python3.11/logging/__init__.py", line 690, in format
    s = self.formatMessage(record)
        ^^^^^^^^^^^^^^^^^^^^^^^^^^
  File "/usr/local/lib/python3.11/logging/__init__.py", line 659, in formatMessage
    return self._style.format(record)
           ^^^^^^^^^^^^^^^^^^^^^^^^^^
  File "/usr/local/lib/python3.11/logging/__init__.py", line 451, in format
    raise ValueError('Formatting field not found in record: %s' % e)
ValueError: Formatting field not found in record: 'request_id'
Call stack:
  File "/app/app.py", line 151, in <module>
    app.run(host="0.0.0.0", port=PORT)
  File "/usr/local/lib/python3.11/site-packages/flask/app.py", line 625, in run
    run_simple(t.cast(str, host), port, self, **options)
  File "/usr/local/lib/python3.11/site-packages/werkzeug/serving.py", line 1109, in run_simple
    srv.log_startup()
  File "/usr/local/lib/python3.11/site-packages/werkzeug/serving.py", line 866, in log_startup
    _log("info", "\n".join(messages))
  File "/usr/local/lib/python3.11/site-packages/werkzeug/_internal.py", line 97, in _log
    getattr(_logger, type)(message.rstrip(), *args, **kwargs)
Message: '\x1b[31m\x1b[1mWARNING: This is a development server. Do not use it in a production deployment. Use a production WSGI server instead.\x1b[0m\n * Running on all addresses (0.0.0.0)\n * Running on http://127.0.0.1:8000\n * Running on http://172.20.0.3:8000'
Arguments: ()
--- Logging error ---
Traceback (most recent call last):
  File "/usr/local/lib/python3.11/logging/__init__.py", line 449, in format
    return self._format(record)
           ^^^^^^^^^^^^^^^^^^^^
  File "/usr/local/lib/python3.11/logging/__init__.py", line 445, in _format
    return self._fmt % values
           ~~~~~~~~~~^~~~~~~~
KeyError: 'request_id'

During handling of the above exception, another exception occurred:

Traceback (most recent call last):
  File "/usr/local/lib/python3.11/logging/__init__.py", line 1110, in emit
    msg = self.format(record)
          ^^^^^^^^^^^^^^^^^^^
  File "/usr/local/lib/python3.11/logging/__init__.py", line 953, in format
    return fmt.format(record)
           ^^^^^^^^^^^^^^^^^^
  File "/usr/local/lib/python3.11/logging/__init__.py", line 690, in format
    s = self.formatMessage(record)
        ^^^^^^^^^^^^^^^^^^^^^^^^^^
  File "/usr/local/lib/python3.11/logging/__init__.py", line 659, in formatMessage
    return self._style.format(record)
           ^^^^^^^^^^^^^^^^^^^^^^^^^^
  File "/usr/local/lib/python3.11/logging/__init__.py", line 451, in format
    raise ValueError('Formatting field not found in record: %s' % e)
ValueError: Formatting field not found in record: 'request_id'
Call stack:
  File "/app/app.py", line 151, in <module>
    app.run(host="0.0.0.0", port=PORT)
  File "/usr/local/lib/python3.11/site-packages/flask/app.py", line 625, in run
    run_simple(t.cast(str, host), port, self, **options)
  File "/usr/local/lib/python3.11/site-packages/werkzeug/serving.py", line 1110, in run_simple
    _log("info", _ansi_style("Press CTRL+C to quit", "yellow"))
  File "/usr/local/lib/python3.11/site-packages/werkzeug/_internal.py", line 97, in _log
    getattr(_logger, type)(message.rstrip(), *args, **kwargs)
Message: '\x1b[33mPress CTRL+C to quit\x1b[0m'
Arguments: ()
--- Logging error ---
Traceback (most recent call last):
  File "/usr/local/lib/python3.11/logging/__init__.py", line 449, in format
    return self._format(record)
           ^^^^^^^^^^^^^^^^^^^^
  File "/usr/local/lib/python3.11/logging/__init__.py", line 445, in _format
    return self._fmt % values
           ~~~~~~~~~~^~~~~~~~
KeyError: 'request_id'

During handling of the above exception, another exception occurred:

Traceback (most recent call last):
  File "/usr/local/lib/python3.11/logging/__init__.py", line 1110, in emit
    msg = self.format(record)
          ^^^^^^^^^^^^^^^^^^^
  File "/usr/local/lib/python3.11/logging/__init__.py", line 953, in format
    return fmt.format(record)
           ^^^^^^^^^^^^^^^^^^
  File "/usr/local/lib/python3.11/logging/__init__.py", line 690, in format
    s = self.formatMessage(record)
        ^^^^^^^^^^^^^^^^^^^^^^^^^^
  File "/usr/local/lib/python3.11/logging/__init__.py", line 659, in formatMessage
    return self._style.format(record)
           ^^^^^^^^^^^^^^^^^^^^^^^^^^
  File "/usr/local/lib/python3.11/logging/__init__.py", line 451, in format
    raise ValueError('Formatting field not found in record: %s' % e)
ValueError: Formatting field not found in record: 'request_id'
Call stack:
  File "/usr/local/lib/python3.11/threading.py", line 1002, in _bootstrap
    self._bootstrap_inner()
  File "/usr/local/lib/python3.11/threading.py", line 1045, in _bootstrap_inner
    self.run()
  File "/usr/local/lib/python3.11/threading.py", line 982, in run
    self._target(*self._args, **self._kwargs)
  File "/usr/local/lib/python3.11/socketserver.py", line 691, in process_request_thread
    self.finish_request(request, client_address)
  File "/usr/local/lib/python3.11/socketserver.py", line 361, in finish_request
    self.RequestHandlerClass(request, client_address, self)
  File "/usr/local/lib/python3.11/socketserver.py", line 755, in __init__
    self.handle()
  File "/usr/local/lib/python3.11/site-packages/werkzeug/serving.py", line 399, in handle
    super().handle()
  File "/usr/local/lib/python3.11/http/server.py", line 440, in handle
    self.handle_one_request()
  File "/usr/local/lib/python3.11/http/server.py", line 428, in handle_one_request
    method()
  File "/usr/local/lib/python3.11/site-packages/werkzeug/serving.py", line 371, in run_wsgi
    execute(self.server.app)
  File "/usr/local/lib/python3.11/site-packages/werkzeug/serving.py", line 335, in execute
    write(data)
  File "/usr/local/lib/python3.11/site-packages/werkzeug/serving.py", line 272, in write
    self.send_response(code, msg)
  File "/usr/local/lib/python3.11/http/server.py", line 505, in send_response
    self.log_request(code)
  File "/usr/local/lib/python3.11/site-packages/werkzeug/serving.py", line 468, in log_request
    self.log("info", '"%s" %s %s', msg, code, size)
  File "/usr/local/lib/python3.11/site-packages/werkzeug/serving.py", line 479, in log
    _log(
  File "/usr/local/lib/python3.11/site-packages/werkzeug/_internal.py", line 97, in _log
    getattr(_logger, type)(message.rstrip(), *args, **kwargs)
Message: '127.0.0.1 - - [25/Sep/2026 08:00:49] "%s" %s %s'
Arguments: ('GET /health HTTP/1.1', '200', '-')
--- Logging error ---
Traceback (most recent call last):
  File "/usr/local/lib/python3.11/logging/__init__.py", line 449, in format
    return self._format(record)
           ^^^^^^^^^^^^^^^^^^^^
  File "/usr/local/lib/python3.11/logging/__init__.py", line 445, in _format
    return self._fmt % values
           ~~~~~~~~~~^~~~~~~~
KeyError: 'request_id'

During handling of the above exception, another exception occurred:

Traceback (most recent call last):
  File "/usr/local/lib/python3.11/logging/__init__.py", line 1110, in emit
    msg = self.format(record)
          ^^^^^^^^^^^^^^^^^^^
  File "/usr/local/lib/python3.11/logging/__init__.py", line 953, in format
    return fmt.format(record)
           ^^^^^^^^^^^^^^^^^^
  File "/usr/local/lib/python3.11/logging/__init__.py", line 690, in format
    s = self.formatMessage(record)
        ^^^^^^^^^^^^^^^^^^^^^^^^^^
  File "/usr/local/lib/python3.11/logging/__init__.py", line 659, in formatMessage
    return self._style.format(record)
           ^^^^^^^^^^^^^^^^^^^^^^^^^^
  File "/usr/local/lib/python3.11/logging/__init__.py", line 451, in format
    raise ValueError('Formatting field not found in record: %s' % e)
ValueError: Formatting field not found in record: 'request_id'
Call stack:
  File "/usr/local/lib/python3.11/threading.py", line 1002, in _bootstrap
    self._bootstrap_inner()
  File "/usr/local/lib/python3.11/threading.py", line 1045, in _bootstrap_inner
    self.run()
  File "/usr/local/lib/python3.11/threading.py", line 982, in run
    self._target(*self._args, **self._kwargs)
  File "/usr/local/lib/python3.11/socketserver.py", line 691, in process_request_thread
    self.finish_request(request, client_address)
  File "/usr/local/lib/python3.11/socketserver.py", line 361, in finish_request
    self.RequestHandlerClass(request, client_address, self)
  File "/usr/local/lib/python3.11/socketserver.py", line 755, in __init__
    self.handle()
  File "/usr/local/lib/python3.11/site-packages/werkzeug/serving.py", line 399, in handle
    super().handle()
  File "/usr/local/lib/python3.11/http/server.py", line 440, in handle
    self.handle_one_request()
  File "/usr/local/lib/python3.11/http/server.py", line 428, in handle_one_request
    method()
  File "/usr/local/lib/python3.11/site-packages/werkzeug/serving.py", line 371, in run_wsgi
    execute(self.server.app)
  File "/usr/local/lib/python3.11/site-packages/werkzeug/serving.py", line 335, in execute
    write(data)
  File "/usr/local/lib/python3.11/site-packages/werkzeug/serving.py", line 272, in write
    self.send_response(code, msg)
  File "/usr/local/lib/python3.11/http/server.py", line 505, in send_response
    self.log_request(code)
  File "/usr/local/lib/python3.11/site-packages/werkzeug/serving.py", line 468, in log_request
    self.log("info", '"%s" %s %s', msg, code, size)
  File "/usr/local/lib/python3.11/site-packages/werkzeug/serving.py", line 479, in log
    _log(
  File "/usr/local/lib/python3.11/site-packages/werkzeug/_internal.py", line 97, in _log
    getattr(_logger, type)(message.rstrip(), *args, **kwargs)
Message: '127.0.0.1 - - [25/Sep/2026 08:00:59] "%s" %s %s'
Arguments: ('GET /health HTTP/1.1', '200', '-')
--- Logging error ---
Traceback (most recent call last):
  File "/usr/local/lib/python3.11/logging/__init__.py", line 449, in format
    return self._format(record)
           ^^^^^^^^^^^^^^^^^^^^
  File "/usr/local/lib/python3.11/logging/__init__.py", line 445, in _format
    return self._fmt % values
           ~~~~~~~~~~^~~~~~~~
KeyError: 'request_id'

During handling of the above exception, another exception occurred:

Traceback (most recent call last):
  File "/usr/local/lib/python3.11/logging/__init__.py", line 1110, in emit
    msg = self.format(record)
          ^^^^^^^^^^^^^^^^^^^
  File "/usr/local/lib/python3.11/logging/__init__.py", line 953, in format
    return fmt.format(record)
           ^^^^^^^^^^^^^^^^^^
  File "/usr/local/lib/python3.11/logging/__init__.py", line 690, in format
    s = self.formatMessage(record)
        ^^^^^^^^^^^^^^^^^^^^^^^^^^
  File "/usr/local/lib/python3.11/logging/__init__.py", line 659, in formatMessage
    return self._style.format(record)
           ^^^^^^^^^^^^^^^^^^^^^^^^^^
  File "/usr/local/lib/python3.11/logging/__init__.py", line 451, in format
    raise ValueError('Formatting field not found in record: %s' % e)
ValueError: Formatting field not found in record: 'request_id'
Call stack:
  File "/usr/local/lib/python3.11/threading.py", line 1002, in _bootstrap
    self._bootstrap_inner()
  File "/usr/local/lib/python3.11/threading.py", line 1045, in _bootstrap_inner
    self.run()
  File "/usr/local/lib/python3.11/threading.py", line 982, in run
    self._target(*self._args, **self._kwargs)
  File "/usr/local/lib/python3.11/socketserver.py", line 691, in process_request_thread
    self.finish_request(request, client_address)
  File "/usr/local/lib/python3.11/socketserver.py", line 361, in finish_request
    self.RequestHandlerClass(request, client_address, self)
  File "/usr/local/lib/python3.11/socketserver.py", line 755, in __init__
    self.handle()
  File "/usr/local/lib/python3.11/site-packages/werkzeug/serving.py", line 399, in handle
    super().handle()
  File "/usr/local/lib/python3.11/http/server.py", line 440, in handle
    self.handle_one_request()
  File "/usr/local/lib/python3.11/http/server.py", line 428, in handle_one_request
    method()
  File "/usr/local/lib/python3.11/site-packages/werkzeug/serving.py", line 371, in run_wsgi
    execute(self.server.app)
  File "/usr/local/lib/python3.11/site-packages/werkzeug/serving.py", line 335, in execute
    write(data)
  File "/usr/local/lib/python3.11/site-packages/werkzeug/serving.py", line 272, in write
    self.send_response(code, msg)
  File "/usr/local/lib/python3.11/http/server.py", line 505, in send_response
    self.log_request(code)
  File "/usr/local/lib/python3.11/site-packages/werkzeug/serving.py", line 468, in log_request
    self.log("info", '"%s" %s %s', msg, code, size)
  File "/usr/local/lib/python3.11/site-packages/werkzeug/serving.py", line 479, in log
    _log(
  File "/usr/local/lib/python3.11/site-packages/werkzeug/_internal.py", line 97, in _log
    getattr(_logger, type)(message.rstrip(), *args, **kwargs)
Message: '127.0.0.1 - - [25/Sep/2026 08:01:10] "%s" %s %s'
Arguments: ('GET /health HTTP/1.1', '200', '-')
--- Logging error ---
Traceback (most recent call last):
  File "/usr/local/lib/python3.11/logging/__init__.py", line 449, in format
    return self._format(record)
           ^^^^^^^^^^^^^^^^^^^^
  File "/usr/local/lib/python3.11/logging/__init__.py", line 445, in _format
    return self._fmt % values
           ~~~~~~~~~~^~~~~~~~
KeyError: 'request_id'

During handling of the above exception, another exception occurred:

Traceback (most recent call last):
  File "/usr/local/lib/python3.11/logging/__init__.py", line 1110, in emit
    msg = self.format(record)
          ^^^^^^^^^^^^^^^^^^^
  File "/usr/local/lib/python3.11/logging/__init__.py", line 953, in format
    return fmt.format(record)
           ^^^^^^^^^^^^^^^^^^
  File "/usr/local/lib/python3.11/logging/__init__.py", line 690, in format
    s = self.formatMessage(record)
        ^^^^^^^^^^^^^^^^^^^^^^^^^^
  File "/usr/local/lib/python3.11/logging/__init__.py", line 659, in formatMessage
    return self._style.format(record)
           ^^^^^^^^^^^^^^^^^^^^^^^^^^
  File "/usr/local/lib/python3.11/logging/__init__.py", line 451, in format
    raise ValueError('Formatting field not found in record: %s' % e)
ValueError: Formatting field not found in record: 'request_id'
Call stack:
  File "/usr/local/lib/python3.11/threading.py", line 1002, in _bootstrap
    self._bootstrap_inner()
  File "/usr/local/lib/python3.11/threading.py", line 1045, in _bootstrap_inner
    self.run()
  File "/usr/local/lib/python3.11/threading.py", line 982, in run
    self._target(*self._args, **self._kwargs)
  File "/usr/local/lib/python3.11/socketserver.py", line 691, in process_request_thread
    self.finish_request(request, client_address)
  File "/usr/local/lib/python3.11/socketserver.py", line 361, in finish_request
    self.RequestHandlerClass(request, client_address, self)
  File "/usr/local/lib/python3.11/socketserver.py", line 755, in __init__
    self.handle()
  File "/usr/local/lib/python3.11/site-packages/werkzeug/serving.py", line 399, in handle
    super().handle()
  File "/usr/local/lib/python3.11/http/server.py", line 440, in handle
    self.handle_one_request()
  File "/usr/local/lib/python3.11/http/server.py", line 428, in handle_one_request
    method()
  File "/usr/local/lib/python3.11/site-packages/werkzeug/serving.py", line 371, in run_wsgi
    execute(self.server.app)
  File "/usr/local/lib/python3.11/site-packages/werkzeug/serving.py", line 335, in execute
    write(data)
  File "/usr/local/lib/python3.11/site-packages/werkzeug/serving.py", line 272, in write
    self.send_response(code, msg)
  File "/usr/local/lib/python3.11/http/server.py", line 505, in send_response
    self.log_request(code)
  File "/usr/local/lib/python3.11/site-packages/werkzeug/serving.py", line 468, in log_request
    self.log("info", '"%s" %s %s', msg, code, size)
  File "/usr/local/lib/python3.11/site-packages/werkzeug/serving.py", line 479, in log
    _log(
  File "/usr/local/lib/python3.11/site-packages/werkzeug/_internal.py", line 97, in _log
    getattr(_logger, type)(message.rstrip(), *args, **kwargs)
Message: '127.0.0.1 - - [25/Sep/2026 08:01:20] "%s" %s %s'
Arguments: ('GET /health HTTP/1.1', '200', '-')
--- Logging error ---
Traceback (most recent call last):
  File "/usr/local/lib/python3.11/logging/__init__.py", line 449, in format
    return self._format(record)
           ^^^^^^^^^^^^^^^^^^^^
  File "/usr/local/lib/python3.11/logging/__init__.py", line 445, in _format
    return self._fmt % values
           ~~~~~~~~~~^~~~~~~~
KeyError: 'request_id'

During handling of the above exception, another exception occurred:

Traceback (most recent call last):
  File "/usr/local/lib/python3.11/logging/__init__.py", line 1110, in emit
    msg = self.format(record)
          ^^^^^^^^^^^^^^^^^^^
  File "/usr/local/lib/python3.11/logging/__init__.py", line 953, in format
    return fmt.format(record)
           ^^^^^^^^^^^^^^^^^^
  File "/usr/local/lib/python3.11/logging/__init__.py", line 690, in format
    s = self.formatMessage(record)
        ^^^^^^^^^^^^^^^^^^^^^^^^^^
  File "/usr/local/lib/python3.11/logging/__init__.py", line 659, in formatMessage
    return self._style.format(record)
           ^^^^^^^^^^^^^^^^^^^^^^^^^^
  File "/usr/local/lib/python3.11/logging/__init__.py", line 451, in format
    raise ValueError('Formatting field not found in record: %s' % e)
ValueError: Formatting field not found in record: 'request_id'
Call stack:
  File "/usr/local/lib/python3.11/threading.py", line 1002, in _bootstrap
    self._bootstrap_inner()
  File "/usr/local/lib/python3.11/threading.py", line 1045, in _bootstrap_inner
    self.run()
  File "/usr/local/lib/python3.11/threading.py", line 982, in run
    self._target(*self._args, **self._kwargs)
  File "/usr/local/lib/python3.11/socketserver.py", line 691, in process_request_thread
    self.finish_request(request, client_address)
  File "/usr/local/lib/python3.11/socketserver.py", line 361, in finish_request
    self.RequestHandlerClass(request, client_address, self)
  File "/usr/local/lib/python3.11/socketserver.py", line 755, in __init__
    self.handle()
  File "/usr/local/lib/python3.11/site-packages/werkzeug/serving.py", line 399, in handle
    super().handle()
  File "/usr/local/lib/python3.11/http/server.py", line 440, in handle
    self.handle_one_request()
  File "/usr/local/lib/python3.11/http/server.py", line 428, in handle_one_request
    method()
  File "/usr/local/lib/python3.11/site-packages/werkzeug/serving.py", line 371, in run_wsgi
    execute(self.server.app)
  File "/usr/local/lib/python3.11/site-packages/werkzeug/serving.py", line 335, in execute
    write(data)
  File "/usr/local/lib/python3.11/site-packages/werkzeug/serving.py", line 272, in write
    self.send_response(code, msg)
  File "/usr/local/lib/python3.11/http/server.py", line 505, in send_response
    self.log_request(code)
  File "/usr/local/lib/python3.11/site-packages/werkzeug/serving.py", line 468, in log_request
    self.log("info", '"%s" %s %s', msg, code, size)
  File "/usr/local/lib/python3.11/site-packages/werkzeug/serving.py", line 479, in log
    _log(
  File "/usr/local/lib/python3.11/site-packages/werkzeug/_internal.py", line 97, in _log
    getattr(_logger, type)(message.rstrip(), *args, **kwargs)
Message: '127.0.0.1 - - [25/Sep/2026 08:01:30] "%s" %s %s'
Arguments: ('GET /health HTTP/1.1', '200', '-')
--- Logging error ---
Traceback (most recent call last):
  File "/usr/local/lib/python3.11/logging/__init__.py", line 449, in format
    return self._format(record)
           ^^^^^^^^^^^^^^^^^^^^
  File "/usr/local/lib/python3.11/logging/__init__.py", line 445, in _format
    return self._fmt % values
           ~~~~~~~~~~^~~~~~~~
KeyError: 'request_id'

During handling of the above exception, another exception occurred:

Traceback (most recent call last):
  File "/usr/local/lib/python3.11/logging/__init__.py", line 1110, in emit
    msg = self.format(record)
          ^^^^^^^^^^^^^^^^^^^
  File "/usr/local/lib/python3.11/logging/__init__.py", line 953, in format
    return fmt.format(record)
           ^^^^^^^^^^^^^^^^^^
  File "/usr/local/lib/python3.11/logging/__init__.py", line 690, in format
    s = self.formatMessage(record)
        ^^^^^^^^^^^^^^^^^^^^^^^^^^
  File "/usr/local/lib/python3.11/logging/__init__.py", line 659, in formatMessage
    return self._style.format(record)
           ^^^^^^^^^^^^^^^^^^^^^^^^^^
  File "/usr/local/lib/python3.11/logging/__init__.py", line 451, in format
    raise ValueError('Formatting field not found in record: %s' % e)
ValueError: Formatting field not found in record: 'request_id'
Call stack:
  File "/usr/local/lib/python3.11/threading.py", line 1002, in _bootstrap
    self._bootstrap_inner()
  File "/usr/local/lib/python3.11/threading.py", line 1045, in _bootstrap_inner
    self.run()
  File "/usr/local/lib/python3.11/threading.py", line 982, in run
    self._target(*self._args, **self._kwargs)
  File "/usr/local/lib/python3.11/socketserver.py", line 691, in process_request_thread
    self.finish_request(request, client_address)
  File "/usr/local/lib/python3.11/socketserver.py", line 361, in finish_request
    self.RequestHandlerClass(request, client_address, self)
  File "/usr/local/lib/python3.11/socketserver.py", line 755, in __init__
    self.handle()
  File "/usr/local/lib/python3.11/site-packages/werkzeug/serving.py", line 399, in handle
    super().handle()
  File "/usr/local/lib/python3.11/http/server.py", line 440, in handle
    self.handle_one_request()
  File "/usr/local/lib/python3.11/http/server.py", line 428, in handle_one_request
    method()
  File "/usr/local/lib/python3.11/site-packages/werkzeug/serving.py", line 371, in run_wsgi
    execute(self.server.app)
  File "/usr/local/lib/python3.11/site-packages/werkzeug/serving.py", line 335, in execute
    write(data)
  File "/usr/local/lib/python3.11/site-packages/werkzeug/serving.py", line 272, in write
    self.send_response(code, msg)
  File "/usr/local/lib/python3.11/http/server.py", line 505, in send_response
    self.log_request(code)
  File "/usr/local/lib/python3.11/site-packages/werkzeug/serving.py", line 468, in log_request
    self.log("info", '"%s" %s %s', msg, code, size)
  File "/usr/local/lib/python3.11/site-packages/werkzeug/serving.py", line 479, in log
    _log(
  File "/usr/local/lib/python3.11/site-packages/werkzeug/_internal.py", line 97, in _log
    getattr(_logger, type)(message.rstrip(), *args, **kwargs)
Message: '127.0.0.1 - - [25/Sep/2026 08:01:40] "%s" %s %s'
Arguments: ('GET /health HTTP/1.1', '200', '-')
08:01:42 INFO  backend req=79e61abb validate OK -> goi ai-service
08:01:42 INFO  backend req=79e61abb 200 OK (4 model) total 229.0ms, saved history
--- Logging error ---
Traceback (most recent call last):
  File "/usr/local/lib/python3.11/logging/__init__.py", line 449, in format
    return self._format(record)
           ^^^^^^^^^^^^^^^^^^^^
  File "/usr/local/lib/python3.11/logging/__init__.py", line 445, in _format
    return self._fmt % values
           ~~~~~~~~~~^~~~~~~~
KeyError: 'request_id'

During handling of the above exception, another exception occurred:

Traceback (most recent call last):
  File "/usr/local/lib/python3.11/logging/__init__.py", line 1110, in emit
    msg = self.format(record)
          ^^^^^^^^^^^^^^^^^^^
  File "/usr/local/lib/python3.11/logging/__init__.py", line 953, in format
    return fmt.format(record)
           ^^^^^^^^^^^^^^^^^^
  File "/usr/local/lib/python3.11/logging/__init__.py", line 690, in format
    s = self.formatMessage(record)
        ^^^^^^^^^^^^^^^^^^^^^^^^^^
  File "/usr/local/lib/python3.11/logging/__init__.py", line 659, in formatMessage
    return self._style.format(record)
           ^^^^^^^^^^^^^^^^^^^^^^^^^^
  File "/usr/local/lib/python3.11/logging/__init__.py", line 451, in format
    raise ValueError('Formatting field not found in record: %s' % e)
ValueError: Formatting field not found in record: 'request_id'
Call stack:
  File "/usr/local/lib/python3.11/threading.py", line 1002, in _bootstrap
    self._bootstrap_inner()
  File "/usr/local/lib/python3.11/threading.py", line 1045, in _bootstrap_inner
    self.run()
  File "/usr/local/lib/python3.11/threading.py", line 982, in run
    self._target(*self._args, **self._kwargs)
  File "/usr/local/lib/python3.11/socketserver.py", line 691, in process_request_thread
    self.finish_request(request, client_address)
  File "/usr/local/lib/python3.11/socketserver.py", line 361, in finish_request
    self.RequestHandlerClass(request, client_address, self)
  File "/usr/local/lib/python3.11/socketserver.py", line 755, in __init__
    self.handle()
  File "/usr/local/lib/python3.11/site-packages/werkzeug/serving.py", line 399, in handle
    super().handle()
  File "/usr/local/lib/python3.11/http/server.py", line 440, in handle
    self.handle_one_request()
  File "/usr/local/lib/python3.11/http/server.py", line 428, in handle_one_request
    method()
  File "/usr/local/lib/python3.11/site-packages/werkzeug/serving.py", line 371, in run_wsgi
    execute(self.server.app)
  File "/usr/local/lib/python3.11/site-packages/werkzeug/serving.py", line 335, in execute
    write(data)
  File "/usr/local/lib/python3.11/site-packages/werkzeug/serving.py", line 272, in write
    self.send_response(code, msg)
  File "/usr/local/lib/python3.11/http/server.py", line 505, in send_response
    self.log_request(code)
  File "/usr/local/lib/python3.11/site-packages/werkzeug/serving.py", line 468, in log_request
    self.log("info", '"%s" %s %s', msg, code, size)
  File "/usr/local/lib/python3.11/site-packages/werkzeug/serving.py", line 479, in log
    _log(
  File "/usr/local/lib/python3.11/site-packages/werkzeug/_internal.py", line 97, in _log
    getattr(_logger, type)(message.rstrip(), *args, **kwargs)
Message: '172.20.0.4 - - [25/Sep/2026 08:01:42] "%s" %s %s'
Arguments: ('POST /api/predict HTTP/1.0', '200', '-')
--- Logging error ---
Traceback (most recent call last):
  File "/usr/local/lib/python3.11/logging/__init__.py", line 449, in format
    return self._format(record)
           ^^^^^^^^^^^^^^^^^^^^
  File "/usr/local/lib/python3.11/logging/__init__.py", line 445, in _format
    return self._fmt % values
           ~~~~~~~~~~^~~~~~~~
KeyError: 'request_id'

During handling of the above exception, another exception occurred:

Traceback (most recent call last):
  File "/usr/local/lib/python3.11/logging/__init__.py", line 1110, in emit
    msg = self.format(record)
          ^^^^^^^^^^^^^^^^^^^
  File "/usr/local/lib/python3.11/logging/__init__.py", line 953, in format
    return fmt.format(record)
           ^^^^^^^^^^^^^^^^^^
  File "/usr/local/lib/python3.11/logging/__init__.py", line 690, in format
    s = self.formatMessage(record)
        ^^^^^^^^^^^^^^^^^^^^^^^^^^
  File "/usr/local/lib/python3.11/logging/__init__.py", line 659, in formatMessage
    return self._style.format(record)
           ^^^^^^^^^^^^^^^^^^^^^^^^^^
  File "/usr/local/lib/python3.11/logging/__init__.py", line 451, in format
    raise ValueError('Formatting field not found in record: %s' % e)
ValueError: Formatting field not found in record: 'request_id'
Call stack:
  File "/usr/local/lib/python3.11/threading.py", line 1002, in _bootstrap
    self._bootstrap_inner()
  File "/usr/local/lib/python3.11/threading.py", line 1045, in _bootstrap_inner
    self.run()
  File "/usr/local/lib/python3.11/threading.py", line 982, in run
    self._target(*self._args, **self._kwargs)
  File "/usr/local/lib/python3.11/socketserver.py", line 691, in process_request_thread
    self.finish_request(request, client_address)
  File "/usr/local/lib/python3.11/socketserver.py", line 361, in finish_request
    self.RequestHandlerClass(request, client_address, self)
  File "/usr/local/lib/python3.11/socketserver.py", line 755, in __init__
    self.handle()
  File "/usr/local/lib/python3.11/site-packages/werkzeug/serving.py", line 399, in handle
    super().handle()
  File "/usr/local/lib/python3.11/http/server.py", line 440, in handle
    self.handle_one_request()
  File "/usr/local/lib/python3.11/http/server.py", line 428, in handle_one_request
    method()
  File "/usr/local/lib/python3.11/site-packages/werkzeug/serving.py", line 371, in run_wsgi
    execute(self.server.app)
  File "/usr/local/lib/python3.11/site-packages/werkzeug/serving.py", line 335, in execute
    write(data)
  File "/usr/local/lib/python3.11/site-packages/werkzeug/serving.py", line 272, in write
    self.send_response(code, msg)
  File "/usr/local/lib/python3.11/http/server.py", line 505, in send_response
    self.log_request(code)
  File "/usr/local/lib/python3.11/site-packages/werkzeug/serving.py", line 468, in log_request
    self.log("info", '"%s" %s %s', msg, code, size)
  File "/usr/local/lib/python3.11/site-packages/werkzeug/serving.py", line 479, in log
    _log(
  File "/usr/local/lib/python3.11/site-packages/werkzeug/_internal.py", line 97, in _log
    getattr(_logger, type)(message.rstrip(), *args, **kwargs)
Message: '127.0.0.1 - - [25/Sep/2026 08:01:50] "%s" %s %s'
Arguments: ('GET /health HTTP/1.1', '200', '-')
--- Logging error ---
Traceback (most recent call last):
  File "/usr/local/lib/python3.11/logging/__init__.py", line 449, in format
    return self._format(record)
           ^^^^^^^^^^^^^^^^^^^^
  File "/usr/local/lib/python3.11/logging/__init__.py", line 445, in _format
    return self._fmt % values
           ~~~~~~~~~~^~~~~~~~
KeyError: 'request_id'

During handling of the above exception, another exception occurred:

Traceback (most recent call last):
  File "/usr/local/lib/python3.11/logging/__init__.py", line 1110, in emit
    msg = self.format(record)
          ^^^^^^^^^^^^^^^^^^^
  File "/usr/local/lib/python3.11/logging/__init__.py", line 953, in format
    return fmt.format(record)
           ^^^^^^^^^^^^^^^^^^
  File "/usr/local/lib/python3.11/logging/__init__.py", line 690, in format
    s = self.formatMessage(record)
        ^^^^^^^^^^^^^^^^^^^^^^^^^^
  File "/usr/local/lib/python3.11/logging/__init__.py", line 659, in formatMessage
    return self._style.format(record)
           ^^^^^^^^^^^^^^^^^^^^^^^^^^
  File "/usr/local/lib/python3.11/logging/__init__.py", line 451, in format
    raise ValueError('Formatting field not found in record: %s' % e)
ValueError: Formatting field not found in record: 'request_id'
Call stack:
  File "/usr/local/lib/python3.11/threading.py", line 1002, in _bootstrap
    self._bootstrap_inner()
  File "/usr/local/lib/python3.11/threading.py", line 1045, in _bootstrap_inner
    self.run()
  File "/usr/local/lib/python3.11/threading.py", line 982, in run
    self._target(*self._args, **self._kwargs)
  File "/usr/local/lib/python3.11/socketserver.py", line 691, in process_request_thread
    self.finish_request(request, client_address)
  File "/usr/local/lib/python3.11/socketserver.py", line 361, in finish_request
    self.RequestHandlerClass(request, client_address, self)
  File "/usr/local/lib/python3.11/socketserver.py", line 755, in __init__
    self.handle()
  File "/usr/local/lib/python3.11/site-packages/werkzeug/serving.py", line 399, in handle
    super().handle()
  File "/usr/local/lib/python3.11/http/server.py", line 440, in handle
    self.handle_one_request()
  File "/usr/local/lib/python3.11/http/server.py", line 428, in handle_one_request
    method()
  File "/usr/local/lib/python3.11/site-packages/werkzeug/serving.py", line 371, in run_wsgi
    execute(self.server.app)
  File "/usr/local/lib/python3.11/site-packages/werkzeug/serving.py", line 335, in execute
    write(data)
  File "/usr/local/lib/python3.11/site-packages/werkzeug/serving.py", line 272, in write
    self.send_response(code, msg)
  File "/usr/local/lib/python3.11/http/server.py", line 505, in send_response
    self.log_request(code)
  File "/usr/local/lib/python3.11/site-packages/werkzeug/serving.py", line 468, in log_request
    self.log("info", '"%s" %s %s', msg, code, size)
  File "/usr/local/lib/python3.11/site-packages/werkzeug/serving.py", line 479, in log
    _log(
  File "/usr/local/lib/python3.11/site-packages/werkzeug/_internal.py", line 97, in _log
    getattr(_logger, type)(message.rstrip(), *args, **kwargs)
Message: '127.0.0.1 - - [25/Sep/2026 08:02:00] "%s" %s %s'
Arguments: ('GET /health HTTP/1.1', '200', '-')
--- Logging error ---
Traceback (most recent call last):
  File "/usr/local/lib/python3.11/logging/__init__.py", line 449, in format
    return self._format(record)
           ^^^^^^^^^^^^^^^^^^^^
  File "/usr/local/lib/python3.11/logging/__init__.py", line 445, in _format
    return self._fmt % values
           ~~~~~~~~~~^~~~~~~~
KeyError: 'request_id'

During handling of the above exception, another exception occurred:

Traceback (most recent call last):
  File "/usr/local/lib/python3.11/logging/__init__.py", line 1110, in emit
    msg = self.format(record)
          ^^^^^^^^^^^^^^^^^^^
  File "/usr/local/lib/python3.11/logging/__init__.py", line 953, in format
    return fmt.format(record)
           ^^^^^^^^^^^^^^^^^^
  File "/usr/local/lib/python3.11/logging/__init__.py", line 690, in format
    s = self.formatMessage(record)
        ^^^^^^^^^^^^^^^^^^^^^^^^^^
  File "/usr/local/lib/python3.11/logging/__init__.py", line 659, in formatMessage
    return self._style.format(record)
           ^^^^^^^^^^^^^^^^^^^^^^^^^^
  File "/usr/local/lib/python3.11/logging/__init__.py", line 451, in format
    raise ValueError('Formatting field not found in record: %s' % e)
ValueError: Formatting field not found in record: 'request_id'
Call stack:
  File "/usr/local/lib/python3.11/threading.py", line 1002, in _bootstrap
    self._bootstrap_inner()
  File "/usr/local/lib/python3.11/threading.py", line 1045, in _bootstrap_inner
    self.run()
  File "/usr/local/lib/python3.11/threading.py", line 982, in run
    self._target(*self._args, **self._kwargs)
  File "/usr/local/lib/python3.11/socketserver.py", line 691, in process_request_thread
    self.finish_request(request, client_address)
  File "/usr/local/lib/python3.11/socketserver.py", line 361, in finish_request
    self.RequestHandlerClass(request, client_address, self)
  File "/usr/local/lib/python3.11/socketserver.py", line 755, in __init__
    self.handle()
  File "/usr/local/lib/python3.11/site-packages/werkzeug/serving.py", line 399, in handle
    super().handle()
  File "/usr/local/lib/python3.11/http/server.py", line 440, in handle
    self.handle_one_request()
  File "/usr/local/lib/python3.11/http/server.py", line 428, in handle_one_request
    method()
  File "/usr/local/lib/python3.11/site-packages/werkzeug/serving.py", line 371, in run_wsgi
    execute(self.server.app)
  File "/usr/local/lib/python3.11/site-packages/werkzeug/serving.py", line 335, in execute
    write(data)
  File "/usr/local/lib/python3.11/site-packages/werkzeug/serving.py", line 272, in write
    self.send_response(code, msg)
  File "/usr/local/lib/python3.11/http/server.py", line 505, in send_response
    self.log_request(code)
  File "/usr/local/lib/python3.11/site-packages/werkzeug/serving.py", line 468, in log_request
    self.log("info", '"%s" %s %s', msg, code, size)
  File "/usr/local/lib/python3.11/site-packages/werkzeug/serving.py", line 479, in log
    _log(
  File "/usr/local/lib/python3.11/site-packages/werkzeug/_internal.py", line 97, in _log
    getattr(_logger, type)(message.rstrip(), *args, **kwargs)
Message: '127.0.0.1 - - [25/Sep/2026 08:02:10] "%s" %s %s'
Arguments: ('GET /health HTTP/1.1', '200', '-')
--- Logging error ---
Traceback (most recent call last):
  File "/usr/local/lib/python3.11/logging/__init__.py", line 449, in format
    return self._format(record)
           ^^^^^^^^^^^^^^^^^^^^
  File "/usr/local/lib/python3.11/logging/__init__.py", line 445, in _format
    return self._fmt % values
           ~~~~~~~~~~^~~~~~~~
KeyError: 'request_id'

During handling of the above exception, another exception occurred:

Traceback (most recent call last):
  File "/usr/local/lib/python3.11/logging/__init__.py", line 1110, in emit
    msg = self.format(record)
          ^^^^^^^^^^^^^^^^^^^
  File "/usr/local/lib/python3.11/logging/__init__.py", line 953, in format
    return fmt.format(record)
           ^^^^^^^^^^^^^^^^^^
  File "/usr/local/lib/python3.11/logging/__init__.py", line 690, in format
    s = self.formatMessage(record)
        ^^^^^^^^^^^^^^^^^^^^^^^^^^
  File "/usr/local/lib/python3.11/logging/__init__.py", line 659, in formatMessage
    return self._style.format(record)
           ^^^^^^^^^^^^^^^^^^^^^^^^^^
  File "/usr/local/lib/python3.11/logging/__init__.py", line 451, in format
    raise ValueError('Formatting field not found in record: %s' % e)
ValueError: Formatting field not found in record: 'request_id'
Call stack:
  File "/usr/local/lib/python3.11/threading.py", line 1002, in _bootstrap
    self._bootstrap_inner()
  File "/usr/local/lib/python3.11/threading.py", line 1045, in _bootstrap_inner
    self.run()
  File "/usr/local/lib/python3.11/threading.py", line 982, in run
    self._target(*self._args, **self._kwargs)
  File "/usr/local/lib/python3.11/socketserver.py", line 691, in process_request_thread
    self.finish_request(request, client_address)
  File "/usr/local/lib/python3.11/socketserver.py", line 361, in finish_request
    self.RequestHandlerClass(request, client_address, self)
  File "/usr/local/lib/python3.11/socketserver.py", line 755, in __init__
    self.handle()
  File "/usr/local/lib/python3.11/site-packages/werkzeug/serving.py", line 399, in handle
    super().handle()
  File "/usr/local/lib/python3.11/http/server.py", line 440, in handle
    self.handle_one_request()
  File "/usr/local/lib/python3.11/http/server.py", line 428, in handle_one_request
    method()
  File "/usr/local/lib/python3.11/site-packages/werkzeug/serving.py", line 371, in run_wsgi
    execute(self.server.app)
  File "/usr/local/lib/python3.11/site-packages/werkzeug/serving.py", line 335, in execute
    write(data)
  File "/usr/local/lib/python3.11/site-packages/werkzeug/serving.py", line 272, in write
    self.send_response(code, msg)
  File "/usr/local/lib/python3.11/http/server.py", line 505, in send_response
    self.log_request(code)
  File "/usr/local/lib/python3.11/site-packages/werkzeug/serving.py", line 468, in log_request
    self.log("info", '"%s" %s %s', msg, code, size)
  File "/usr/local/lib/python3.11/site-packages/werkzeug/serving.py", line 479, in log
    _log(
  File "/usr/local/lib/python3.11/site-packages/werkzeug/_internal.py", line 97, in _log
    getattr(_logger, type)(message.rstrip(), *args, **kwargs)
Message: '127.0.0.1 - - [25/Sep/2026 08:02:20] "%s" %s %s'
Arguments: ('GET /health HTTP/1.1', '200', '-')
--- Logging error ---
Traceback (most recent call last):
  File "/usr/local/lib/python3.11/logging/__init__.py", line 449, in format
    return self._format(record)
           ^^^^^^^^^^^^^^^^^^^^
  File "/usr/local/lib/python3.11/logging/__init__.py", line 445, in _format
    return self._fmt % values
           ~~~~~~~~~~^~~~~~~~
KeyError: 'request_id'

During handling of the above exception, another exception occurred:

Traceback (most recent call last):
  File "/usr/local/lib/python3.11/logging/__init__.py", line 1110, in emit
    msg = self.format(record)
          ^^^^^^^^^^^^^^^^^^^
  File "/usr/local/lib/python3.11/logging/__init__.py", line 953, in format
    return fmt.format(record)
           ^^^^^^^^^^^^^^^^^^
  File "/usr/local/lib/python3.11/logging/__init__.py", line 690, in format
    s = self.formatMessage(record)
        ^^^^^^^^^^^^^^^^^^^^^^^^^^
  File "/usr/local/lib/python3.11/logging/__init__.py", line 659, in formatMessage
    return self._style.format(record)
           ^^^^^^^^^^^^^^^^^^^^^^^^^^
  File "/usr/local/lib/python3.11/logging/__init__.py", line 451, in format
    raise ValueError('Formatting field not found in record: %s' % e)
ValueError: Formatting field not found in record: 'request_id'
Call stack:
  File "/usr/local/lib/python3.11/threading.py", line 1002, in _bootstrap
    self._bootstrap_inner()
  File "/usr/local/lib/python3.11/threading.py", line 1045, in _bootstrap_inner
    self.run()
  File "/usr/local/lib/python3.11/threading.py", line 982, in run
    self._target(*self._args, **self._kwargs)
  File "/usr/local/lib/python3.11/socketserver.py", line 691, in process_request_thread
    self.finish_request(request, client_address)
  File "/usr/local/lib/python3.11/socketserver.py", line 361, in finish_request
    self.RequestHandlerClass(request, client_address, self)
  File "/usr/local/lib/python3.11/socketserver.py", line 755, in __init__
    self.handle()
  File "/usr/local/lib/python3.11/site-packages/werkzeug/serving.py", line 399, in handle
    super().handle()
  File "/usr/local/lib/python3.11/http/server.py", line 440, in handle
    self.handle_one_request()
  File "/usr/local/lib/python3.11/http/server.py", line 428, in handle_one_request
    method()
  File "/usr/local/lib/python3.11/site-packages/werkzeug/serving.py", line 371, in run_wsgi
    execute(self.server.app)
  File "/usr/local/lib/python3.11/site-packages/werkzeug/serving.py", line 335, in execute
    write(data)
  File "/usr/local/lib/python3.11/site-packages/werkzeug/serving.py", line 272, in write
    self.send_response(code, msg)
  File "/usr/local/lib/python3.11/http/server.py", line 505, in send_response
    self.log_request(code)
  File "/usr/local/lib/python3.11/site-packages/werkzeug/serving.py", line 468, in log_request
    self.log("info", '"%s" %s %s', msg, code, size)
  File "/usr/local/lib/python3.11/site-packages/werkzeug/serving.py", line 479, in log
    _log(
  File "/usr/local/lib/python3.11/site-packages/werkzeug/_internal.py", line 97, in _log
    getattr(_logger, type)(message.rstrip(), *args, **kwargs)
Message: '127.0.0.1 - - [25/Sep/2026 08:02:30] "%s" %s %s'
Arguments: ('GET /health HTTP/1.1', '200', '-')
--- Logging error ---
Traceback (most recent call last):
  File "/usr/local/lib/python3.11/logging/__init__.py", line 449, in format
    return self._format(record)
           ^^^^^^^^^^^^^^^^^^^^
  File "/usr/local/lib/python3.11/logging/__init__.py", line 445, in _format
    return self._fmt % values
           ~~~~~~~~~~^~~~~~~~
KeyError: 'request_id'

During handling of the above exception, another exception occurred:

Traceback (most recent call last):
  File "/usr/local/lib/python3.11/logging/__init__.py", line 1110, in emit
    msg = self.format(record)
          ^^^^^^^^^^^^^^^^^^^
  File "/usr/local/lib/python3.11/logging/__init__.py", line 953, in format
    return fmt.format(record)
           ^^^^^^^^^^^^^^^^^^
  File "/usr/local/lib/python3.11/logging/__init__.py", line 690, in format
    s = self.formatMessage(record)
        ^^^^^^^^^^^^^^^^^^^^^^^^^^
  File "/usr/local/lib/python3.11/logging/__init__.py", line 659, in formatMessage
    return self._style.format(record)
           ^^^^^^^^^^^^^^^^^^^^^^^^^^
  File "/usr/local/lib/python3.11/logging/__init__.py", line 451, in format
    raise ValueError('Formatting field not found in record: %s' % e)
ValueError: Formatting field not found in record: 'request_id'
Call stack:
  File "/usr/local/lib/python3.11/threading.py", line 1002, in _bootstrap
    self._bootstrap_inner()
  File "/usr/local/lib/python3.11/threading.py", line 1045, in _bootstrap_inner
    self.run()
  File "/usr/local/lib/python3.11/threading.py", line 982, in run
    self._target(*self._args, **self._kwargs)
  File "/usr/local/lib/python3.11/socketserver.py", line 691, in process_request_thread
    self.finish_request(request, client_address)
  File "/usr/local/lib/python3.11/socketserver.py", line 361, in finish_request
    self.RequestHandlerClass(request, client_address, self)
  File "/usr/local/lib/python3.11/socketserver.py", line 755, in __init__
    self.handle()
  File "/usr/local/lib/python3.11/site-packages/werkzeug/serving.py", line 399, in handle
    super().handle()
  File "/usr/local/lib/python3.11/http/server.py", line 440, in handle
    self.handle_one_request()
  File "/usr/local/lib/python3.11/http/server.py", line 428, in handle_one_request
    method()
  File "/usr/local/lib/python3.11/site-packages/werkzeug/serving.py", line 371, in run_wsgi
    execute(self.server.app)
  File "/usr/local/lib/python3.11/site-packages/werkzeug/serving.py", line 335, in execute
    write(data)
  File "/usr/local/lib/python3.11/site-packages/werkzeug/serving.py", line 272, in write
    self.send_response(code, msg)
  File "/usr/local/lib/python3.11/http/server.py", line 505, in send_response
    self.log_request(code)
  File "/usr/local/lib/python3.11/site-packages/werkzeug/serving.py", line 468, in log_request
    self.log("info", '"%s" %s %s', msg, code, size)
  File "/usr/local/lib/python3.11/site-packages/werkzeug/serving.py", line 479, in log
    _log(
  File "/usr/local/lib/python3.11/site-packages/werkzeug/_internal.py", line 97, in _log
    getattr(_logger, type)(message.rstrip(), *args, **kwargs)
Message: '127.0.0.1 - - [25/Sep/2026 08:02:41] "%s" %s %s'
Arguments: ('GET /health HTTP/1.1', '200', '-')
--- Logging error ---
Traceback (most recent call last):
  File "/usr/local/lib/python3.11/logging/__init__.py", line 449, in format
    return self._format(record)
           ^^^^^^^^^^^^^^^^^^^^
  File "/usr/local/lib/python3.11/logging/__init__.py", line 445, in _format
    return self._fmt % values
           ~~~~~~~~~~^~~~~~~~
KeyError: 'request_id'

During handling of the above exception, another exception occurred:

Traceback (most recent call last):
  File "/usr/local/lib/python3.11/logging/__init__.py", line 1110, in emit
    msg = self.format(record)
          ^^^^^^^^^^^^^^^^^^^
  File "/usr/local/lib/python3.11/logging/__init__.py", line 953, in format
    return fmt.format(record)
           ^^^^^^^^^^^^^^^^^^
  File "/usr/local/lib/python3.11/logging/__init__.py", line 690, in format
    s = self.formatMessage(record)
        ^^^^^^^^^^^^^^^^^^^^^^^^^^
  File "/usr/local/lib/python3.11/logging/__init__.py", line 659, in formatMessage
    return self._style.format(record)
           ^^^^^^^^^^^^^^^^^^^^^^^^^^
  File "/usr/local/lib/python3.11/logging/__init__.py", line 451, in format
    raise ValueError('Formatting field not found in record: %s' % e)
ValueError: Formatting field not found in record: 'request_id'
Call stack:
  File "/usr/local/lib/python3.11/threading.py", line 1002, in _bootstrap
    self._bootstrap_inner()
  File "/usr/local/lib/python3.11/threading.py", line 1045, in _bootstrap_inner
    self.run()
  File "/usr/local/lib/python3.11/threading.py", line 982, in run
    self._target(*self._args, **self._kwargs)
  File "/usr/local/lib/python3.11/socketserver.py", line 691, in process_request_thread
    self.finish_request(request, client_address)
  File "/usr/local/lib/python3.11/socketserver.py", line 361, in finish_request
    self.RequestHandlerClass(request, client_address, self)
  File "/usr/local/lib/python3.11/socketserver.py", line 755, in __init__
    self.handle()
  File "/usr/local/lib/python3.11/site-packages/werkzeug/serving.py", line 399, in handle
    super().handle()
  File "/usr/local/lib/python3.11/http/server.py", line 440, in handle
    self.handle_one_request()
  File "/usr/local/lib/python3.11/http/server.py", line 428, in handle_one_request
    method()
  File "/usr/local/lib/python3.11/site-packages/werkzeug/serving.py", line 371, in run_wsgi
    execute(self.server.app)
  File "/usr/local/lib/python3.11/site-packages/werkzeug/serving.py", line 335, in execute
    write(data)
  File "/usr/local/lib/python3.11/site-packages/werkzeug/serving.py", line 272, in write
    self.send_response(code, msg)
  File "/usr/local/lib/python3.11/http/server.py", line 505, in send_response
    self.log_request(code)
  File "/usr/local/lib/python3.11/site-packages/werkzeug/serving.py", line 468, in log_request
    self.log("info", '"%s" %s %s', msg, code, size)
  File "/usr/local/lib/python3.11/site-packages/werkzeug/serving.py", line 479, in log
    _log(
  File "/usr/local/lib/python3.11/site-packages/werkzeug/_internal.py", line 97, in _log
    getattr(_logger, type)(message.rstrip(), *args, **kwargs)
Message: '127.0.0.1 - - [25/Sep/2026 08:02:51] "%s" %s %s'
Arguments: ('GET /health HTTP/1.1', '200', '-')
--- Logging error ---
Traceback (most recent call last):
  File "/usr/local/lib/python3.11/logging/__init__.py", line 449, in format
    return self._format(record)
           ^^^^^^^^^^^^^^^^^^^^
  File "/usr/local/lib/python3.11/logging/__init__.py", line 445, in _format
    return self._fmt % values
           ~~~~~~~~~~^~~~~~~~
KeyError: 'request_id'

During handling of the above exception, another exception occurred:

Traceback (most recent call last):
  File "/usr/local/lib/python3.11/logging/__init__.py", line 1110, in emit
    msg = self.format(record)
          ^^^^^^^^^^^^^^^^^^^
  File "/usr/local/lib/python3.11/logging/__init__.py", line 953, in format
    return fmt.format(record)
           ^^^^^^^^^^^^^^^^^^
  File "/usr/local/lib/python3.11/logging/__init__.py", line 690, in format
    s = self.formatMessage(record)
        ^^^^^^^^^^^^^^^^^^^^^^^^^^
  File "/usr/local/lib/python3.11/logging/__init__.py", line 659, in formatMessage
    return self._style.format(record)
           ^^^^^^^^^^^^^^^^^^^^^^^^^^
  File "/usr/local/lib/python3.11/logging/__init__.py", line 451, in format
    raise ValueError('Formatting field not found in record: %s' % e)
ValueError: Formatting field not found in record: 'request_id'
Call stack:
  File "/usr/local/lib/python3.11/threading.py", line 1002, in _bootstrap
    self._bootstrap_inner()
  File "/usr/local/lib/python3.11/threading.py", line 1045, in _bootstrap_inner
    self.run()
  File "/usr/local/lib/python3.11/threading.py", line 982, in run
    self._target(*self._args, **self._kwargs)
  File "/usr/local/lib/python3.11/socketserver.py", line 691, in process_request_thread
    self.finish_request(request, client_address)
  File "/usr/local/lib/python3.11/socketserver.py", line 361, in finish_request
    self.RequestHandlerClass(request, client_address, self)
  File "/usr/local/lib/python3.11/socketserver.py", line 755, in __init__
    self.handle()
  File "/usr/local/lib/python3.11/site-packages/werkzeug/serving.py", line 399, in handle
    super().handle()
  File "/usr/local/lib/python3.11/http/server.py", line 440, in handle
    self.handle_one_request()
  File "/usr/local/lib/python3.11/http/server.py", line 428, in handle_one_request
    method()
  File "/usr/local/lib/python3.11/site-packages/werkzeug/serving.py", line 371, in run_wsgi
    execute(self.server.app)
  File "/usr/local/lib/python3.11/site-packages/werkzeug/serving.py", line 335, in execute
    write(data)
  File "/usr/local/lib/python3.11/site-packages/werkzeug/serving.py", line 272, in write
    self.send_response(code, msg)
  File "/usr/local/lib/python3.11/http/server.py", line 505, in send_response
    self.log_request(code)
  File "/usr/local/lib/python3.11/site-packages/werkzeug/serving.py", line 468, in log_request
    self.log("info", '"%s" %s %s', msg, code, size)
  File "/usr/local/lib/python3.11/site-packages/werkzeug/serving.py", line 479, in log
    _log(
  File "/usr/local/lib/python3.11/site-packages/werkzeug/_internal.py", line 97, in _log
    getattr(_logger, type)(message.rstrip(), *args, **kwargs)
Message: '127.0.0.1 - - [25/Sep/2026 08:03:01] "%s" %s %s'
Arguments: ('GET /health HTTP/1.1', '200', '-')
--- Logging error ---
Traceback (most recent call last):
  File "/usr/local/lib/python3.11/logging/__init__.py", line 449, in format
    return self._format(record)
           ^^^^^^^^^^^^^^^^^^^^
  File "/usr/local/lib/python3.11/logging/__init__.py", line 445, in _format
    return self._fmt % values
           ~~~~~~~~~~^~~~~~~~
KeyError: 'request_id'

During handling of the above exception, another exception occurred:

Traceback (most recent call last):
  File "/usr/local/lib/python3.11/logging/__init__.py", line 1110, in emit
    msg = self.format(record)
          ^^^^^^^^^^^^^^^^^^^
  File "/usr/local/lib/python3.11/logging/__init__.py", line 953, in format
    return fmt.format(record)
           ^^^^^^^^^^^^^^^^^^
  File "/usr/local/lib/python3.11/logging/__init__.py", line 690, in format
    s = self.formatMessage(record)
        ^^^^^^^^^^^^^^^^^^^^^^^^^^
  File "/usr/local/lib/python3.11/logging/__init__.py", line 659, in formatMessage
    return self._style.format(record)
           ^^^^^^^^^^^^^^^^^^^^^^^^^^
  File "/usr/local/lib/python3.11/logging/__init__.py", line 451, in format
    raise ValueError('Formatting field not found in record: %s' % e)
ValueError: Formatting field not found in record: 'request_id'
Call stack:
  File "/usr/local/lib/python3.11/threading.py", line 1002, in _bootstrap
    self._bootstrap_inner()
  File "/usr/local/lib/python3.11/threading.py", line 1045, in _bootstrap_inner
    self.run()
  File "/usr/local/lib/python3.11/threading.py", line 982, in run
    self._target(*self._args, **self._kwargs)
  File "/usr/local/lib/python3.11/socketserver.py", line 691, in process_request_thread
    self.finish_request(request, client_address)
  File "/usr/local/lib/python3.11/socketserver.py", line 361, in finish_request
    self.RequestHandlerClass(request, client_address, self)
  File "/usr/local/lib/python3.11/socketserver.py", line 755, in __init__
    self.handle()
  File "/usr/local/lib/python3.11/site-packages/werkzeug/serving.py", line 399, in handle
    super().handle()
  File "/usr/local/lib/python3.11/http/server.py", line 440, in handle
    self.handle_one_request()
  File "/usr/local/lib/python3.11/http/server.py", line 428, in handle_one_request
    method()
  File "/usr/local/lib/python3.11/site-packages/werkzeug/serving.py", line 371, in run_wsgi
    execute(self.server.app)
  File "/usr/local/lib/python3.11/site-packages/werkzeug/serving.py", line 335, in execute
    write(data)
  File "/usr/local/lib/python3.11/site-packages/werkzeug/serving.py", line 272, in write
    self.send_response(code, msg)
  File "/usr/local/lib/python3.11/http/server.py", line 505, in send_response
    self.log_request(code)
  File "/usr/local/lib/python3.11/site-packages/werkzeug/serving.py", line 468, in log_request
    self.log("info", '"%s" %s %s', msg, code, size)
  File "/usr/local/lib/python3.11/site-packages/werkzeug/serving.py", line 479, in log
    _log(
  File "/usr/local/lib/python3.11/site-packages/werkzeug/_internal.py", line 97, in _log
    getattr(_logger, type)(message.rstrip(), *args, **kwargs)
Message: '127.0.0.1 - - [25/Sep/2026 08:03:11] "%s" %s %s'
Arguments: ('GET /health HTTP/1.1', '200', '-')
--- Logging error ---
Traceback (most recent call last):
  File "/usr/local/lib/python3.11/logging/__init__.py", line 449, in format
    return self._format(record)
           ^^^^^^^^^^^^^^^^^^^^
  File "/usr/local/lib/python3.11/logging/__init__.py", line 445, in _format
    return self._fmt % values
           ~~~~~~~~~~^~~~~~~~
KeyError: 'request_id'

During handling of the above exception, another exception occurred:

Traceback (most recent call last):
  File "/usr/local/lib/python3.11/logging/__init__.py", line 1110, in emit
    msg = self.format(record)
          ^^^^^^^^^^^^^^^^^^^
  File "/usr/local/lib/python3.11/logging/__init__.py", line 953, in format
    return fmt.format(record)
           ^^^^^^^^^^^^^^^^^^
  File "/usr/local/lib/python3.11/logging/__init__.py", line 690, in format
    s = self.formatMessage(record)
        ^^^^^^^^^^^^^^^^^^^^^^^^^^
  File "/usr/local/lib/python3.11/logging/__init__.py", line 659, in formatMessage
    return self._style.format(record)
           ^^^^^^^^^^^^^^^^^^^^^^^^^^
  File "/usr/local/lib/python3.11/logging/__init__.py", line 451, in format
    raise ValueError('Formatting field not found in record: %s' % e)
ValueError: Formatting field not found in record: 'request_id'
Call stack:
  File "/usr/local/lib/python3.11/threading.py", line 1002, in _bootstrap
    self._bootstrap_inner()
  File "/usr/local/lib/python3.11/threading.py", line 1045, in _bootstrap_inner
    self.run()
  File "/usr/local/lib/python3.11/threading.py", line 982, in run
    self._target(*self._args, **self._kwargs)
  File "/usr/local/lib/python3.11/socketserver.py", line 691, in process_request_thread
    self.finish_request(request, client_address)
  File "/usr/local/lib/python3.11/socketserver.py", line 361, in finish_request
    self.RequestHandlerClass(request, client_address, self)
  File "/usr/local/lib/python3.11/socketserver.py", line 755, in __init__
    self.handle()
  File "/usr/local/lib/python3.11/site-packages/werkzeug/serving.py", line 399, in handle
    super().handle()
  File "/usr/local/lib/python3.11/http/server.py", line 440, in handle
    self.handle_one_request()
  File "/usr/local/lib/python3.11/http/server.py", line 428, in handle_one_request
    method()
  File "/usr/local/lib/python3.11/site-packages/werkzeug/serving.py", line 371, in run_wsgi
    execute(self.server.app)
  File "/usr/local/lib/python3.11/site-packages/werkzeug/serving.py", line 335, in execute
    write(data)
  File "/usr/local/lib/python3.11/site-packages/werkzeug/serving.py", line 272, in write
    self.send_response(code, msg)
  File "/usr/local/lib/python3.11/http/server.py", line 505, in send_response
    self.log_request(code)
  File "/usr/local/lib/python3.11/site-packages/werkzeug/serving.py", line 468, in log_request
    self.log("info", '"%s" %s %s', msg, code, size)
  File "/usr/local/lib/python3.11/site-packages/werkzeug/serving.py", line 479, in log
    _log(
  File "/usr/local/lib/python3.11/site-packages/werkzeug/_internal.py", line 97, in _log
    getattr(_logger, type)(message.rstrip(), *args, **kwargs)
Message: '127.0.0.1 - - [25/Sep/2026 08:03:21] "%s" %s %s'
Arguments: ('GET /health HTTP/1.1', '200', '-')
--- Logging error ---
Traceback (most recent call last):
  File "/usr/local/lib/python3.11/logging/__init__.py", line 449, in format
    return self._format(record)
           ^^^^^^^^^^^^^^^^^^^^
  File "/usr/local/lib/python3.11/logging/__init__.py", line 445, in _format
    return self._fmt % values
           ~~~~~~~~~~^~~~~~~~
KeyError: 'request_id'

During handling of the above exception, another exception occurred:

Traceback (most recent call last):
  File "/usr/local/lib/python3.11/logging/__init__.py", line 1110, in emit
    msg = self.format(record)
          ^^^^^^^^^^^^^^^^^^^
  File "/usr/local/lib/python3.11/logging/__init__.py", line 953, in format
    return fmt.format(record)
           ^^^^^^^^^^^^^^^^^^
  File "/usr/local/lib/python3.11/logging/__init__.py", line 690, in format
    s = self.formatMessage(record)
        ^^^^^^^^^^^^^^^^^^^^^^^^^^
  File "/usr/local/lib/python3.11/logging/__init__.py", line 659, in formatMessage
    return self._style.format(record)
           ^^^^^^^^^^^^^^^^^^^^^^^^^^
  File "/usr/local/lib/python3.11/logging/__init__.py", line 451, in format
    raise ValueError('Formatting field not found in record: %s' % e)
ValueError: Formatting field not found in record: 'request_id'
Call stack:
  File "/usr/local/lib/python3.11/threading.py", line 1002, in _bootstrap
    self._bootstrap_inner()
  File "/usr/local/lib/python3.11/threading.py", line 1045, in _bootstrap_inner
    self.run()
  File "/usr/local/lib/python3.11/threading.py", line 982, in run
    self._target(*self._args, **self._kwargs)
  File "/usr/local/lib/python3.11/socketserver.py", line 691, in process_request_thread
    self.finish_request(request, client_address)
  File "/usr/local/lib/python3.11/socketserver.py", line 361, in finish_request
    self.RequestHandlerClass(request, client_address, self)
  File "/usr/local/lib/python3.11/socketserver.py", line 755, in __init__
    self.handle()
  File "/usr/local/lib/python3.11/site-packages/werkzeug/serving.py", line 399, in handle
    super().handle()
  File "/usr/local/lib/python3.11/http/server.py", line 440, in handle
    self.handle_one_request()
  File "/usr/local/lib/python3.11/http/server.py", line 428, in handle_one_request
    method()
  File "/usr/local/lib/python3.11/site-packages/werkzeug/serving.py", line 371, in run_wsgi
    execute(self.server.app)
  File "/usr/local/lib/python3.11/site-packages/werkzeug/serving.py", line 335, in execute
    write(data)
  File "/usr/local/lib/python3.11/site-packages/werkzeug/serving.py", line 272, in write
    self.send_response(code, msg)
  File "/usr/local/lib/python3.11/http/server.py", line 505, in send_response
    self.log_request(code)
  File "/usr/local/lib/python3.11/site-packages/werkzeug/serving.py", line 468, in log_request
    self.log("info", '"%s" %s %s', msg, code, size)
  File "/usr/local/lib/python3.11/site-packages/werkzeug/serving.py", line 479, in log
    _log(
  File "/usr/local/lib/python3.11/site-packages/werkzeug/_internal.py", line 97, in _log
    getattr(_logger, type)(message.rstrip(), *args, **kwargs)
Message: '127.0.0.1 - - [25/Sep/2026 08:03:31] "%s" %s %s'
Arguments: ('GET /health HTTP/1.1', '200', '-')
--- Logging error ---
Traceback (most recent call last):
  File "/usr/local/lib/python3.11/logging/__init__.py", line 449, in format
    return self._format(record)
           ^^^^^^^^^^^^^^^^^^^^
  File "/usr/local/lib/python3.11/logging/__init__.py", line 445, in _format
    return self._fmt % values
           ~~~~~~~~~~^~~~~~~~
KeyError: 'request_id'

During handling of the above exception, another exception occurred:

Traceback (most recent call last):
  File "/usr/local/lib/python3.11/logging/__init__.py", line 1110, in emit
    msg = self.format(record)
          ^^^^^^^^^^^^^^^^^^^
  File "/usr/local/lib/python3.11/logging/__init__.py", line 953, in format
    return fmt.format(record)
           ^^^^^^^^^^^^^^^^^^
  File "/usr/local/lib/python3.11/logging/__init__.py", line 690, in format
    s = self.formatMessage(record)
        ^^^^^^^^^^^^^^^^^^^^^^^^^^
  File "/usr/local/lib/python3.11/logging/__init__.py", line 659, in formatMessage
    return self._style.format(record)
           ^^^^^^^^^^^^^^^^^^^^^^^^^^
  File "/usr/local/lib/python3.11/logging/__init__.py", line 451, in format
    raise ValueError('Formatting field not found in record: %s' % e)
ValueError: Formatting field not found in record: 'request_id'
Call stack:
  File "/usr/local/lib/python3.11/threading.py", line 1002, in _bootstrap
    self._bootstrap_inner()
  File "/usr/local/lib/python3.11/threading.py", line 1045, in _bootstrap_inner
    self.run()
  File "/usr/local/lib/python3.11/threading.py", line 982, in run
    self._target(*self._args, **self._kwargs)
  File "/usr/local/lib/python3.11/socketserver.py", line 691, in process_request_thread
    self.finish_request(request, client_address)
  File "/usr/local/lib/python3.11/socketserver.py", line 361, in finish_request
    self.RequestHandlerClass(request, client_address, self)
  File "/usr/local/lib/python3.11/socketserver.py", line 755, in __init__
    self.handle()
  File "/usr/local/lib/python3.11/site-packages/werkzeug/serving.py", line 399, in handle
    super().handle()
  File "/usr/local/lib/python3.11/http/server.py", line 440, in handle
    self.handle_one_request()
  File "/usr/local/lib/python3.11/http/server.py", line 428, in handle_one_request
    method()
  File "/usr/local/lib/python3.11/site-packages/werkzeug/serving.py", line 371, in run_wsgi
    execute(self.server.app)
  File "/usr/local/lib/python3.11/site-packages/werkzeug/serving.py", line 335, in execute
    write(data)
  File "/usr/local/lib/python3.11/site-packages/werkzeug/serving.py", line 272, in write
    self.send_response(code, msg)
  File "/usr/local/lib/python3.11/http/server.py", line 505, in send_response
    self.log_request(code)
  File "/usr/local/lib/python3.11/site-packages/werkzeug/serving.py", line 468, in log_request
    self.log("info", '"%s" %s %s', msg, code, size)
  File "/usr/local/lib/python3.11/site-packages/werkzeug/serving.py", line 479, in log
    _log(
  File "/usr/local/lib/python3.11/site-packages/werkzeug/_internal.py", line 97, in _log
    getattr(_logger, type)(message.rstrip(), *args, **kwargs)
Message: '127.0.0.1 - - [25/Sep/2026 08:03:41] "%s" %s %s'
Arguments: ('GET /health HTTP/1.1', '200', '-')
--- Logging error ---
Traceback (most recent call last):
  File "/usr/local/lib/python3.11/logging/__init__.py", line 449, in format
    return self._format(record)
           ^^^^^^^^^^^^^^^^^^^^
  File "/usr/local/lib/python3.11/logging/__init__.py", line 445, in _format
    return self._fmt % values
           ~~~~~~~~~~^~~~~~~~
KeyError: 'request_id'

During handling of the above exception, another exception occurred:

Traceback (most recent call last):
  File "/usr/local/lib/python3.11/logging/__init__.py", line 1110, in emit
    msg = self.format(record)
          ^^^^^^^^^^^^^^^^^^^
  File "/usr/local/lib/python3.11/logging/__init__.py", line 953, in format
    return fmt.format(record)
           ^^^^^^^^^^^^^^^^^^
  File "/usr/local/lib/python3.11/logging/__init__.py", line 690, in format
    s = self.formatMessage(record)
        ^^^^^^^^^^^^^^^^^^^^^^^^^^
  File "/usr/local/lib/python3.11/logging/__init__.py", line 659, in formatMessage
    return self._style.format(record)
           ^^^^^^^^^^^^^^^^^^^^^^^^^^
  File "/usr/local/lib/python3.11/logging/__init__.py", line 451, in format
    raise ValueError('Formatting field not found in record: %s' % e)
ValueError: Formatting field not found in record: 'request_id'
Call stack:
  File "/usr/local/lib/python3.11/threading.py", line 1002, in _bootstrap
    self._bootstrap_inner()
  File "/usr/local/lib/python3.11/threading.py", line 1045, in _bootstrap_inner
    self.run()
  File "/usr/local/lib/python3.11/threading.py", line 982, in run
    self._target(*self._args, **self._kwargs)
  File "/usr/local/lib/python3.11/socketserver.py", line 691, in process_request_thread
    self.finish_request(request, client_address)
  File "/usr/local/lib/python3.11/socketserver.py", line 361, in finish_request
    self.RequestHandlerClass(request, client_address, self)
  File "/usr/local/lib/python3.11/socketserver.py", line 755, in __init__
    self.handle()
  File "/usr/local/lib/python3.11/site-packages/werkzeug/serving.py", line 399, in handle
    super().handle()
  File "/usr/local/lib/python3.11/http/server.py", line 440, in handle
    self.handle_one_request()
  File "/usr/local/lib/python3.11/http/server.py", line 428, in handle_one_request
    method()
  File "/usr/local/lib/python3.11/site-packages/werkzeug/serving.py", line 371, in run_wsgi
    execute(self.server.app)
  File "/usr/local/lib/python3.11/site-packages/werkzeug/serving.py", line 335, in execute
    write(data)
  File "/usr/local/lib/python3.11/site-packages/werkzeug/serving.py", line 272, in write
    self.send_response(code, msg)
  File "/usr/local/lib/python3.11/http/server.py", line 505, in send_response
    self.log_request(code)
  File "/usr/local/lib/python3.11/site-packages/werkzeug/serving.py", line 468, in log_request
    self.log("info", '"%s" %s %s', msg, code, size)
  File "/usr/local/lib/python3.11/site-packages/werkzeug/serving.py", line 479, in log
    _log(
  File "/usr/local/lib/python3.11/site-packages/werkzeug/_internal.py", line 97, in _log
    getattr(_logger, type)(message.rstrip(), *args, **kwargs)
Message: '127.0.0.1 - - [25/Sep/2026 08:03:51] "%s" %s %s'
Arguments: ('GET /health HTTP/1.1', '200', '-')
--- Logging error ---
Traceback (most recent call last):
  File "/usr/local/lib/python3.11/logging/__init__.py", line 449, in format
    return self._format(record)
           ^^^^^^^^^^^^^^^^^^^^
  File "/usr/local/lib/python3.11/logging/__init__.py", line 445, in _format
    return self._fmt % values
           ~~~~~~~~~~^~~~~~~~
KeyError: 'request_id'

During handling of the above exception, another exception occurred:

Traceback (most recent call last):
  File "/usr/local/lib/python3.11/logging/__init__.py", line 1110, in emit
    msg = self.format(record)
          ^^^^^^^^^^^^^^^^^^^
  File "/usr/local/lib/python3.11/logging/__init__.py", line 953, in format
    return fmt.format(record)
           ^^^^^^^^^^^^^^^^^^
  File "/usr/local/lib/python3.11/logging/__init__.py", line 690, in format
    s = self.formatMessage(record)
        ^^^^^^^^^^^^^^^^^^^^^^^^^^
  File "/usr/local/lib/python3.11/logging/__init__.py", line 659, in formatMessage
    return self._style.format(record)
           ^^^^^^^^^^^^^^^^^^^^^^^^^^
  File "/usr/local/lib/python3.11/logging/__init__.py", line 451, in format
    raise ValueError('Formatting field not found in record: %s' % e)
ValueError: Formatting field not found in record: 'request_id'
Call stack:
  File "/usr/local/lib/python3.11/threading.py", line 1002, in _bootstrap
    self._bootstrap_inner()
  File "/usr/local/lib/python3.11/threading.py", line 1045, in _bootstrap_inner
    self.run()
  File "/usr/local/lib/python3.11/threading.py", line 982, in run
    self._target(*self._args, **self._kwargs)
  File "/usr/local/lib/python3.11/socketserver.py", line 691, in process_request_thread
    self.finish_request(request, client_address)
  File "/usr/local/lib/python3.11/socketserver.py", line 361, in finish_request
    self.RequestHandlerClass(request, client_address, self)
  File "/usr/local/lib/python3.11/socketserver.py", line 755, in __init__
    self.handle()
  File "/usr/local/lib/python3.11/site-packages/werkzeug/serving.py", line 399, in handle
    super().handle()
  File "/usr/local/lib/python3.11/http/server.py", line 440, in handle
    self.handle_one_request()
  File "/usr/local/lib/python3.11/http/server.py", line 428, in handle_one_request
    method()
  File "/usr/local/lib/python3.11/site-packages/werkzeug/serving.py", line 371, in run_wsgi
    execute(self.server.app)
  File "/usr/local/lib/python3.11/site-packages/werkzeug/serving.py", line 335, in execute
    write(data)
  File "/usr/local/lib/python3.11/site-packages/werkzeug/serving.py", line 272, in write
    self.send_response(code, msg)
  File "/usr/local/lib/python3.11/http/server.py", line 505, in send_response
    self.log_request(code)
  File "/usr/local/lib/python3.11/site-packages/werkzeug/serving.py", line 468, in log_request
    self.log("info", '"%s" %s %s', msg, code, size)
  File "/usr/local/lib/python3.11/site-packages/werkzeug/serving.py", line 479, in log
    _log(
  File "/usr/local/lib/python3.11/site-packages/werkzeug/_internal.py", line 97, in _log
    getattr(_logger, type)(message.rstrip(), *args, **kwargs)
Message: '127.0.0.1 - - [25/Sep/2026 08:04:01] "%s" %s %s'
Arguments: ('GET /health HTTP/1.1', '200', '-')
--- Logging error ---
Traceback (most recent call last):
  File "/usr/local/lib/python3.11/logging/__init__.py", line 449, in format
    return self._format(record)
           ^^^^^^^^^^^^^^^^^^^^
  File "/usr/local/lib/python3.11/logging/__init__.py", line 445, in _format
    return self._fmt % values
           ~~~~~~~~~~^~~~~~~~
KeyError: 'request_id'

During handling of the above exception, another exception occurred:

Traceback (most recent call last):
  File "/usr/local/lib/python3.11/logging/__init__.py", line 1110, in emit
    msg = self.format(record)
          ^^^^^^^^^^^^^^^^^^^
  File "/usr/local/lib/python3.11/logging/__init__.py", line 953, in format
    return fmt.format(record)
           ^^^^^^^^^^^^^^^^^^
  File "/usr/local/lib/python3.11/logging/__init__.py", line 690, in format
    s = self.formatMessage(record)
        ^^^^^^^^^^^^^^^^^^^^^^^^^^
  File "/usr/local/lib/python3.11/logging/__init__.py", line 659, in formatMessage
    return self._style.format(record)
           ^^^^^^^^^^^^^^^^^^^^^^^^^^
  File "/usr/local/lib/python3.11/logging/__init__.py", line 451, in format
    raise ValueError('Formatting field not found in record: %s' % e)
ValueError: Formatting field not found in record: 'request_id'
Call stack:
  File "/usr/local/lib/python3.11/threading.py", line 1002, in _bootstrap
    self._bootstrap_inner()
  File "/usr/local/lib/python3.11/threading.py", line 1045, in _bootstrap_inner
    self.run()
  File "/usr/local/lib/python3.11/threading.py", line 982, in run
    self._target(*self._args, **self._kwargs)
  File "/usr/local/lib/python3.11/socketserver.py", line 691, in process_request_thread
    self.finish_request(request, client_address)
  File "/usr/local/lib/python3.11/socketserver.py", line 361, in finish_request
    self.RequestHandlerClass(request, client_address, self)
  File "/usr/local/lib/python3.11/socketserver.py", line 755, in __init__
    self.handle()
  File "/usr/local/lib/python3.11/site-packages/werkzeug/serving.py", line 399, in handle
    super().handle()
  File "/usr/local/lib/python3.11/http/server.py", line 440, in handle
    self.handle_one_request()
  File "/usr/local/lib/python3.11/http/server.py", line 428, in handle_one_request
    method()
  File "/usr/local/lib/python3.11/site-packages/werkzeug/serving.py", line 371, in run_wsgi
    execute(self.server.app)
  File "/usr/local/lib/python3.11/site-packages/werkzeug/serving.py", line 335, in execute
    write(data)
  File "/usr/local/lib/python3.11/site-packages/werkzeug/serving.py", line 272, in write
    self.send_response(code, msg)
  File "/usr/local/lib/python3.11/http/server.py", line 505, in send_response
    self.log_request(code)
  File "/usr/local/lib/python3.11/site-packages/werkzeug/serving.py", line 468, in log_request
    self.log("info", '"%s" %s %s', msg, code, size)
  File "/usr/local/lib/python3.11/site-packages/werkzeug/serving.py", line 479, in log
    _log(
  File "/usr/local/lib/python3.11/site-packages/werkzeug/_internal.py", line 97, in _log
    getattr(_logger, type)(message.rstrip(), *args, **kwargs)
Message: '127.0.0.1 - - [25/Sep/2026 08:04:12] "%s" %s %s'
Arguments: ('GET /health HTTP/1.1', '200', '-')
--- Logging error ---
Traceback (most recent call last):
  File "/usr/local/lib/python3.11/logging/__init__.py", line 449, in format
    return self._format(record)
           ^^^^^^^^^^^^^^^^^^^^
  File "/usr/local/lib/python3.11/logging/__init__.py", line 445, in _format
    return self._fmt % values
           ~~~~~~~~~~^~~~~~~~
KeyError: 'request_id'

During handling of the above exception, another exception occurred:

Traceback (most recent call last):
  File "/usr/local/lib/python3.11/logging/__init__.py", line 1110, in emit
    msg = self.format(record)
          ^^^^^^^^^^^^^^^^^^^
  File "/usr/local/lib/python3.11/logging/__init__.py", line 953, in format
    return fmt.format(record)
           ^^^^^^^^^^^^^^^^^^
  File "/usr/local/lib/python3.11/logging/__init__.py", line 690, in format
    s = self.formatMessage(record)
        ^^^^^^^^^^^^^^^^^^^^^^^^^^
  File "/usr/local/lib/python3.11/logging/__init__.py", line 659, in formatMessage
    return self._style.format(record)
           ^^^^^^^^^^^^^^^^^^^^^^^^^^
  File "/usr/local/lib/python3.11/logging/__init__.py", line 451, in format
    raise ValueError('Formatting field not found in record: %s' % e)
ValueError: Formatting field not found in record: 'request_id'
Call stack:
  File "/usr/local/lib/python3.11/threading.py", line 1002, in _bootstrap
    self._bootstrap_inner()
  File "/usr/local/lib/python3.11/threading.py", line 1045, in _bootstrap_inner
    self.run()
  File "/usr/local/lib/python3.11/threading.py", line 982, in run
    self._target(*self._args, **self._kwargs)
  File "/usr/local/lib/python3.11/socketserver.py", line 691, in process_request_thread
    self.finish_request(request, client_address)
  File "/usr/local/lib/python3.11/socketserver.py", line 361, in finish_request
    self.RequestHandlerClass(request, client_address, self)
  File "/usr/local/lib/python3.11/socketserver.py", line 755, in __init__
    self.handle()
  File "/usr/local/lib/python3.11/site-packages/werkzeug/serving.py", line 399, in handle
    super().handle()
  File "/usr/local/lib/python3.11/http/server.py", line 440, in handle
    self.handle_one_request()
  File "/usr/local/lib/python3.11/http/server.py", line 428, in handle_one_request
    method()
  File "/usr/local/lib/python3.11/site-packages/werkzeug/serving.py", line 371, in run_wsgi
    execute(self.server.app)
  File "/usr/local/lib/python3.11/site-packages/werkzeug/serving.py", line 335, in execute
    write(data)
  File "/usr/local/lib/python3.11/site-packages/werkzeug/serving.py", line 272, in write
    self.send_response(code, msg)
  File "/usr/local/lib/python3.11/http/server.py", line 505, in send_response
    self.log_request(code)
  File "/usr/local/lib/python3.11/site-packages/werkzeug/serving.py", line 468, in log_request
    self.log("info", '"%s" %s %s', msg, code, size)
  File "/usr/local/lib/python3.11/site-packages/werkzeug/serving.py", line 479, in log
    _log(
  File "/usr/local/lib/python3.11/site-packages/werkzeug/_internal.py", line 97, in _log
    getattr(_logger, type)(message.rstrip(), *args, **kwargs)
Message: '127.0.0.1 - - [25/Sep/2026 08:04:22] "%s" %s %s'
Arguments: ('GET /health HTTP/1.1', '200', '-')
--- Logging error ---
Traceback (most recent call last):
  File "/usr/local/lib/python3.11/logging/__init__.py", line 449, in format
    return self._format(record)
           ^^^^^^^^^^^^^^^^^^^^
  File "/usr/local/lib/python3.11/logging/__init__.py", line 445, in _format
    return self._fmt % values
           ~~~~~~~~~~^~~~~~~~
KeyError: 'request_id'

During handling of the above exception, another exception occurred:

Traceback (most recent call last):
  File "/usr/local/lib/python3.11/logging/__init__.py", line 1110, in emit
    msg = self.format(record)
          ^^^^^^^^^^^^^^^^^^^
  File "/usr/local/lib/python3.11/logging/__init__.py", line 953, in format
    return fmt.format(record)
           ^^^^^^^^^^^^^^^^^^
  File "/usr/local/lib/python3.11/logging/__init__.py", line 690, in format
    s = self.formatMessage(record)
        ^^^^^^^^^^^^^^^^^^^^^^^^^^
  File "/usr/local/lib/python3.11/logging/__init__.py", line 659, in formatMessage
    return self._style.format(record)
           ^^^^^^^^^^^^^^^^^^^^^^^^^^
  File "/usr/local/lib/python3.11/logging/__init__.py", line 451, in format
    raise ValueError('Formatting field not found in record: %s' % e)
ValueError: Formatting field not found in record: 'request_id'
Call stack:
  File "/usr/local/lib/python3.11/threading.py", line 1002, in _bootstrap
    self._bootstrap_inner()
  File "/usr/local/lib/python3.11/threading.py", line 1045, in _bootstrap_inner
    self.run()
  File "/usr/local/lib/python3.11/threading.py", line 982, in run
    self._target(*self._args, **self._kwargs)
  File "/usr/local/lib/python3.11/socketserver.py", line 691, in process_request_thread
    self.finish_request(request, client_address)
  File "/usr/local/lib/python3.11/socketserver.py", line 361, in finish_request
    self.RequestHandlerClass(request, client_address, self)
  File "/usr/local/lib/python3.11/socketserver.py", line 755, in __init__
    self.handle()
  File "/usr/local/lib/python3.11/site-packages/werkzeug/serving.py", line 399, in handle
    super().handle()
  File "/usr/local/lib/python3.11/http/server.py", line 440, in handle
    self.handle_one_request()
  File "/usr/local/lib/python3.11/http/server.py", line 428, in handle_one_request
    method()
  File "/usr/local/lib/python3.11/site-packages/werkzeug/serving.py", line 371, in run_wsgi
    execute(self.server.app)
  File "/usr/local/lib/python3.11/site-packages/werkzeug/serving.py", line 335, in execute
    write(data)
  File "/usr/local/lib/python3.11/site-packages/werkzeug/serving.py", line 272, in write
    self.send_response(code, msg)
  File "/usr/local/lib/python3.11/http/server.py", line 505, in send_response
    self.log_request(code)
  File "/usr/local/lib/python3.11/site-packages/werkzeug/serving.py", line 468, in log_request
    self.log("info", '"%s" %s %s', msg, code, size)
  File "/usr/local/lib/python3.11/site-packages/werkzeug/serving.py", line 479, in log
    _log(
  File "/usr/local/lib/python3.11/site-packages/werkzeug/_internal.py", line 97, in _log
    getattr(_logger, type)(message.rstrip(), *args, **kwargs)
Message: '127.0.0.1 - - [25/Sep/2026 08:04:32] "%s" %s %s'
Arguments: ('GET /health HTTP/1.1', '200', '-')
08:04:39 INFO  backend req=fa424505 validate OK -> goi ai-service
08:04:40 INFO  backend req=fa424505 200 OK (4 model) total 324.4ms, saved history
--- Logging error ---
Traceback (most recent call last):
  File "/usr/local/lib/python3.11/logging/__init__.py", line 449, in format
    return self._format(record)
           ^^^^^^^^^^^^^^^^^^^^
  File "/usr/local/lib/python3.11/logging/__init__.py", line 445, in _format
    return self._fmt % values
           ~~~~~~~~~~^~~~~~~~
KeyError: 'request_id'

During handling of the above exception, another exception occurred:

Traceback (most recent call last):
  File "/usr/local/lib/python3.11/logging/__init__.py", line 1110, in emit
    msg = self.format(record)
          ^^^^^^^^^^^^^^^^^^^
  File "/usr/local/lib/python3.11/logging/__init__.py", line 953, in format
    return fmt.format(record)
           ^^^^^^^^^^^^^^^^^^
  File "/usr/local/lib/python3.11/logging/__init__.py", line 690, in format
    s = self.formatMessage(record)
        ^^^^^^^^^^^^^^^^^^^^^^^^^^
  File "/usr/local/lib/python3.11/logging/__init__.py", line 659, in formatMessage
    return self._style.format(record)
           ^^^^^^^^^^^^^^^^^^^^^^^^^^
  File "/usr/local/lib/python3.11/logging/__init__.py", line 451, in format
    raise ValueError('Formatting field not found in record: %s' % e)
ValueError: Formatting field not found in record: 'request_id'
Call stack:
  File "/usr/local/lib/python3.11/threading.py", line 1002, in _bootstrap
    self._bootstrap_inner()
  File "/usr/local/lib/python3.11/threading.py", line 1045, in _bootstrap_inner
    self.run()
  File "/usr/local/lib/python3.11/threading.py", line 982, in run
    self._target(*self._args, **self._kwargs)
  File "/usr/local/lib/python3.11/socketserver.py", line 691, in process_request_thread
    self.finish_request(request, client_address)
  File "/usr/local/lib/python3.11/socketserver.py", line 361, in finish_request
    self.RequestHandlerClass(request, client_address, self)
  File "/usr/local/lib/python3.11/socketserver.py", line 755, in __init__
    self.handle()
  File "/usr/local/lib/python3.11/site-packages/werkzeug/serving.py", line 399, in handle
    super().handle()
  File "/usr/local/lib/python3.11/http/server.py", line 440, in handle
    self.handle_one_request()
  File "/usr/local/lib/python3.11/http/server.py", line 428, in handle_one_request
    method()
  File "/usr/local/lib/python3.11/site-packages/werkzeug/serving.py", line 371, in run_wsgi
    execute(self.server.app)
  File "/usr/local/lib/python3.11/site-packages/werkzeug/serving.py", line 335, in execute
    write(data)
  File "/usr/local/lib/python3.11/site-packages/werkzeug/serving.py", line 272, in write
    self.send_response(code, msg)
  File "/usr/local/lib/python3.11/http/server.py", line 505, in send_response
    self.log_request(code)
  File "/usr/local/lib/python3.11/site-packages/werkzeug/serving.py", line 468, in log_request
    self.log("info", '"%s" %s %s', msg, code, size)
  File "/usr/local/lib/python3.11/site-packages/werkzeug/serving.py", line 479, in log
    _log(
  File "/usr/local/lib/python3.11/site-packages/werkzeug/_internal.py", line 97, in _log
    getattr(_logger, type)(message.rstrip(), *args, **kwargs)
Message: '172.20.0.4 - - [25/Sep/2026 08:04:40] "%s" %s %s'
Arguments: ('POST /api/predict HTTP/1.0', '200', '-')
--- Logging error ---
Traceback (most recent call last):
  File "/usr/local/lib/python3.11/logging/__init__.py", line 449, in format
    return self._format(record)
           ^^^^^^^^^^^^^^^^^^^^
  File "/usr/local/lib/python3.11/logging/__init__.py", line 445, in _format
    return self._fmt % values
           ~~~~~~~~~~^~~~~~~~
KeyError: 'request_id'

During handling of the above exception, another exception occurred:

Traceback (most recent call last):
  File "/usr/local/lib/python3.11/logging/__init__.py", line 1110, in emit
    msg = self.format(record)
          ^^^^^^^^^^^^^^^^^^^
  File "/usr/local/lib/python3.11/logging/__init__.py", line 953, in format
    return fmt.format(record)
           ^^^^^^^^^^^^^^^^^^
  File "/usr/local/lib/python3.11/logging/__init__.py", line 690, in format
    s = self.formatMessage(record)
        ^^^^^^^^^^^^^^^^^^^^^^^^^^
  File "/usr/local/lib/python3.11/logging/__init__.py", line 659, in formatMessage
    return self._style.format(record)
           ^^^^^^^^^^^^^^^^^^^^^^^^^^
  File "/usr/local/lib/python3.11/logging/__init__.py", line 451, in format
    raise ValueError('Formatting field not found in record: %s' % e)
ValueError: Formatting field not found in record: 'request_id'
Call stack:
  File "/usr/local/lib/python3.11/threading.py", line 1002, in _bootstrap
    self._bootstrap_inner()
  File "/usr/local/lib/python3.11/threading.py", line 1045, in _bootstrap_inner
    self.run()
  File "/usr/local/lib/python3.11/threading.py", line 982, in run
    self._target(*self._args, **self._kwargs)
  File "/usr/local/lib/python3.11/socketserver.py", line 691, in process_request_thread
    self.finish_request(request, client_address)
  File "/usr/local/lib/python3.11/socketserver.py", line 361, in finish_request
    self.RequestHandlerClass(request, client_address, self)
  File "/usr/local/lib/python3.11/socketserver.py", line 755, in __init__
    self.handle()
  File "/usr/local/lib/python3.11/site-packages/werkzeug/serving.py", line 399, in handle
    super().handle()
  File "/usr/local/lib/python3.11/http/server.py", line 440, in handle
    self.handle_one_request()
  File "/usr/local/lib/python3.11/http/server.py", line 428, in handle_one_request
    method()
  File "/usr/local/lib/python3.11/site-packages/werkzeug/serving.py", line 371, in run_wsgi
    execute(self.server.app)
  File "/usr/local/lib/python3.11/site-packages/werkzeug/serving.py", line 335, in execute
    write(data)
  File "/usr/local/lib/python3.11/site-packages/werkzeug/serving.py", line 272, in write
    self.send_response(code, msg)
  File "/usr/local/lib/python3.11/http/server.py", line 505, in send_response
    self.log_request(code)
  File "/usr/local/lib/python3.11/site-packages/werkzeug/serving.py", line 468, in log_request
    self.log("info", '"%s" %s %s', msg, code, size)
  File "/usr/local/lib/python3.11/site-packages/werkzeug/serving.py", line 479, in log
    _log(
  File "/usr/local/lib/python3.11/site-packages/werkzeug/_internal.py", line 97, in _log
    getattr(_logger, type)(message.rstrip(), *args, **kwargs)
Message: '127.0.0.1 - - [25/Sep/2026 08:04:42] "%s" %s %s'
Arguments: ('GET /health HTTP/1.1', '200', '-')
--- Logging error ---
Traceback (most recent call last):
  File "/usr/local/lib/python3.11/logging/__init__.py", line 449, in format
    return self._format(record)
           ^^^^^^^^^^^^^^^^^^^^
  File "/usr/local/lib/python3.11/logging/__init__.py", line 445, in _format
    return self._fmt % values
           ~~~~~~~~~~^~~~~~~~
KeyError: 'request_id'

During handling of the above exception, another exception occurred:

Traceback (most recent call last):
  File "/usr/local/lib/python3.11/logging/__init__.py", line 1110, in emit
    msg = self.format(record)
          ^^^^^^^^^^^^^^^^^^^
  File "/usr/local/lib/python3.11/logging/__init__.py", line 953, in format
    return fmt.format(record)
           ^^^^^^^^^^^^^^^^^^
  File "/usr/local/lib/python3.11/logging/__init__.py", line 690, in format
    s = self.formatMessage(record)
        ^^^^^^^^^^^^^^^^^^^^^^^^^^
  File "/usr/local/lib/python3.11/logging/__init__.py", line 659, in formatMessage
    return self._style.format(record)
           ^^^^^^^^^^^^^^^^^^^^^^^^^^
  File "/usr/local/lib/python3.11/logging/__init__.py", line 451, in format
    raise ValueError('Formatting field not found in record: %s' % e)
ValueError: Formatting field not found in record: 'request_id'
Call stack:
  File "/usr/local/lib/python3.11/threading.py", line 1002, in _bootstrap
    self._bootstrap_inner()
  File "/usr/local/lib/python3.11/threading.py", line 1045, in _bootstrap_inner
    self.run()
  File "/usr/local/lib/python3.11/threading.py", line 982, in run
    self._target(*self._args, **self._kwargs)
  File "/usr/local/lib/python3.11/socketserver.py", line 691, in process_request_thread
    self.finish_request(request, client_address)
  File "/usr/local/lib/python3.11/socketserver.py", line 361, in finish_request
    self.RequestHandlerClass(request, client_address, self)
  File "/usr/local/lib/python3.11/socketserver.py", line 755, in __init__
    self.handle()
  File "/usr/local/lib/python3.11/site-packages/werkzeug/serving.py", line 399, in handle
    super().handle()
  File "/usr/local/lib/python3.11/http/server.py", line 440, in handle
    self.handle_one_request()
  File "/usr/local/lib/python3.11/http/server.py", line 428, in handle_one_request
    method()
  File "/usr/local/lib/python3.11/site-packages/werkzeug/serving.py", line 371, in run_wsgi
    execute(self.server.app)
  File "/usr/local/lib/python3.11/site-packages/werkzeug/serving.py", line 335, in execute
    write(data)
  File "/usr/local/lib/python3.11/site-packages/werkzeug/serving.py", line 272, in write
    self.send_response(code, msg)
  File "/usr/local/lib/python3.11/http/server.py", line 505, in send_response
    self.log_request(code)
  File "/usr/local/lib/python3.11/site-packages/werkzeug/serving.py", line 468, in log_request
    self.log("info", '"%s" %s %s', msg, code, size)
  File "/usr/local/lib/python3.11/site-packages/werkzeug/serving.py", line 479, in log
    _log(
  File "/usr/local/lib/python3.11/site-packages/werkzeug/_internal.py", line 97, in _log
    getattr(_logger, type)(message.rstrip(), *args, **kwargs)
Message: '127.0.0.1 - - [25/Sep/2026 08:04:52] "%s" %s %s'
Arguments: ('GET /health HTTP/1.1', '200', '-')
--- Logging error ---
Traceback (most recent call last):
  File "/usr/local/lib/python3.11/logging/__init__.py", line 449, in format
    return self._format(record)
           ^^^^^^^^^^^^^^^^^^^^
  File "/usr/local/lib/python3.11/logging/__init__.py", line 445, in _format
    return self._fmt % values
           ~~~~~~~~~~^~~~~~~~
KeyError: 'request_id'

During handling of the above exception, another exception occurred:

Traceback (most recent call last):
  File "/usr/local/lib/python3.11/logging/__init__.py", line 1110, in emit
    msg = self.format(record)
          ^^^^^^^^^^^^^^^^^^^
  File "/usr/local/lib/python3.11/logging/__init__.py", line 953, in format
    return fmt.format(record)
           ^^^^^^^^^^^^^^^^^^
  File "/usr/local/lib/python3.11/logging/__init__.py", line 690, in format
    s = self.formatMessage(record)
        ^^^^^^^^^^^^^^^^^^^^^^^^^^
  File "/usr/local/lib/python3.11/logging/__init__.py", line 659, in formatMessage
    return self._style.format(record)
           ^^^^^^^^^^^^^^^^^^^^^^^^^^
  File "/usr/local/lib/python3.11/logging/__init__.py", line 451, in format
    raise ValueError('Formatting field not found in record: %s' % e)
ValueError: Formatting field not found in record: 'request_id'
Call stack:
  File "/usr/local/lib/python3.11/threading.py", line 1002, in _bootstrap
    self._bootstrap_inner()
  File "/usr/local/lib/python3.11/threading.py", line 1045, in _bootstrap_inner
    self.run()
  File "/usr/local/lib/python3.11/threading.py", line 982, in run
    self._target(*self._args, **self._kwargs)
  File "/usr/local/lib/python3.11/socketserver.py", line 691, in process_request_thread
    self.finish_request(request, client_address)
  File "/usr/local/lib/python3.11/socketserver.py", line 361, in finish_request
    self.RequestHandlerClass(request, client_address, self)
  File "/usr/local/lib/python3.11/socketserver.py", line 755, in __init__
    self.handle()
  File "/usr/local/lib/python3.11/site-packages/werkzeug/serving.py", line 399, in handle
    super().handle()
  File "/usr/local/lib/python3.11/http/server.py", line 440, in handle
    self.handle_one_request()
  File "/usr/local/lib/python3.11/http/server.py", line 428, in handle_one_request
    method()
  File "/usr/local/lib/python3.11/site-packages/werkzeug/serving.py", line 371, in run_wsgi
    execute(self.server.app)
  File "/usr/local/lib/python3.11/site-packages/werkzeug/serving.py", line 335, in execute
    write(data)
  File "/usr/local/lib/python3.11/site-packages/werkzeug/serving.py", line 272, in write
    self.send_response(code, msg)
  File "/usr/local/lib/python3.11/http/server.py", line 505, in send_response
    self.log_request(code)
  File "/usr/local/lib/python3.11/site-packages/werkzeug/serving.py", line 468, in log_request
    self.log("info", '"%s" %s %s', msg, code, size)
  File "/usr/local/lib/python3.11/site-packages/werkzeug/serving.py", line 479, in log
    _log(
  File "/usr/local/lib/python3.11/site-packages/werkzeug/_internal.py", line 97, in _log
    getattr(_logger, type)(message.rstrip(), *args, **kwargs)
Message: '127.0.0.1 - - [25/Sep/2026 08:05:03] "%s" %s %s'
Arguments: ('GET /health HTTP/1.1', '200', '-')
--- Logging error ---
Traceback (most recent call last):
  File "/usr/local/lib/python3.11/logging/__init__.py", line 449, in format
    return self._format(record)
           ^^^^^^^^^^^^^^^^^^^^
  File "/usr/local/lib/python3.11/logging/__init__.py", line 445, in _format
    return self._fmt % values
           ~~~~~~~~~~^~~~~~~~
KeyError: 'request_id'

During handling of the above exception, another exception occurred:

Traceback (most recent call last):
  File "/usr/local/lib/python3.11/logging/__init__.py", line 1110, in emit
    msg = self.format(record)
          ^^^^^^^^^^^^^^^^^^^
  File "/usr/local/lib/python3.11/logging/__init__.py", line 953, in format
    return fmt.format(record)
           ^^^^^^^^^^^^^^^^^^
  File "/usr/local/lib/python3.11/logging/__init__.py", line 690, in format
    s = self.formatMessage(record)
        ^^^^^^^^^^^^^^^^^^^^^^^^^^
  File "/usr/local/lib/python3.11/logging/__init__.py", line 659, in formatMessage
    return self._style.format(record)
           ^^^^^^^^^^^^^^^^^^^^^^^^^^
  File "/usr/local/lib/python3.11/logging/__init__.py", line 451, in format
    raise ValueError('Formatting field not found in record: %s' % e)
ValueError: Formatting field not found in record: 'request_id'
Call stack:
  File "/usr/local/lib/python3.11/threading.py", line 1002, in _bootstrap
    self._bootstrap_inner()
  File "/usr/local/lib/python3.11/threading.py", line 1045, in _bootstrap_inner
    self.run()
  File "/usr/local/lib/python3.11/threading.py", line 982, in run
    self._target(*self._args, **self._kwargs)
  File "/usr/local/lib/python3.11/socketserver.py", line 691, in process_request_thread
    self.finish_request(request, client_address)
  File "/usr/local/lib/python3.11/socketserver.py", line 361, in finish_request
    self.RequestHandlerClass(request, client_address, self)
  File "/usr/local/lib/python3.11/socketserver.py", line 755, in __init__
    self.handle()
  File "/usr/local/lib/python3.11/site-packages/werkzeug/serving.py", line 399, in handle
    super().handle()
  File "/usr/local/lib/python3.11/http/server.py", line 440, in handle
    self.handle_one_request()
  File "/usr/local/lib/python3.11/http/server.py", line 428, in handle_one_request
    method()
  File "/usr/local/lib/python3.11/site-packages/werkzeug/serving.py", line 371, in run_wsgi
    execute(self.server.app)
  File "/usr/local/lib/python3.11/site-packages/werkzeug/serving.py", line 335, in execute
    write(data)
  File "/usr/local/lib/python3.11/site-packages/werkzeug/serving.py", line 272, in write
    self.send_response(code, msg)
  File "/usr/local/lib/python3.11/http/server.py", line 505, in send_response
    self.log_request(code)
  File "/usr/local/lib/python3.11/site-packages/werkzeug/serving.py", line 468, in log_request
    self.log("info", '"%s" %s %s', msg, code, size)
  File "/usr/local/lib/python3.11/site-packages/werkzeug/serving.py", line 479, in log
    _log(
  File "/usr/local/lib/python3.11/site-packages/werkzeug/_internal.py", line 97, in _log
    getattr(_logger, type)(message.rstrip(), *args, **kwargs)
Message: '127.0.0.1 - - [25/Sep/2026 08:05:13] "%s" %s %s'
Arguments: ('GET /health HTTP/1.1', '200', '-')
--- Logging error ---
Traceback (most recent call last):
  File "/usr/local/lib/python3.11/logging/__init__.py", line 449, in format
    return self._format(record)
           ^^^^^^^^^^^^^^^^^^^^
  File "/usr/local/lib/python3.11/logging/__init__.py", line 445, in _format
    return self._fmt % values
           ~~~~~~~~~~^~~~~~~~
KeyError: 'request_id'

During handling of the above exception, another exception occurred:

Traceback (most recent call last):
  File "/usr/local/lib/python3.11/logging/__init__.py", line 1110, in emit
    msg = self.format(record)
          ^^^^^^^^^^^^^^^^^^^
  File "/usr/local/lib/python3.11/logging/__init__.py", line 953, in format
    return fmt.format(record)
           ^^^^^^^^^^^^^^^^^^
  File "/usr/local/lib/python3.11/logging/__init__.py", line 690, in format
    s = self.formatMessage(record)
        ^^^^^^^^^^^^^^^^^^^^^^^^^^
  File "/usr/local/lib/python3.11/logging/__init__.py", line 659, in formatMessage
    return self._style.format(record)
           ^^^^^^^^^^^^^^^^^^^^^^^^^^
  File "/usr/local/lib/python3.11/logging/__init__.py", line 451, in format
    raise ValueError('Formatting field not found in record: %s' % e)
ValueError: Formatting field not found in record: 'request_id'
Call stack:
  File "/usr/local/lib/python3.11/threading.py", line 1002, in _bootstrap
    self._bootstrap_inner()
  File "/usr/local/lib/python3.11/threading.py", line 1045, in _bootstrap_inner
    self.run()
  File "/usr/local/lib/python3.11/threading.py", line 982, in run
    self._target(*self._args, **self._kwargs)
  File "/usr/local/lib/python3.11/socketserver.py", line 691, in process_request_thread
    self.finish_request(request, client_address)
  File "/usr/local/lib/python3.11/socketserver.py", line 361, in finish_request
    self.RequestHandlerClass(request, client_address, self)
  File "/usr/local/lib/python3.11/socketserver.py", line 755, in __init__
    self.handle()
  File "/usr/local/lib/python3.11/site-packages/werkzeug/serving.py", line 399, in handle
    super().handle()
  File "/usr/local/lib/python3.11/http/server.py", line 440, in handle
    self.handle_one_request()
  File "/usr/local/lib/python3.11/http/server.py", line 428, in handle_one_request
    method()
  File "/usr/local/lib/python3.11/site-packages/werkzeug/serving.py", line 371, in run_wsgi
    execute(self.server.app)
  File "/usr/local/lib/python3.11/site-packages/werkzeug/serving.py", line 335, in execute
    write(data)
  File "/usr/local/lib/python3.11/site-packages/werkzeug/serving.py", line 272, in write
    self.send_response(code, msg)
  File "/usr/local/lib/python3.11/http/server.py", line 505, in send_response
    self.log_request(code)
  File "/usr/local/lib/python3.11/site-packages/werkzeug/serving.py", line 468, in log_request
    self.log("info", '"%s" %s %s', msg, code, size)
  File "/usr/local/lib/python3.11/site-packages/werkzeug/serving.py", line 479, in log
    _log(
  File "/usr/local/lib/python3.11/site-packages/werkzeug/_internal.py", line 97, in _log
    getattr(_logger, type)(message.rstrip(), *args, **kwargs)
Message: '127.0.0.1 - - [25/Sep/2026 08:05:23] "%s" %s %s'
Arguments: ('GET /health HTTP/1.1', '200', '-')
--- Logging error ---
Traceback (most recent call last):
  File "/usr/local/lib/python3.11/logging/__init__.py", line 449, in format
    return self._format(record)
           ^^^^^^^^^^^^^^^^^^^^
  File "/usr/local/lib/python3.11/logging/__init__.py", line 445, in _format
    return self._fmt % values
           ~~~~~~~~~~^~~~~~~~
KeyError: 'request_id'

During handling of the above exception, another exception occurred:

Traceback (most recent call last):
  File "/usr/local/lib/python3.11/logging/__init__.py", line 1110, in emit
    msg = self.format(record)
          ^^^^^^^^^^^^^^^^^^^
  File "/usr/local/lib/python3.11/logging/__init__.py", line 953, in format
    return fmt.format(record)
           ^^^^^^^^^^^^^^^^^^
  File "/usr/local/lib/python3.11/logging/__init__.py", line 690, in format
    s = self.formatMessage(record)
        ^^^^^^^^^^^^^^^^^^^^^^^^^^
  File "/usr/local/lib/python3.11/logging/__init__.py", line 659, in formatMessage
    return self._style.format(record)
           ^^^^^^^^^^^^^^^^^^^^^^^^^^
  File "/usr/local/lib/python3.11/logging/__init__.py", line 451, in format
    raise ValueError('Formatting field not found in record: %s' % e)
ValueError: Formatting field not found in record: 'request_id'
Call stack:
  File "/usr/local/lib/python3.11/threading.py", line 1002, in _bootstrap
    self._bootstrap_inner()
  File "/usr/local/lib/python3.11/threading.py", line 1045, in _bootstrap_inner
    self.run()
  File "/usr/local/lib/python3.11/threading.py", line 982, in run
    self._target(*self._args, **self._kwargs)
  File "/usr/local/lib/python3.11/socketserver.py", line 691, in process_request_thread
    self.finish_request(request, client_address)
  File "/usr/local/lib/python3.11/socketserver.py", line 361, in finish_request
    self.RequestHandlerClass(request, client_address, self)
  File "/usr/local/lib/python3.11/socketserver.py", line 755, in __init__
    self.handle()
  File "/usr/local/lib/python3.11/site-packages/werkzeug/serving.py", line 399, in handle
    super().handle()
  File "/usr/local/lib/python3.11/http/server.py", line 440, in handle
    self.handle_one_request()
  File "/usr/local/lib/python3.11/http/server.py", line 428, in handle_one_request
    method()
  File "/usr/local/lib/python3.11/site-packages/werkzeug/serving.py", line 371, in run_wsgi
    execute(self.server.app)
  File "/usr/local/lib/python3.11/site-packages/werkzeug/serving.py", line 335, in execute
    write(data)
  File "/usr/local/lib/python3.11/site-packages/werkzeug/serving.py", line 272, in write
    self.send_response(code, msg)
  File "/usr/local/lib/python3.11/http/server.py", line 505, in send_response
    self.log_request(code)
  File "/usr/local/lib/python3.11/site-packages/werkzeug/serving.py", line 468, in log_request
    self.log("info", '"%s" %s %s', msg, code, size)
  File "/usr/local/lib/python3.11/site-packages/werkzeug/serving.py", line 479, in log
    _log(
  File "/usr/local/lib/python3.11/site-packages/werkzeug/_internal.py", line 97, in _log
    getattr(_logger, type)(message.rstrip(), *args, **kwargs)
Message: '127.0.0.1 - - [25/Sep/2026 08:05:33] "%s" %s %s'
Arguments: ('GET /health HTTP/1.1', '200', '-')
--- Logging error ---
Traceback (most recent call last):
  File "/usr/local/lib/python3.11/logging/__init__.py", line 449, in format
    return self._format(record)
           ^^^^^^^^^^^^^^^^^^^^
  File "/usr/local/lib/python3.11/logging/__init__.py", line 445, in _format
    return self._fmt % values
           ~~~~~~~~~~^~~~~~~~
KeyError: 'request_id'

During handling of the above exception, another exception occurred:

Traceback (most recent call last):
  File "/usr/local/lib/python3.11/logging/__init__.py", line 1110, in emit
    msg = self.format(record)
          ^^^^^^^^^^^^^^^^^^^
  File "/usr/local/lib/python3.11/logging/__init__.py", line 953, in format
    return fmt.format(record)
           ^^^^^^^^^^^^^^^^^^
  File "/usr/local/lib/python3.11/logging/__init__.py", line 690, in format
    s = self.formatMessage(record)
        ^^^^^^^^^^^^^^^^^^^^^^^^^^
  File "/usr/local/lib/python3.11/logging/__init__.py", line 659, in formatMessage
    return self._style.format(record)
           ^^^^^^^^^^^^^^^^^^^^^^^^^^
  File "/usr/local/lib/python3.11/logging/__init__.py", line 451, in format
    raise ValueError('Formatting field not found in record: %s' % e)
ValueError: Formatting field not found in record: 'request_id'
Call stack:
  File "/usr/local/lib/python3.11/threading.py", line 1002, in _bootstrap
    self._bootstrap_inner()
  File "/usr/local/lib/python3.11/threading.py", line 1045, in _bootstrap_inner
    self.run()
  File "/usr/local/lib/python3.11/threading.py", line 982, in run
    self._target(*self._args, **self._kwargs)
  File "/usr/local/lib/python3.11/socketserver.py", line 691, in process_request_thread
    self.finish_request(request, client_address)
  File "/usr/local/lib/python3.11/socketserver.py", line 361, in finish_request
    self.RequestHandlerClass(request, client_address, self)
  File "/usr/local/lib/python3.11/socketserver.py", line 755, in __init__
    self.handle()
  File "/usr/local/lib/python3.11/site-packages/werkzeug/serving.py", line 399, in handle
    super().handle()
  File "/usr/local/lib/python3.11/http/server.py", line 440, in handle
    self.handle_one_request()
  File "/usr/local/lib/python3.11/http/server.py", line 428, in handle_one_request
    method()
  File "/usr/local/lib/python3.11/site-packages/werkzeug/serving.py", line 371, in run_wsgi
    execute(self.server.app)
  File "/usr/local/lib/python3.11/site-packages/werkzeug/serving.py", line 335, in execute
    write(data)
  File "/usr/local/lib/python3.11/site-packages/werkzeug/serving.py", line 272, in write
    self.send_response(code, msg)
  File "/usr/local/lib/python3.11/http/server.py", line 505, in send_response
    self.log_request(code)
  File "/usr/local/lib/python3.11/site-packages/werkzeug/serving.py", line 468, in log_request
    self.log("info", '"%s" %s %s', msg, code, size)
  File "/usr/local/lib/python3.11/site-packages/werkzeug/serving.py", line 479, in log
    _log(
  File "/usr/local/lib/python3.11/site-packages/werkzeug/_internal.py", line 97, in _log
    getattr(_logger, type)(message.rstrip(), *args, **kwargs)
Message: '127.0.0.1 - - [25/Sep/2026 08:05:43] "%s" %s %s'
Arguments: ('GET /health HTTP/1.1', '200', '-')
--- Logging error ---
Traceback (most recent call last):
  File "/usr/local/lib/python3.11/logging/__init__.py", line 449, in format
    return self._format(record)
           ^^^^^^^^^^^^^^^^^^^^
  File "/usr/local/lib/python3.11/logging/__init__.py", line 445, in _format
    return self._fmt % values
           ~~~~~~~~~~^~~~~~~~
KeyError: 'request_id'

During handling of the above exception, another exception occurred:

Traceback (most recent call last):
  File "/usr/local/lib/python3.11/logging/__init__.py", line 1110, in emit
    msg = self.format(record)
          ^^^^^^^^^^^^^^^^^^^
  File "/usr/local/lib/python3.11/logging/__init__.py", line 953, in format
    return fmt.format(record)
           ^^^^^^^^^^^^^^^^^^
  File "/usr/local/lib/python3.11/logging/__init__.py", line 690, in format
    s = self.formatMessage(record)
        ^^^^^^^^^^^^^^^^^^^^^^^^^^
  File "/usr/local/lib/python3.11/logging/__init__.py", line 659, in formatMessage
    return self._style.format(record)
           ^^^^^^^^^^^^^^^^^^^^^^^^^^
  File "/usr/local/lib/python3.11/logging/__init__.py", line 451, in format
    raise ValueError('Formatting field not found in record: %s' % e)
ValueError: Formatting field not found in record: 'request_id'
Call stack:
  File "/usr/local/lib/python3.11/threading.py", line 1002, in _bootstrap
    self._bootstrap_inner()
  File "/usr/local/lib/python3.11/threading.py", line 1045, in _bootstrap_inner
    self.run()
  File "/usr/local/lib/python3.11/threading.py", line 982, in run
    self._target(*self._args, **self._kwargs)
  File "/usr/local/lib/python3.11/socketserver.py", line 691, in process_request_thread
    self.finish_request(request, client_address)
  File "/usr/local/lib/python3.11/socketserver.py", line 361, in finish_request
    self.RequestHandlerClass(request, client_address, self)
  File "/usr/local/lib/python3.11/socketserver.py", line 755, in __init__
    self.handle()
  File "/usr/local/lib/python3.11/site-packages/werkzeug/serving.py", line 399, in handle
    super().handle()
  File "/usr/local/lib/python3.11/http/server.py", line 440, in handle
    self.handle_one_request()
  File "/usr/local/lib/python3.11/http/server.py", line 428, in handle_one_request
    method()
  File "/usr/local/lib/python3.11/site-packages/werkzeug/serving.py", line 371, in run_wsgi
    execute(self.server.app)
  File "/usr/local/lib/python3.11/site-packages/werkzeug/serving.py", line 335, in execute
    write(data)
  File "/usr/local/lib/python3.11/site-packages/werkzeug/serving.py", line 272, in write
    self.send_response(code, msg)
  File "/usr/local/lib/python3.11/http/server.py", line 505, in send_response
    self.log_request(code)
  File "/usr/local/lib/python3.11/site-packages/werkzeug/serving.py", line 468, in log_request
    self.log("info", '"%s" %s %s', msg, code, size)
  File "/usr/local/lib/python3.11/site-packages/werkzeug/serving.py", line 479, in log
    _log(
  File "/usr/local/lib/python3.11/site-packages/werkzeug/_internal.py", line 97, in _log
    getattr(_logger, type)(message.rstrip(), *args, **kwargs)
Message: '127.0.0.1 - - [25/Sep/2026 08:05:53] "%s" %s %s'
Arguments: ('GET /health HTTP/1.1', '200', '-')
--- Logging error ---
Traceback (most recent call last):
  File "/usr/local/lib/python3.11/logging/__init__.py", line 449, in format
    return self._format(record)
           ^^^^^^^^^^^^^^^^^^^^
  File "/usr/local/lib/python3.11/logging/__init__.py", line 445, in _format
    return self._fmt % values
           ~~~~~~~~~~^~~~~~~~
KeyError: 'request_id'

During handling of the above exception, another exception occurred:

Traceback (most recent call last):
  File "/usr/local/lib/python3.11/logging/__init__.py", line 1110, in emit
    msg = self.format(record)
          ^^^^^^^^^^^^^^^^^^^
  File "/usr/local/lib/python3.11/logging/__init__.py", line 953, in format
    return fmt.format(record)
           ^^^^^^^^^^^^^^^^^^
  File "/usr/local/lib/python3.11/logging/__init__.py", line 690, in format
    s = self.formatMessage(record)
        ^^^^^^^^^^^^^^^^^^^^^^^^^^
  File "/usr/local/lib/python3.11/logging/__init__.py", line 659, in formatMessage
    return self._style.format(record)
           ^^^^^^^^^^^^^^^^^^^^^^^^^^
  File "/usr/local/lib/python3.11/logging/__init__.py", line 451, in format
    raise ValueError('Formatting field not found in record: %s' % e)
ValueError: Formatting field not found in record: 'request_id'
Call stack:
  File "/usr/local/lib/python3.11/threading.py", line 1002, in _bootstrap
    self._bootstrap_inner()
  File "/usr/local/lib/python3.11/threading.py", line 1045, in _bootstrap_inner
    self.run()
  File "/usr/local/lib/python3.11/threading.py", line 982, in run
    self._target(*self._args, **self._kwargs)
  File "/usr/local/lib/python3.11/socketserver.py", line 691, in process_request_thread
    self.finish_request(request, client_address)
  File "/usr/local/lib/python3.11/socketserver.py", line 361, in finish_request
    self.RequestHandlerClass(request, client_address, self)
  File "/usr/local/lib/python3.11/socketserver.py", line 755, in __init__
    self.handle()
  File "/usr/local/lib/python3.11/site-packages/werkzeug/serving.py", line 399, in handle
    super().handle()
  File "/usr/local/lib/python3.11/http/server.py", line 440, in handle
    self.handle_one_request()
  File "/usr/local/lib/python3.11/http/server.py", line 428, in handle_one_request
    method()
  File "/usr/local/lib/python3.11/site-packages/werkzeug/serving.py", line 371, in run_wsgi
    execute(self.server.app)
  File "/usr/local/lib/python3.11/site-packages/werkzeug/serving.py", line 335, in execute
    write(data)
  File "/usr/local/lib/python3.11/site-packages/werkzeug/serving.py", line 272, in write
    self.send_response(code, msg)
  File "/usr/local/lib/python3.11/http/server.py", line 505, in send_response
    self.log_request(code)
  File "/usr/local/lib/python3.11/site-packages/werkzeug/serving.py", line 468, in log_request
    self.log("info", '"%s" %s %s', msg, code, size)
  File "/usr/local/lib/python3.11/site-packages/werkzeug/serving.py", line 479, in log
    _log(
  File "/usr/local/lib/python3.11/site-packages/werkzeug/_internal.py", line 97, in _log
    getattr(_logger, type)(message.rstrip(), *args, **kwargs)
Message: '127.0.0.1 - - [25/Sep/2026 08:06:03] "%s" %s %s'
Arguments: ('GET /health HTTP/1.1', '200', '-')
--- Logging error ---
Traceback (most recent call last):
  File "/usr/local/lib/python3.11/logging/__init__.py", line 449, in format
    return self._format(record)
           ^^^^^^^^^^^^^^^^^^^^
  File "/usr/local/lib/python3.11/logging/__init__.py", line 445, in _format
    return self._fmt % values
           ~~~~~~~~~~^~~~~~~~
KeyError: 'request_id'

During handling of the above exception, another exception occurred:

Traceback (most recent call last):
  File "/usr/local/lib/python3.11/logging/__init__.py", line 1110, in emit
    msg = self.format(record)
          ^^^^^^^^^^^^^^^^^^^
  File "/usr/local/lib/python3.11/logging/__init__.py", line 953, in format
    return fmt.format(record)
           ^^^^^^^^^^^^^^^^^^
  File "/usr/local/lib/python3.11/logging/__init__.py", line 690, in format
    s = self.formatMessage(record)
        ^^^^^^^^^^^^^^^^^^^^^^^^^^
  File "/usr/local/lib/python3.11/logging/__init__.py", line 659, in formatMessage
    return self._style.format(record)
           ^^^^^^^^^^^^^^^^^^^^^^^^^^
  File "/usr/local/lib/python3.11/logging/__init__.py", line 451, in format
    raise ValueError('Formatting field not found in record: %s' % e)
ValueError: Formatting field not found in record: 'request_id'
Call stack:
  File "/usr/local/lib/python3.11/threading.py", line 1002, in _bootstrap
    self._bootstrap_inner()
  File "/usr/local/lib/python3.11/threading.py", line 1045, in _bootstrap_inner
    self.run()
  File "/usr/local/lib/python3.11/threading.py", line 982, in run
    self._target(*self._args, **self._kwargs)
  File "/usr/local/lib/python3.11/socketserver.py", line 691, in process_request_thread
    self.finish_request(request, client_address)
  File "/usr/local/lib/python3.11/socketserver.py", line 361, in finish_request
    self.RequestHandlerClass(request, client_address, self)
  File "/usr/local/lib/python3.11/socketserver.py", line 755, in __init__
    self.handle()
  File "/usr/local/lib/python3.11/site-packages/werkzeug/serving.py", line 399, in handle
    super().handle()
  File "/usr/local/lib/python3.11/http/server.py", line 440, in handle
    self.handle_one_request()
  File "/usr/local/lib/python3.11/http/server.py", line 428, in handle_one_request
    method()
  File "/usr/local/lib/python3.11/site-packages/werkzeug/serving.py", line 371, in run_wsgi
    execute(self.server.app)
  File "/usr/local/lib/python3.11/site-packages/werkzeug/serving.py", line 335, in execute
    write(data)
  File "/usr/local/lib/python3.11/site-packages/werkzeug/serving.py", line 272, in write
    self.send_response(code, msg)
  File "/usr/local/lib/python3.11/http/server.py", line 505, in send_response
    self.log_request(code)
  File "/usr/local/lib/python3.11/site-packages/werkzeug/serving.py", line 468, in log_request
    self.log("info", '"%s" %s %s', msg, code, size)
  File "/usr/local/lib/python3.11/site-packages/werkzeug/serving.py", line 479, in log
    _log(
  File "/usr/local/lib/python3.11/site-packages/werkzeug/_internal.py", line 97, in _log
    getattr(_logger, type)(message.rstrip(), *args, **kwargs)
Message: '127.0.0.1 - - [25/Sep/2026 08:06:13] "%s" %s %s'
Arguments: ('GET /health HTTP/1.1', '200', '-')
--- Logging error ---
Traceback (most recent call last):
  File "/usr/local/lib/python3.11/logging/__init__.py", line 449, in format
    return self._format(record)
           ^^^^^^^^^^^^^^^^^^^^
  File "/usr/local/lib/python3.11/logging/__init__.py", line 445, in _format
    return self._fmt % values
           ~~~~~~~~~~^~~~~~~~
KeyError: 'request_id'

During handling of the above exception, another exception occurred:

Traceback (most recent call last):
  File "/usr/local/lib/python3.11/logging/__init__.py", line 1110, in emit
    msg = self.format(record)
          ^^^^^^^^^^^^^^^^^^^
  File "/usr/local/lib/python3.11/logging/__init__.py", line 953, in format
    return fmt.format(record)
           ^^^^^^^^^^^^^^^^^^
  File "/usr/local/lib/python3.11/logging/__init__.py", line 690, in format
    s = self.formatMessage(record)
        ^^^^^^^^^^^^^^^^^^^^^^^^^^
  File "/usr/local/lib/python3.11/logging/__init__.py", line 659, in formatMessage
    return self._style.format(record)
           ^^^^^^^^^^^^^^^^^^^^^^^^^^
  File "/usr/local/lib/python3.11/logging/__init__.py", line 451, in format
    raise ValueError('Formatting field not found in record: %s' % e)
ValueError: Formatting field not found in record: 'request_id'
Call stack:
  File "/usr/local/lib/python3.11/threading.py", line 1002, in _bootstrap
    self._bootstrap_inner()
  File "/usr/local/lib/python3.11/threading.py", line 1045, in _bootstrap_inner
    self.run()
  File "/usr/local/lib/python3.11/threading.py", line 982, in run
    self._target(*self._args, **self._kwargs)
  File "/usr/local/lib/python3.11/socketserver.py", line 691, in process_request_thread
    self.finish_request(request, client_address)
  File "/usr/local/lib/python3.11/socketserver.py", line 361, in finish_request
    self.RequestHandlerClass(request, client_address, self)
  File "/usr/local/lib/python3.11/socketserver.py", line 755, in __init__
    self.handle()
  File "/usr/local/lib/python3.11/site-packages/werkzeug/serving.py", line 399, in handle
    super().handle()
  File "/usr/local/lib/python3.11/http/server.py", line 440, in handle
    self.handle_one_request()
  File "/usr/local/lib/python3.11/http/server.py", line 428, in handle_one_request
    method()
  File "/usr/local/lib/python3.11/site-packages/werkzeug/serving.py", line 371, in run_wsgi
    execute(self.server.app)
  File "/usr/local/lib/python3.11/site-packages/werkzeug/serving.py", line 335, in execute
    write(data)
  File "/usr/local/lib/python3.11/site-packages/werkzeug/serving.py", line 272, in write
    self.send_response(code, msg)
  File "/usr/local/lib/python3.11/http/server.py", line 505, in send_response
    self.log_request(code)
  File "/usr/local/lib/python3.11/site-packages/werkzeug/serving.py", line 468, in log_request
    self.log("info", '"%s" %s %s', msg, code, size)
  File "/usr/local/lib/python3.11/site-packages/werkzeug/serving.py", line 479, in log
    _log(
  File "/usr/local/lib/python3.11/site-packages/werkzeug/_internal.py", line 97, in _log
    getattr(_logger, type)(message.rstrip(), *args, **kwargs)
Message: '127.0.0.1 - - [25/Sep/2026 08:06:23] "%s" %s %s'
Arguments: ('GET /health HTTP/1.1', '200', '-')
--- Logging error ---
Traceback (most recent call last):
  File "/usr/local/lib/python3.11/logging/__init__.py", line 449, in format
    return self._format(record)
           ^^^^^^^^^^^^^^^^^^^^
  File "/usr/local/lib/python3.11/logging/__init__.py", line 445, in _format
    return self._fmt % values
           ~~~~~~~~~~^~~~~~~~
KeyError: 'request_id'

During handling of the above exception, another exception occurred:

Traceback (most recent call last):
  File "/usr/local/lib/python3.11/logging/__init__.py", line 1110, in emit
    msg = self.format(record)
          ^^^^^^^^^^^^^^^^^^^
  File "/usr/local/lib/python3.11/logging/__init__.py", line 953, in format
    return fmt.format(record)
           ^^^^^^^^^^^^^^^^^^
  File "/usr/local/lib/python3.11/logging/__init__.py", line 690, in format
    s = self.formatMessage(record)
        ^^^^^^^^^^^^^^^^^^^^^^^^^^
  File "/usr/local/lib/python3.11/logging/__init__.py", line 659, in formatMessage
    return self._style.format(record)
           ^^^^^^^^^^^^^^^^^^^^^^^^^^
  File "/usr/local/lib/python3.11/logging/__init__.py", line 451, in format
    raise ValueError('Formatting field not found in record: %s' % e)
ValueError: Formatting field not found in record: 'request_id'
Call stack:
  File "/usr/local/lib/python3.11/threading.py", line 1002, in _bootstrap
    self._bootstrap_inner()
  File "/usr/local/lib/python3.11/threading.py", line 1045, in _bootstrap_inner
    self.run()
  File "/usr/local/lib/python3.11/threading.py", line 982, in run
    self._target(*self._args, **self._kwargs)
  File "/usr/local/lib/python3.11/socketserver.py", line 691, in process_request_thread
    self.finish_request(request, client_address)
  File "/usr/local/lib/python3.11/socketserver.py", line 361, in finish_request
    self.RequestHandlerClass(request, client_address, self)
  File "/usr/local/lib/python3.11/socketserver.py", line 755, in __init__
    self.handle()
  File "/usr/local/lib/python3.11/site-packages/werkzeug/serving.py", line 399, in handle
    super().handle()
  File "/usr/local/lib/python3.11/http/server.py", line 440, in handle
    self.handle_one_request()
  File "/usr/local/lib/python3.11/http/server.py", line 428, in handle_one_request
    method()
  File "/usr/local/lib/python3.11/site-packages/werkzeug/serving.py", line 371, in run_wsgi
    execute(self.server.app)
  File "/usr/local/lib/python3.11/site-packages/werkzeug/serving.py", line 335, in execute
    write(data)
  File "/usr/local/lib/python3.11/site-packages/werkzeug/serving.py", line 272, in write
    self.send_response(code, msg)
  File "/usr/local/lib/python3.11/http/server.py", line 505, in send_response
    self.log_request(code)
  File "/usr/local/lib/python3.11/site-packages/werkzeug/serving.py", line 468, in log_request
    self.log("info", '"%s" %s %s', msg, code, size)
  File "/usr/local/lib/python3.11/site-packages/werkzeug/serving.py", line 479, in log
    _log(
  File "/usr/local/lib/python3.11/site-packages/werkzeug/_internal.py", line 97, in _log
    getattr(_logger, type)(message.rstrip(), *args, **kwargs)
Message: '127.0.0.1 - - [25/Sep/2026 08:06:34] "%s" %s %s'
Arguments: ('GET /health HTTP/1.1', '200', '-')
--- Logging error ---
Traceback (most recent call last):
  File "/usr/local/lib/python3.11/logging/__init__.py", line 449, in format
    return self._format(record)
           ^^^^^^^^^^^^^^^^^^^^
  File "/usr/local/lib/python3.11/logging/__init__.py", line 445, in _format
    return self._fmt % values
           ~~~~~~~~~~^~~~~~~~
KeyError: 'request_id'

During handling of the above exception, another exception occurred:

Traceback (most recent call last):
  File "/usr/local/lib/python3.11/logging/__init__.py", line 1110, in emit
    msg = self.format(record)
          ^^^^^^^^^^^^^^^^^^^
  File "/usr/local/lib/python3.11/logging/__init__.py", line 953, in format
    return fmt.format(record)
           ^^^^^^^^^^^^^^^^^^
  File "/usr/local/lib/python3.11/logging/__init__.py", line 690, in format
    s = self.formatMessage(record)
        ^^^^^^^^^^^^^^^^^^^^^^^^^^
  File "/usr/local/lib/python3.11/logging/__init__.py", line 659, in formatMessage
    return self._style.format(record)
           ^^^^^^^^^^^^^^^^^^^^^^^^^^
  File "/usr/local/lib/python3.11/logging/__init__.py", line 451, in format
    raise ValueError('Formatting field not found in record: %s' % e)
ValueError: Formatting field not found in record: 'request_id'
Call stack:
  File "/usr/local/lib/python3.11/threading.py", line 1002, in _bootstrap
    self._bootstrap_inner()
  File "/usr/local/lib/python3.11/threading.py", line 1045, in _bootstrap_inner
    self.run()
  File "/usr/local/lib/python3.11/threading.py", line 982, in run
    self._target(*self._args, **self._kwargs)
  File "/usr/local/lib/python3.11/socketserver.py", line 691, in process_request_thread
    self.finish_request(request, client_address)
  File "/usr/local/lib/python3.11/socketserver.py", line 361, in finish_request
    self.RequestHandlerClass(request, client_address, self)
  File "/usr/local/lib/python3.11/socketserver.py", line 755, in __init__
    self.handle()
  File "/usr/local/lib/python3.11/site-packages/werkzeug/serving.py", line 399, in handle
    super().handle()
  File "/usr/local/lib/python3.11/http/server.py", line 440, in handle
    self.handle_one_request()
  File "/usr/local/lib/python3.11/http/server.py", line 428, in handle_one_request
    method()
  File "/usr/local/lib/python3.11/site-packages/werkzeug/serving.py", line 371, in run_wsgi
    execute(self.server.app)
  File "/usr/local/lib/python3.11/site-packages/werkzeug/serving.py", line 335, in execute
    write(data)
  File "/usr/local/lib/python3.11/site-packages/werkzeug/serving.py", line 272, in write
    self.send_response(code, msg)
  File "/usr/local/lib/python3.11/http/server.py", line 505, in send_response
    self.log_request(code)
  File "/usr/local/lib/python3.11/site-packages/werkzeug/serving.py", line 468, in log_request
    self.log("info", '"%s" %s %s', msg, code, size)
  File "/usr/local/lib/python3.11/site-packages/werkzeug/serving.py", line 479, in log
    _log(
  File "/usr/local/lib/python3.11/site-packages/werkzeug/_internal.py", line 97, in _log
    getattr(_logger, type)(message.rstrip(), *args, **kwargs)
Message: '127.0.0.1 - - [25/Sep/2026 08:06:44] "%s" %s %s'
Arguments: ('GET /health HTTP/1.1', '200', '-')
--- Logging error ---
Traceback (most recent call last):
  File "/usr/local/lib/python3.11/logging/__init__.py", line 449, in format
    return self._format(record)
           ^^^^^^^^^^^^^^^^^^^^
  File "/usr/local/lib/python3.11/logging/__init__.py", line 445, in _format
    return self._fmt % values
           ~~~~~~~~~~^~~~~~~~
KeyError: 'request_id'

During handling of the above exception, another exception occurred:

Traceback (most recent call last):
  File "/usr/local/lib/python3.11/logging/__init__.py", line 1110, in emit
    msg = self.format(record)
          ^^^^^^^^^^^^^^^^^^^
  File "/usr/local/lib/python3.11/logging/__init__.py", line 953, in format
    return fmt.format(record)
           ^^^^^^^^^^^^^^^^^^
  File "/usr/local/lib/python3.11/logging/__init__.py", line 690, in format
    s = self.formatMessage(record)
        ^^^^^^^^^^^^^^^^^^^^^^^^^^
  File "/usr/local/lib/python3.11/logging/__init__.py", line 659, in formatMessage
    return self._style.format(record)
           ^^^^^^^^^^^^^^^^^^^^^^^^^^
  File "/usr/local/lib/python3.11/logging/__init__.py", line 451, in format
    raise ValueError('Formatting field not found in record: %s' % e)
ValueError: Formatting field not found in record: 'request_id'
Call stack:
  File "/usr/local/lib/python3.11/threading.py", line 1002, in _bootstrap
    self._bootstrap_inner()
  File "/usr/local/lib/python3.11/threading.py", line 1045, in _bootstrap_inner
    self.run()
  File "/usr/local/lib/python3.11/threading.py", line 982, in run
    self._target(*self._args, **self._kwargs)
  File "/usr/local/lib/python3.11/socketserver.py", line 691, in process_request_thread
    self.finish_request(request, client_address)
  File "/usr/local/lib/python3.11/socketserver.py", line 361, in finish_request
    self.RequestHandlerClass(request, client_address, self)
  File "/usr/local/lib/python3.11/socketserver.py", line 755, in __init__
    self.handle()
  File "/usr/local/lib/python3.11/site-packages/werkzeug/serving.py", line 399, in handle
    super().handle()
  File "/usr/local/lib/python3.11/http/server.py", line 440, in handle
    self.handle_one_request()
  File "/usr/local/lib/python3.11/http/server.py", line 428, in handle_one_request
    method()
  File "/usr/local/lib/python3.11/site-packages/werkzeug/serving.py", line 371, in run_wsgi
    execute(self.server.app)
  File "/usr/local/lib/python3.11/site-packages/werkzeug/serving.py", line 335, in execute
    write(data)
  File "/usr/local/lib/python3.11/site-packages/werkzeug/serving.py", line 272, in write
    self.send_response(code, msg)
  File "/usr/local/lib/python3.11/http/server.py", line 505, in send_response
    self.log_request(code)
  File "/usr/local/lib/python3.11/site-packages/werkzeug/serving.py", line 468, in log_request
    self.log("info", '"%s" %s %s', msg, code, size)
  File "/usr/local/lib/python3.11/site-packages/werkzeug/serving.py", line 479, in log
    _log(
  File "/usr/local/lib/python3.11/site-packages/werkzeug/_internal.py", line 97, in _log
    getattr(_logger, type)(message.rstrip(), *args, **kwargs)
Message: '127.0.0.1 - - [25/Sep/2026 08:06:54] "%s" %s %s'
Arguments: ('GET /health HTTP/1.1', '200', '-')
--- Logging error ---
Traceback (most recent call last):
  File "/usr/local/lib/python3.11/logging/__init__.py", line 449, in format
    return self._format(record)
           ^^^^^^^^^^^^^^^^^^^^
  File "/usr/local/lib/python3.11/logging/__init__.py", line 445, in _format
    return self._fmt % values
           ~~~~~~~~~~^~~~~~~~
KeyError: 'request_id'

During handling of the above exception, another exception occurred:

Traceback (most recent call last):
  File "/usr/local/lib/python3.11/logging/__init__.py", line 1110, in emit
    msg = self.format(record)
          ^^^^^^^^^^^^^^^^^^^
  File "/usr/local/lib/python3.11/logging/__init__.py", line 953, in format
    return fmt.format(record)
           ^^^^^^^^^^^^^^^^^^
  File "/usr/local/lib/python3.11/logging/__init__.py", line 690, in format
    s = self.formatMessage(record)
        ^^^^^^^^^^^^^^^^^^^^^^^^^^
  File "/usr/local/lib/python3.11/logging/__init__.py", line 659, in formatMessage
    return self._style.format(record)
           ^^^^^^^^^^^^^^^^^^^^^^^^^^
  File "/usr/local/lib/python3.11/logging/__init__.py", line 451, in format
    raise ValueError('Formatting field not found in record: %s' % e)
ValueError: Formatting field not found in record: 'request_id'
Call stack:
  File "/usr/local/lib/python3.11/threading.py", line 1002, in _bootstrap
    self._bootstrap_inner()
  File "/usr/local/lib/python3.11/threading.py", line 1045, in _bootstrap_inner
    self.run()
  File "/usr/local/lib/python3.11/threading.py", line 982, in run
    self._target(*self._args, **self._kwargs)
  File "/usr/local/lib/python3.11/socketserver.py", line 691, in process_request_thread
    self.finish_request(request, client_address)
  File "/usr/local/lib/python3.11/socketserver.py", line 361, in finish_request
    self.RequestHandlerClass(request, client_address, self)
  File "/usr/local/lib/python3.11/socketserver.py", line 755, in __init__
    self.handle()
  File "/usr/local/lib/python3.11/site-packages/werkzeug/serving.py", line 399, in handle
    super().handle()
  File "/usr/local/lib/python3.11/http/server.py", line 440, in handle
    self.handle_one_request()
  File "/usr/local/lib/python3.11/http/server.py", line 428, in handle_one_request
    method()
  File "/usr/local/lib/python3.11/site-packages/werkzeug/serving.py", line 371, in run_wsgi
    execute(self.server.app)
  File "/usr/local/lib/python3.11/site-packages/werkzeug/serving.py", line 335, in execute
    write(data)
  File "/usr/local/lib/python3.11/site-packages/werkzeug/serving.py", line 272, in write
    self.send_response(code, msg)
  File "/usr/local/lib/python3.11/http/server.py", line 505, in send_response
    self.log_request(code)
  File "/usr/local/lib/python3.11/site-packages/werkzeug/serving.py", line 468, in log_request
    self.log("info", '"%s" %s %s', msg, code, size)
  File "/usr/local/lib/python3.11/site-packages/werkzeug/serving.py", line 479, in log
    _log(
  File "/usr/local/lib/python3.11/site-packages/werkzeug/_internal.py", line 97, in _log
    getattr(_logger, type)(message.rstrip(), *args, **kwargs)
Message: '127.0.0.1 - - [25/Sep/2026 08:07:04] "%s" %s %s'
Arguments: ('GET /health HTTP/1.1', '200', '-')
--- Logging error ---
Traceback (most recent call last):
  File "/usr/local/lib/python3.11/logging/__init__.py", line 449, in format
    return self._format(record)
           ^^^^^^^^^^^^^^^^^^^^
  File "/usr/local/lib/python3.11/logging/__init__.py", line 445, in _format
    return self._fmt % values
           ~~~~~~~~~~^~~~~~~~
KeyError: 'request_id'

During handling of the above exception, another exception occurred:

Traceback (most recent call last):
  File "/usr/local/lib/python3.11/logging/__init__.py", line 1110, in emit
    msg = self.format(record)
          ^^^^^^^^^^^^^^^^^^^
  File "/usr/local/lib/python3.11/logging/__init__.py", line 953, in format
    return fmt.format(record)
           ^^^^^^^^^^^^^^^^^^
  File "/usr/local/lib/python3.11/logging/__init__.py", line 690, in format
    s = self.formatMessage(record)
        ^^^^^^^^^^^^^^^^^^^^^^^^^^
  File "/usr/local/lib/python3.11/logging/__init__.py", line 659, in formatMessage
    return self._style.format(record)
           ^^^^^^^^^^^^^^^^^^^^^^^^^^
  File "/usr/local/lib/python3.11/logging/__init__.py", line 451, in format
    raise ValueError('Formatting field not found in record: %s' % e)
ValueError: Formatting field not found in record: 'request_id'
Call stack:
  File "/usr/local/lib/python3.11/threading.py", line 1002, in _bootstrap
    self._bootstrap_inner()
  File "/usr/local/lib/python3.11/threading.py", line 1045, in _bootstrap_inner
    self.run()
  File "/usr/local/lib/python3.11/threading.py", line 982, in run
    self._target(*self._args, **self._kwargs)
  File "/usr/local/lib/python3.11/socketserver.py", line 691, in process_request_thread
    self.finish_request(request, client_address)
  File "/usr/local/lib/python3.11/socketserver.py", line 361, in finish_request
    self.RequestHandlerClass(request, client_address, self)
  File "/usr/local/lib/python3.11/socketserver.py", line 755, in __init__
    self.handle()
  File "/usr/local/lib/python3.11/site-packages/werkzeug/serving.py", line 399, in handle
    super().handle()
  File "/usr/local/lib/python3.11/http/server.py", line 440, in handle
    self.handle_one_request()
  File "/usr/local/lib/python3.11/http/server.py", line 428, in handle_one_request
    method()
  File "/usr/local/lib/python3.11/site-packages/werkzeug/serving.py", line 371, in run_wsgi
    execute(self.server.app)
  File "/usr/local/lib/python3.11/site-packages/werkzeug/serving.py", line 335, in execute
    write(data)
  File "/usr/local/lib/python3.11/site-packages/werkzeug/serving.py", line 272, in write
    self.send_response(code, msg)
  File "/usr/local/lib/python3.11/http/server.py", line 505, in send_response
    self.log_request(code)
  File "/usr/local/lib/python3.11/site-packages/werkzeug/serving.py", line 468, in log_request
    self.log("info", '"%s" %s %s', msg, code, size)
  File "/usr/local/lib/python3.11/site-packages/werkzeug/serving.py", line 479, in log
    _log(
  File "/usr/local/lib/python3.11/site-packages/werkzeug/_internal.py", line 97, in _log
    getattr(_logger, type)(message.rstrip(), *args, **kwargs)
Message: '127.0.0.1 - - [25/Sep/2026 08:07:14] "%s" %s %s'
Arguments: ('GET /health HTTP/1.1', '200', '-')
--- Logging error ---
Traceback (most recent call last):
  File "/usr/local/lib/python3.11/logging/__init__.py", line 449, in format
    return self._format(record)
           ^^^^^^^^^^^^^^^^^^^^
  File "/usr/local/lib/python3.11/logging/__init__.py", line 445, in _format
    return self._fmt % values
           ~~~~~~~~~~^~~~~~~~
KeyError: 'request_id'

During handling of the above exception, another exception occurred:

Traceback (most recent call last):
  File "/usr/local/lib/python3.11/logging/__init__.py", line 1110, in emit
    msg = self.format(record)
          ^^^^^^^^^^^^^^^^^^^
  File "/usr/local/lib/python3.11/logging/__init__.py", line 953, in format
    return fmt.format(record)
           ^^^^^^^^^^^^^^^^^^
  File "/usr/local/lib/python3.11/logging/__init__.py", line 690, in format
    s = self.formatMessage(record)
        ^^^^^^^^^^^^^^^^^^^^^^^^^^
  File "/usr/local/lib/python3.11/logging/__init__.py", line 659, in formatMessage
    return self._style.format(record)
           ^^^^^^^^^^^^^^^^^^^^^^^^^^
  File "/usr/local/lib/python3.11/logging/__init__.py", line 451, in format
    raise ValueError('Formatting field not found in record: %s' % e)
ValueError: Formatting field not found in record: 'request_id'
Call stack:
  File "/usr/local/lib/python3.11/threading.py", line 1002, in _bootstrap
    self._bootstrap_inner()
  File "/usr/local/lib/python3.11/threading.py", line 1045, in _bootstrap_inner
    self.run()
  File "/usr/local/lib/python3.11/threading.py", line 982, in run
    self._target(*self._args, **self._kwargs)
  File "/usr/local/lib/python3.11/socketserver.py", line 691, in process_request_thread
    self.finish_request(request, client_address)
  File "/usr/local/lib/python3.11/socketserver.py", line 361, in finish_request
    self.RequestHandlerClass(request, client_address, self)
  File "/usr/local/lib/python3.11/socketserver.py", line 755, in __init__
    self.handle()
  File "/usr/local/lib/python3.11/site-packages/werkzeug/serving.py", line 399, in handle
    super().handle()
  File "/usr/local/lib/python3.11/http/server.py", line 440, in handle
    self.handle_one_request()
  File "/usr/local/lib/python3.11/http/server.py", line 428, in handle_one_request
    method()
  File "/usr/local/lib/python3.11/site-packages/werkzeug/serving.py", line 371, in run_wsgi
    execute(self.server.app)
  File "/usr/local/lib/python3.11/site-packages/werkzeug/serving.py", line 335, in execute
    write(data)
  File "/usr/local/lib/python3.11/site-packages/werkzeug/serving.py", line 272, in write
    self.send_response(code, msg)
  File "/usr/local/lib/python3.11/http/server.py", line 505, in send_response
    self.log_request(code)
  File "/usr/local/lib/python3.11/site-packages/werkzeug/serving.py", line 468, in log_request
    self.log("info", '"%s" %s %s', msg, code, size)
  File "/usr/local/lib/python3.11/site-packages/werkzeug/serving.py", line 479, in log
    _log(
  File "/usr/local/lib/python3.11/site-packages/werkzeug/_internal.py", line 97, in _log
    getattr(_logger, type)(message.rstrip(), *args, **kwargs)
Message: '127.0.0.1 - - [25/Sep/2026 08:07:24] "%s" %s %s'
Arguments: ('GET /health HTTP/1.1', '200', '-')
--- Logging error ---
Traceback (most recent call last):
  File "/usr/local/lib/python3.11/logging/__init__.py", line 449, in format
    return self._format(record)
           ^^^^^^^^^^^^^^^^^^^^
  File "/usr/local/lib/python3.11/logging/__init__.py", line 445, in _format
    return self._fmt % values
           ~~~~~~~~~~^~~~~~~~
KeyError: 'request_id'

During handling of the above exception, another exception occurred:

Traceback (most recent call last):
  File "/usr/local/lib/python3.11/logging/__init__.py", line 1110, in emit
    msg = self.format(record)
          ^^^^^^^^^^^^^^^^^^^
  File "/usr/local/lib/python3.11/logging/__init__.py", line 953, in format
    return fmt.format(record)
           ^^^^^^^^^^^^^^^^^^
  File "/usr/local/lib/python3.11/logging/__init__.py", line 690, in format
    s = self.formatMessage(record)
        ^^^^^^^^^^^^^^^^^^^^^^^^^^
  File "/usr/local/lib/python3.11/logging/__init__.py", line 659, in formatMessage
    return self._style.format(record)
           ^^^^^^^^^^^^^^^^^^^^^^^^^^
  File "/usr/local/lib/python3.11/logging/__init__.py", line 451, in format
    raise ValueError('Formatting field not found in record: %s' % e)
ValueError: Formatting field not found in record: 'request_id'
Call stack:
  File "/usr/local/lib/python3.11/threading.py", line 1002, in _bootstrap
    self._bootstrap_inner()
  File "/usr/local/lib/python3.11/threading.py", line 1045, in _bootstrap_inner
    self.run()
  File "/usr/local/lib/python3.11/threading.py", line 982, in run
    self._target(*self._args, **self._kwargs)
  File "/usr/local/lib/python3.11/socketserver.py", line 691, in process_request_thread
    self.finish_request(request, client_address)
  File "/usr/local/lib/python3.11/socketserver.py", line 361, in finish_request
    self.RequestHandlerClass(request, client_address, self)
  File "/usr/local/lib/python3.11/socketserver.py", line 755, in __init__
    self.handle()
  File "/usr/local/lib/python3.11/site-packages/werkzeug/serving.py", line 399, in handle
    super().handle()
  File "/usr/local/lib/python3.11/http/server.py", line 440, in handle
    self.handle_one_request()
  File "/usr/local/lib/python3.11/http/server.py", line 428, in handle_one_request
    method()
  File "/usr/local/lib/python3.11/site-packages/werkzeug/serving.py", line 371, in run_wsgi
    execute(self.server.app)
  File "/usr/local/lib/python3.11/site-packages/werkzeug/serving.py", line 335, in execute
    write(data)
  File "/usr/local/lib/python3.11/site-packages/werkzeug/serving.py", line 272, in write
    self.send_response(code, msg)
  File "/usr/local/lib/python3.11/http/server.py", line 505, in send_response
    self.log_request(code)
  File "/usr/local/lib/python3.11/site-packages/werkzeug/serving.py", line 468, in log_request
    self.log("info", '"%s" %s %s', msg, code, size)
  File "/usr/local/lib/python3.11/site-packages/werkzeug/serving.py", line 479, in log
    _log(
  File "/usr/local/lib/python3.11/site-packages/werkzeug/_internal.py", line 97, in _log
    getattr(_logger, type)(message.rstrip(), *args, **kwargs)
Message: '127.0.0.1 - - [25/Sep/2026 08:07:35] "%s" %s %s'
Arguments: ('GET /health HTTP/1.1', '200', '-')
--- Logging error ---
Traceback (most recent call last):
  File "/usr/local/lib/python3.11/logging/__init__.py", line 449, in format
    return self._format(record)
           ^^^^^^^^^^^^^^^^^^^^
  File "/usr/local/lib/python3.11/logging/__init__.py", line 445, in _format
    return self._fmt % values
           ~~~~~~~~~~^~~~~~~~
KeyError: 'request_id'

During handling of the above exception, another exception occurred:

Traceback (most recent call last):
  File "/usr/local/lib/python3.11/logging/__init__.py", line 1110, in emit
    msg = self.format(record)
          ^^^^^^^^^^^^^^^^^^^
  File "/usr/local/lib/python3.11/logging/__init__.py", line 953, in format
    return fmt.format(record)
           ^^^^^^^^^^^^^^^^^^
  File "/usr/local/lib/python3.11/logging/__init__.py", line 690, in format
    s = self.formatMessage(record)
        ^^^^^^^^^^^^^^^^^^^^^^^^^^
  File "/usr/local/lib/python3.11/logging/__init__.py", line 659, in formatMessage
    return self._style.format(record)
           ^^^^^^^^^^^^^^^^^^^^^^^^^^
  File "/usr/local/lib/python3.11/logging/__init__.py", line 451, in format
    raise ValueError('Formatting field not found in record: %s' % e)
ValueError: Formatting field not found in record: 'request_id'
Call stack:
  File "/usr/local/lib/python3.11/threading.py", line 1002, in _bootstrap
    self._bootstrap_inner()
  File "/usr/local/lib/python3.11/threading.py", line 1045, in _bootstrap_inner
    self.run()
  File "/usr/local/lib/python3.11/threading.py", line 982, in run
    self._target(*self._args, **self._kwargs)
  File "/usr/local/lib/python3.11/socketserver.py", line 691, in process_request_thread
    self.finish_request(request, client_address)
  File "/usr/local/lib/python3.11/socketserver.py", line 361, in finish_request
    self.RequestHandlerClass(request, client_address, self)
  File "/usr/local/lib/python3.11/socketserver.py", line 755, in __init__
    self.handle()
  File "/usr/local/lib/python3.11/site-packages/werkzeug/serving.py", line 399, in handle
    super().handle()
  File "/usr/local/lib/python3.11/http/server.py", line 440, in handle
    self.handle_one_request()
  File "/usr/local/lib/python3.11/http/server.py", line 428, in handle_one_request
    method()
  File "/usr/local/lib/python3.11/site-packages/werkzeug/serving.py", line 371, in run_wsgi
    execute(self.server.app)
  File "/usr/local/lib/python3.11/site-packages/werkzeug/serving.py", line 335, in execute
    write(data)
  File "/usr/local/lib/python3.11/site-packages/werkzeug/serving.py", line 272, in write
    self.send_response(code, msg)
  File "/usr/local/lib/python3.11/http/server.py", line 505, in send_response
    self.log_request(code)
  File "/usr/local/lib/python3.11/site-packages/werkzeug/serving.py", line 468, in log_request
    self.log("info", '"%s" %s %s', msg, code, size)
  File "/usr/local/lib/python3.11/site-packages/werkzeug/serving.py", line 479, in log
    _log(
  File "/usr/local/lib/python3.11/site-packages/werkzeug/_internal.py", line 97, in _log
    getattr(_logger, type)(message.rstrip(), *args, **kwargs)
Message: '127.0.0.1 - - [25/Sep/2026 08:07:45] "%s" %s %s'
Arguments: ('GET /health HTTP/1.1', '200', '-')
--- Logging error ---
Traceback (most recent call last):
  File "/usr/local/lib/python3.11/logging/__init__.py", line 449, in format
    return self._format(record)
           ^^^^^^^^^^^^^^^^^^^^
  File "/usr/local/lib/python3.11/logging/__init__.py", line 445, in _format
    return self._fmt % values
           ~~~~~~~~~~^~~~~~~~
KeyError: 'request_id'

During handling of the above exception, another exception occurred:

Traceback (most recent call last):
  File "/usr/local/lib/python3.11/logging/__init__.py", line 1110, in emit
    msg = self.format(record)
          ^^^^^^^^^^^^^^^^^^^
  File "/usr/local/lib/python3.11/logging/__init__.py", line 953, in format
    return fmt.format(record)
           ^^^^^^^^^^^^^^^^^^
  File "/usr/local/lib/python3.11/logging/__init__.py", line 690, in format
    s = self.formatMessage(record)
        ^^^^^^^^^^^^^^^^^^^^^^^^^^
  File "/usr/local/lib/python3.11/logging/__init__.py", line 659, in formatMessage
    return self._style.format(record)
           ^^^^^^^^^^^^^^^^^^^^^^^^^^
  File "/usr/local/lib/python3.11/logging/__init__.py", line 451, in format
    raise ValueError('Formatting field not found in record: %s' % e)
ValueError: Formatting field not found in record: 'request_id'
Call stack:
  File "/usr/local/lib/python3.11/threading.py", line 1002, in _bootstrap
    self._bootstrap_inner()
  File "/usr/local/lib/python3.11/threading.py", line 1045, in _bootstrap_inner
    self.run()
  File "/usr/local/lib/python3.11/threading.py", line 982, in run
    self._target(*self._args, **self._kwargs)
  File "/usr/local/lib/python3.11/socketserver.py", line 691, in process_request_thread
    self.finish_request(request, client_address)
  File "/usr/local/lib/python3.11/socketserver.py", line 361, in finish_request
    self.RequestHandlerClass(request, client_address, self)
  File "/usr/local/lib/python3.11/socketserver.py", line 755, in __init__
    self.handle()
  File "/usr/local/lib/python3.11/site-packages/werkzeug/serving.py", line 399, in handle
    super().handle()
  File "/usr/local/lib/python3.11/http/server.py", line 440, in handle
    self.handle_one_request()
  File "/usr/local/lib/python3.11/http/server.py", line 428, in handle_one_request
    method()
  File "/usr/local/lib/python3.11/site-packages/werkzeug/serving.py", line 371, in run_wsgi
    execute(self.server.app)
  File "/usr/local/lib/python3.11/site-packages/werkzeug/serving.py", line 335, in execute
    write(data)
  File "/usr/local/lib/python3.11/site-packages/werkzeug/serving.py", line 272, in write
    self.send_response(code, msg)
  File "/usr/local/lib/python3.11/http/server.py", line 505, in send_response
    self.log_request(code)
  File "/usr/local/lib/python3.11/site-packages/werkzeug/serving.py", line 468, in log_request
    self.log("info", '"%s" %s %s', msg, code, size)
  File "/usr/local/lib/python3.11/site-packages/werkzeug/serving.py", line 479, in log
    _log(
  File "/usr/local/lib/python3.11/site-packages/werkzeug/_internal.py", line 97, in _log
    getattr(_logger, type)(message.rstrip(), *args, **kwargs)
Message: '127.0.0.1 - - [25/Sep/2026 08:07:55] "%s" %s %s'
Arguments: ('GET /health HTTP/1.1', '200', '-')
--- Logging error ---
Traceback (most recent call last):
  File "/usr/local/lib/python3.11/logging/__init__.py", line 449, in format
    return self._format(record)
           ^^^^^^^^^^^^^^^^^^^^
  File "/usr/local/lib/python3.11/logging/__init__.py", line 445, in _format
    return self._fmt % values
           ~~~~~~~~~~^~~~~~~~
KeyError: 'request_id'

During handling of the above exception, another exception occurred:

Traceback (most recent call last):
  File "/usr/local/lib/python3.11/logging/__init__.py", line 1110, in emit
    msg = self.format(record)
          ^^^^^^^^^^^^^^^^^^^
  File "/usr/local/lib/python3.11/logging/__init__.py", line 953, in format
    return fmt.format(record)
           ^^^^^^^^^^^^^^^^^^
  File "/usr/local/lib/python3.11/logging/__init__.py", line 690, in format
    s = self.formatMessage(record)
        ^^^^^^^^^^^^^^^^^^^^^^^^^^
  File "/usr/local/lib/python3.11/logging/__init__.py", line 659, in formatMessage
    return self._style.format(record)
           ^^^^^^^^^^^^^^^^^^^^^^^^^^
  File "/usr/local/lib/python3.11/logging/__init__.py", line 451, in format
    raise ValueError('Formatting field not found in record: %s' % e)
ValueError: Formatting field not found in record: 'request_id'
Call stack:
  File "/usr/local/lib/python3.11/threading.py", line 1002, in _bootstrap
    self._bootstrap_inner()
  File "/usr/local/lib/python3.11/threading.py", line 1045, in _bootstrap_inner
    self.run()
  File "/usr/local/lib/python3.11/threading.py", line 982, in run
    self._target(*self._args, **self._kwargs)
  File "/usr/local/lib/python3.11/socketserver.py", line 691, in process_request_thread
    self.finish_request(request, client_address)
  File "/usr/local/lib/python3.11/socketserver.py", line 361, in finish_request
    self.RequestHandlerClass(request, client_address, self)
  File "/usr/local/lib/python3.11/socketserver.py", line 755, in __init__
    self.handle()
  File "/usr/local/lib/python3.11/site-packages/werkzeug/serving.py", line 399, in handle
    super().handle()
  File "/usr/local/lib/python3.11/http/server.py", line 440, in handle
    self.handle_one_request()
  File "/usr/local/lib/python3.11/http/server.py", line 428, in handle_one_request
    method()
  File "/usr/local/lib/python3.11/site-packages/werkzeug/serving.py", line 371, in run_wsgi
    execute(self.server.app)
  File "/usr/local/lib/python3.11/site-packages/werkzeug/serving.py", line 335, in execute
    write(data)
  File "/usr/local/lib/python3.11/site-packages/werkzeug/serving.py", line 272, in write
    self.send_response(code, msg)
  File "/usr/local/lib/python3.11/http/server.py", line 505, in send_response
    self.log_request(code)
  File "/usr/local/lib/python3.11/site-packages/werkzeug/serving.py", line 468, in log_request
    self.log("info", '"%s" %s %s', msg, code, size)
  File "/usr/local/lib/python3.11/site-packages/werkzeug/serving.py", line 479, in log
    _log(
  File "/usr/local/lib/python3.11/site-packages/werkzeug/_internal.py", line 97, in _log
    getattr(_logger, type)(message.rstrip(), *args, **kwargs)
Message: '127.0.0.1 - - [25/Sep/2026 08:08:05] "%s" %s %s'
Arguments: ('GET /health HTTP/1.1', '200', '-')
--- Logging error ---
Traceback (most recent call last):
  File "/usr/local/lib/python3.11/logging/__init__.py", line 449, in format
    return self._format(record)
           ^^^^^^^^^^^^^^^^^^^^
  File "/usr/local/lib/python3.11/logging/__init__.py", line 445, in _format
    return self._fmt % values
           ~~~~~~~~~~^~~~~~~~
KeyError: 'request_id'

During handling of the above exception, another exception occurred:

Traceback (most recent call last):
  File "/usr/local/lib/python3.11/logging/__init__.py", line 1110, in emit
    msg = self.format(record)
          ^^^^^^^^^^^^^^^^^^^
  File "/usr/local/lib/python3.11/logging/__init__.py", line 953, in format
    return fmt.format(record)
           ^^^^^^^^^^^^^^^^^^
  File "/usr/local/lib/python3.11/logging/__init__.py", line 690, in format
    s = self.formatMessage(record)
        ^^^^^^^^^^^^^^^^^^^^^^^^^^
  File "/usr/local/lib/python3.11/logging/__init__.py", line 659, in formatMessage
    return self._style.format(record)
           ^^^^^^^^^^^^^^^^^^^^^^^^^^
  File "/usr/local/lib/python3.11/logging/__init__.py", line 451, in format
    raise ValueError('Formatting field not found in record: %s' % e)
ValueError: Formatting field not found in record: 'request_id'
Call stack:
  File "/usr/local/lib/python3.11/threading.py", line 1002, in _bootstrap
    self._bootstrap_inner()
  File "/usr/local/lib/python3.11/threading.py", line 1045, in _bootstrap_inner
    self.run()
  File "/usr/local/lib/python3.11/threading.py", line 982, in run
    self._target(*self._args, **self._kwargs)
  File "/usr/local/lib/python3.11/socketserver.py", line 691, in process_request_thread
    self.finish_request(request, client_address)
  File "/usr/local/lib/python3.11/socketserver.py", line 361, in finish_request
    self.RequestHandlerClass(request, client_address, self)
  File "/usr/local/lib/python3.11/socketserver.py", line 755, in __init__
    self.handle()
  File "/usr/local/lib/python3.11/site-packages/werkzeug/serving.py", line 399, in handle
    super().handle()
  File "/usr/local/lib/python3.11/http/server.py", line 440, in handle
    self.handle_one_request()
  File "/usr/local/lib/python3.11/http/server.py", line 428, in handle_one_request
    method()
  File "/usr/local/lib/python3.11/site-packages/werkzeug/serving.py", line 371, in run_wsgi
    execute(self.server.app)
  File "/usr/local/lib/python3.11/site-packages/werkzeug/serving.py", line 335, in execute
    write(data)
  File "/usr/local/lib/python3.11/site-packages/werkzeug/serving.py", line 272, in write
    self.send_response(code, msg)
  File "/usr/local/lib/python3.11/http/server.py", line 505, in send_response
    self.log_request(code)
  File "/usr/local/lib/python3.11/site-packages/werkzeug/serving.py", line 468, in log_request
    self.log("info", '"%s" %s %s', msg, code, size)
  File "/usr/local/lib/python3.11/site-packages/werkzeug/serving.py", line 479, in log
    _log(
  File "/usr/local/lib/python3.11/site-packages/werkzeug/_internal.py", line 97, in _log
    getattr(_logger, type)(message.rstrip(), *args, **kwargs)
Message: '127.0.0.1 - - [25/Sep/2026 08:08:15] "%s" %s %s'
Arguments: ('GET /health HTTP/1.1', '200', '-')
--- Logging error ---
Traceback (most recent call last):
  File "/usr/local/lib/python3.11/logging/__init__.py", line 449, in format
    return self._format(record)
           ^^^^^^^^^^^^^^^^^^^^
  File "/usr/local/lib/python3.11/logging/__init__.py", line 445, in _format
    return self._fmt % values
           ~~~~~~~~~~^~~~~~~~
KeyError: 'request_id'

During handling of the above exception, another exception occurred:

Traceback (most recent call last):
  File "/usr/local/lib/python3.11/logging/__init__.py", line 1110, in emit
    msg = self.format(record)
          ^^^^^^^^^^^^^^^^^^^
  File "/usr/local/lib/python3.11/logging/__init__.py", line 953, in format
    return fmt.format(record)
           ^^^^^^^^^^^^^^^^^^
  File "/usr/local/lib/python3.11/logging/__init__.py", line 690, in format
    s = self.formatMessage(record)
        ^^^^^^^^^^^^^^^^^^^^^^^^^^
  File "/usr/local/lib/python3.11/logging/__init__.py", line 659, in formatMessage
    return self._style.format(record)
           ^^^^^^^^^^^^^^^^^^^^^^^^^^
  File "/usr/local/lib/python3.11/logging/__init__.py", line 451, in format
    raise ValueError('Formatting field not found in record: %s' % e)
ValueError: Formatting field not found in record: 'request_id'
Call stack:
  File "/usr/local/lib/python3.11/threading.py", line 1002, in _bootstrap
    self._bootstrap_inner()
  File "/usr/local/lib/python3.11/threading.py", line 1045, in _bootstrap_inner
    self.run()
  File "/usr/local/lib/python3.11/threading.py", line 982, in run
    self._target(*self._args, **self._kwargs)
  File "/usr/local/lib/python3.11/socketserver.py", line 691, in process_request_thread
    self.finish_request(request, client_address)
  File "/usr/local/lib/python3.11/socketserver.py", line 361, in finish_request
    self.RequestHandlerClass(request, client_address, self)
  File "/usr/local/lib/python3.11/socketserver.py", line 755, in __init__
    self.handle()
  File "/usr/local/lib/python3.11/site-packages/werkzeug/serving.py", line 399, in handle
    super().handle()
  File "/usr/local/lib/python3.11/http/server.py", line 440, in handle
    self.handle_one_request()
  File "/usr/local/lib/python3.11/http/server.py", line 428, in handle_one_request
    method()
  File "/usr/local/lib/python3.11/site-packages/werkzeug/serving.py", line 371, in run_wsgi
    execute(self.server.app)
  File "/usr/local/lib/python3.11/site-packages/werkzeug/serving.py", line 335, in execute
    write(data)
  File "/usr/local/lib/python3.11/site-packages/werkzeug/serving.py", line 272, in write
    self.send_response(code, msg)
  File "/usr/local/lib/python3.11/http/server.py", line 505, in send_response
    self.log_request(code)
  File "/usr/local/lib/python3.11/site-packages/werkzeug/serving.py", line 468, in log_request
    self.log("info", '"%s" %s %s', msg, code, size)
  File "/usr/local/lib/python3.11/site-packages/werkzeug/serving.py", line 479, in log
    _log(
  File "/usr/local/lib/python3.11/site-packages/werkzeug/_internal.py", line 97, in _log
    getattr(_logger, type)(message.rstrip(), *args, **kwargs)
Message: '127.0.0.1 - - [25/Sep/2026 08:08:25] "%s" %s %s'
Arguments: ('GET /health HTTP/1.1', '200', '-')
--- Logging error ---
Traceback (most recent call last):
  File "/usr/local/lib/python3.11/logging/__init__.py", line 449, in format
    return self._format(record)
           ^^^^^^^^^^^^^^^^^^^^
  File "/usr/local/lib/python3.11/logging/__init__.py", line 445, in _format
    return self._fmt % values
           ~~~~~~~~~~^~~~~~~~
KeyError: 'request_id'

During handling of the above exception, another exception occurred:

Traceback (most recent call last):
  File "/usr/local/lib/python3.11/logging/__init__.py", line 1110, in emit
    msg = self.format(record)
          ^^^^^^^^^^^^^^^^^^^
  File "/usr/local/lib/python3.11/logging/__init__.py", line 953, in format
    return fmt.format(record)
           ^^^^^^^^^^^^^^^^^^
  File "/usr/local/lib/python3.11/logging/__init__.py", line 690, in format
    s = self.formatMessage(record)
        ^^^^^^^^^^^^^^^^^^^^^^^^^^
  File "/usr/local/lib/python3.11/logging/__init__.py", line 659, in formatMessage
    return self._style.format(record)
           ^^^^^^^^^^^^^^^^^^^^^^^^^^
  File "/usr/local/lib/python3.11/logging/__init__.py", line 451, in format
    raise ValueError('Formatting field not found in record: %s' % e)
ValueError: Formatting field not found in record: 'request_id'
Call stack:
  File "/usr/local/lib/python3.11/threading.py", line 1002, in _bootstrap
    self._bootstrap_inner()
  File "/usr/local/lib/python3.11/threading.py", line 1045, in _bootstrap_inner
    self.run()
  File "/usr/local/lib/python3.11/threading.py", line 982, in run
    self._target(*self._args, **self._kwargs)
  File "/usr/local/lib/python3.11/socketserver.py", line 691, in process_request_thread
    self.finish_request(request, client_address)
  File "/usr/local/lib/python3.11/socketserver.py", line 361, in finish_request
    self.RequestHandlerClass(request, client_address, self)
  File "/usr/local/lib/python3.11/socketserver.py", line 755, in __init__
    self.handle()
  File "/usr/local/lib/python3.11/site-packages/werkzeug/serving.py", line 399, in handle
    super().handle()
  File "/usr/local/lib/python3.11/http/server.py", line 440, in handle
    self.handle_one_request()
  File "/usr/local/lib/python3.11/http/server.py", line 428, in handle_one_request
    method()
  File "/usr/local/lib/python3.11/site-packages/werkzeug/serving.py", line 371, in run_wsgi
    execute(self.server.app)
  File "/usr/local/lib/python3.11/site-packages/werkzeug/serving.py", line 335, in execute
    write(data)
  File "/usr/local/lib/python3.11/site-packages/werkzeug/serving.py", line 272, in write
    self.send_response(code, msg)
  File "/usr/local/lib/python3.11/http/server.py", line 505, in send_response
    self.log_request(code)
  File "/usr/local/lib/python3.11/site-packages/werkzeug/serving.py", line 468, in log_request
    self.log("info", '"%s" %s %s', msg, code, size)
  File "/usr/local/lib/python3.11/site-packages/werkzeug/serving.py", line 479, in log
    _log(
  File "/usr/local/lib/python3.11/site-packages/werkzeug/_internal.py", line 97, in _log
    getattr(_logger, type)(message.rstrip(), *args, **kwargs)
Message: '127.0.0.1 - - [25/Sep/2026 08:08:36] "%s" %s %s'
Arguments: ('GET /health HTTP/1.1', '200', '-')
--- Logging error ---
Traceback (most recent call last):
  File "/usr/local/lib/python3.11/logging/__init__.py", line 449, in format
    return self._format(record)
           ^^^^^^^^^^^^^^^^^^^^
  File "/usr/local/lib/python3.11/logging/__init__.py", line 445, in _format
    return self._fmt % values
           ~~~~~~~~~~^~~~~~~~
KeyError: 'request_id'

During handling of the above exception, another exception occurred:

Traceback (most recent call last):
  File "/usr/local/lib/python3.11/logging/__init__.py", line 1110, in emit
    msg = self.format(record)
          ^^^^^^^^^^^^^^^^^^^
  File "/usr/local/lib/python3.11/logging/__init__.py", line 953, in format
    return fmt.format(record)
           ^^^^^^^^^^^^^^^^^^
  File "/usr/local/lib/python3.11/logging/__init__.py", line 690, in format
    s = self.formatMessage(record)
        ^^^^^^^^^^^^^^^^^^^^^^^^^^
  File "/usr/local/lib/python3.11/logging/__init__.py", line 659, in formatMessage
    return self._style.format(record)
           ^^^^^^^^^^^^^^^^^^^^^^^^^^
  File "/usr/local/lib/python3.11/logging/__init__.py", line 451, in format
    raise ValueError('Formatting field not found in record: %s' % e)
ValueError: Formatting field not found in record: 'request_id'
Call stack:
  File "/usr/local/lib/python3.11/threading.py", line 1002, in _bootstrap
    self._bootstrap_inner()
  File "/usr/local/lib/python3.11/threading.py", line 1045, in _bootstrap_inner
    self.run()
  File "/usr/local/lib/python3.11/threading.py", line 982, in run
    self._target(*self._args, **self._kwargs)
  File "/usr/local/lib/python3.11/socketserver.py", line 691, in process_request_thread
    self.finish_request(request, client_address)
  File "/usr/local/lib/python3.11/socketserver.py", line 361, in finish_request
    self.RequestHandlerClass(request, client_address, self)
  File "/usr/local/lib/python3.11/socketserver.py", line 755, in __init__
    self.handle()
  File "/usr/local/lib/python3.11/site-packages/werkzeug/serving.py", line 399, in handle
    super().handle()
  File "/usr/local/lib/python3.11/http/server.py", line 440, in handle
    self.handle_one_request()
  File "/usr/local/lib/python3.11/http/server.py", line 428, in handle_one_request
    method()
  File "/usr/local/lib/python3.11/site-packages/werkzeug/serving.py", line 371, in run_wsgi
    execute(self.server.app)
  File "/usr/local/lib/python3.11/site-packages/werkzeug/serving.py", line 335, in execute
    write(data)
  File "/usr/local/lib/python3.11/site-packages/werkzeug/serving.py", line 272, in write
    self.send_response(code, msg)
  File "/usr/local/lib/python3.11/http/server.py", line 505, in send_response
    self.log_request(code)
  File "/usr/local/lib/python3.11/site-packages/werkzeug/serving.py", line 468, in log_request
    self.log("info", '"%s" %s %s', msg, code, size)
  File "/usr/local/lib/python3.11/site-packages/werkzeug/serving.py", line 479, in log
    _log(
  File "/usr/local/lib/python3.11/site-packages/werkzeug/_internal.py", line 97, in _log
    getattr(_logger, type)(message.rstrip(), *args, **kwargs)
Message: '127.0.0.1 - - [25/Sep/2026 08:08:46] "%s" %s %s'
Arguments: ('GET /health HTTP/1.1', '200', '-')
--- Logging error ---
Traceback (most recent call last):
  File "/usr/local/lib/python3.11/logging/__init__.py", line 449, in format
    return self._format(record)
           ^^^^^^^^^^^^^^^^^^^^
  File "/usr/local/lib/python3.11/logging/__init__.py", line 445, in _format
    return self._fmt % values
           ~~~~~~~~~~^~~~~~~~
KeyError: 'request_id'

During handling of the above exception, another exception occurred:

Traceback (most recent call last):
  File "/usr/local/lib/python3.11/logging/__init__.py", line 1110, in emit
    msg = self.format(record)
          ^^^^^^^^^^^^^^^^^^^
  File "/usr/local/lib/python3.11/logging/__init__.py", line 953, in format
    return fmt.format(record)
           ^^^^^^^^^^^^^^^^^^
  File "/usr/local/lib/python3.11/logging/__init__.py", line 690, in format
    s = self.formatMessage(record)
        ^^^^^^^^^^^^^^^^^^^^^^^^^^
  File "/usr/local/lib/python3.11/logging/__init__.py", line 659, in formatMessage
    return self._style.format(record)
           ^^^^^^^^^^^^^^^^^^^^^^^^^^
  File "/usr/local/lib/python3.11/logging/__init__.py", line 451, in format
    raise ValueError('Formatting field not found in record: %s' % e)
ValueError: Formatting field not found in record: 'request_id'
Call stack:
  File "/usr/local/lib/python3.11/threading.py", line 1002, in _bootstrap
    self._bootstrap_inner()
  File "/usr/local/lib/python3.11/threading.py", line 1045, in _bootstrap_inner
    self.run()
  File "/usr/local/lib/python3.11/threading.py", line 982, in run
    self._target(*self._args, **self._kwargs)
  File "/usr/local/lib/python3.11/socketserver.py", line 691, in process_request_thread
    self.finish_request(request, client_address)
  File "/usr/local/lib/python3.11/socketserver.py", line 361, in finish_request
    self.RequestHandlerClass(request, client_address, self)
  File "/usr/local/lib/python3.11/socketserver.py", line 755, in __init__
    self.handle()
  File "/usr/local/lib/python3.11/site-packages/werkzeug/serving.py", line 399, in handle
    super().handle()
  File "/usr/local/lib/python3.11/http/server.py", line 440, in handle
    self.handle_one_request()
  File "/usr/local/lib/python3.11/http/server.py", line 428, in handle_one_request
    method()
  File "/usr/local/lib/python3.11/site-packages/werkzeug/serving.py", line 371, in run_wsgi
    execute(self.server.app)
  File "/usr/local/lib/python3.11/site-packages/werkzeug/serving.py", line 335, in execute
    write(data)
  File "/usr/local/lib/python3.11/site-packages/werkzeug/serving.py", line 272, in write
    self.send_response(code, msg)
  File "/usr/local/lib/python3.11/http/server.py", line 505, in send_response
    self.log_request(code)
  File "/usr/local/lib/python3.11/site-packages/werkzeug/serving.py", line 468, in log_request
    self.log("info", '"%s" %s %s', msg, code, size)
  File "/usr/local/lib/python3.11/site-packages/werkzeug/serving.py", line 479, in log
    _log(
  File "/usr/local/lib/python3.11/site-packages/werkzeug/_internal.py", line 97, in _log
    getattr(_logger, type)(message.rstrip(), *args, **kwargs)
Message: '127.0.0.1 - - [25/Sep/2026 08:08:56] "%s" %s %s'
Arguments: ('GET /health HTTP/1.1', '200', '-')
--- Logging error ---
Traceback (most recent call last):
  File "/usr/local/lib/python3.11/logging/__init__.py", line 449, in format
    return self._format(record)
           ^^^^^^^^^^^^^^^^^^^^
  File "/usr/local/lib/python3.11/logging/__init__.py", line 445, in _format
    return self._fmt % values
           ~~~~~~~~~~^~~~~~~~
KeyError: 'request_id'

During handling of the above exception, another exception occurred:

Traceback (most recent call last):
  File "/usr/local/lib/python3.11/logging/__init__.py", line 1110, in emit
    msg = self.format(record)
          ^^^^^^^^^^^^^^^^^^^
  File "/usr/local/lib/python3.11/logging/__init__.py", line 953, in format
    return fmt.format(record)
           ^^^^^^^^^^^^^^^^^^
  File "/usr/local/lib/python3.11/logging/__init__.py", line 690, in format
    s = self.formatMessage(record)
        ^^^^^^^^^^^^^^^^^^^^^^^^^^
  File "/usr/local/lib/python3.11/logging/__init__.py", line 659, in formatMessage
    return self._style.format(record)
           ^^^^^^^^^^^^^^^^^^^^^^^^^^
  File "/usr/local/lib/python3.11/logging/__init__.py", line 451, in format
    raise ValueError('Formatting field not found in record: %s' % e)
ValueError: Formatting field not found in record: 'request_id'
Call stack:
  File "/usr/local/lib/python3.11/threading.py", line 1002, in _bootstrap
    self._bootstrap_inner()
  File "/usr/local/lib/python3.11/threading.py", line 1045, in _bootstrap_inner
    self.run()
  File "/usr/local/lib/python3.11/threading.py", line 982, in run
    self._target(*self._args, **self._kwargs)
  File "/usr/local/lib/python3.11/socketserver.py", line 691, in process_request_thread
    self.finish_request(request, client_address)
  File "/usr/local/lib/python3.11/socketserver.py", line 361, in finish_request
    self.RequestHandlerClass(request, client_address, self)
  File "/usr/local/lib/python3.11/socketserver.py", line 755, in __init__
    self.handle()
  File "/usr/local/lib/python3.11/site-packages/werkzeug/serving.py", line 399, in handle
    super().handle()
  File "/usr/local/lib/python3.11/http/server.py", line 440, in handle
    self.handle_one_request()
  File "/usr/local/lib/python3.11/http/server.py", line 428, in handle_one_request
    method()
  File "/usr/local/lib/python3.11/site-packages/werkzeug/serving.py", line 371, in run_wsgi
    execute(self.server.app)
  File "/usr/local/lib/python3.11/site-packages/werkzeug/serving.py", line 335, in execute
    write(data)
  File "/usr/local/lib/python3.11/site-packages/werkzeug/serving.py", line 272, in write
    self.send_response(code, msg)
  File "/usr/local/lib/python3.11/http/server.py", line 505, in send_response
    self.log_request(code)
  File "/usr/local/lib/python3.11/site-packages/werkzeug/serving.py", line 468, in log_request
    self.log("info", '"%s" %s %s', msg, code, size)
  File "/usr/local/lib/python3.11/site-packages/werkzeug/serving.py", line 479, in log
    _log(
  File "/usr/local/lib/python3.11/site-packages/werkzeug/_internal.py", line 97, in _log
    getattr(_logger, type)(message.rstrip(), *args, **kwargs)
Message: '127.0.0.1 - - [25/Sep/2026 08:09:06] "%s" %s %s'
Arguments: ('GET /health HTTP/1.1', '200', '-')
--- Logging error ---
Traceback (most recent call last):
  File "/usr/local/lib/python3.11/logging/__init__.py", line 449, in format
    return self._format(record)
           ^^^^^^^^^^^^^^^^^^^^
  File "/usr/local/lib/python3.11/logging/__init__.py", line 445, in _format
    return self._fmt % values
           ~~~~~~~~~~^~~~~~~~
KeyError: 'request_id'

During handling of the above exception, another exception occurred:

Traceback (most recent call last):
  File "/usr/local/lib/python3.11/logging/__init__.py", line 1110, in emit
    msg = self.format(record)
          ^^^^^^^^^^^^^^^^^^^
  File "/usr/local/lib/python3.11/logging/__init__.py", line 953, in format
    return fmt.format(record)
           ^^^^^^^^^^^^^^^^^^
  File "/usr/local/lib/python3.11/logging/__init__.py", line 690, in format
    s = self.formatMessage(record)
        ^^^^^^^^^^^^^^^^^^^^^^^^^^
  File "/usr/local/lib/python3.11/logging/__init__.py", line 659, in formatMessage
    return self._style.format(record)
           ^^^^^^^^^^^^^^^^^^^^^^^^^^
  File "/usr/local/lib/python3.11/logging/__init__.py", line 451, in format
    raise ValueError('Formatting field not found in record: %s' % e)
ValueError: Formatting field not found in record: 'request_id'
Call stack:
  File "/usr/local/lib/python3.11/threading.py", line 1002, in _bootstrap
    self._bootstrap_inner()
  File "/usr/local/lib/python3.11/threading.py", line 1045, in _bootstrap_inner
    self.run()
  File "/usr/local/lib/python3.11/threading.py", line 982, in run
    self._target(*self._args, **self._kwargs)
  File "/usr/local/lib/python3.11/socketserver.py", line 691, in process_request_thread
    self.finish_request(request, client_address)
  File "/usr/local/lib/python3.11/socketserver.py", line 361, in finish_request
    self.RequestHandlerClass(request, client_address, self)
  File "/usr/local/lib/python3.11/socketserver.py", line 755, in __init__
    self.handle()
  File "/usr/local/lib/python3.11/site-packages/werkzeug/serving.py", line 399, in handle
    super().handle()
  File "/usr/local/lib/python3.11/http/server.py", line 440, in handle
    self.handle_one_request()
  File "/usr/local/lib/python3.11/http/server.py", line 428, in handle_one_request
    method()
  File "/usr/local/lib/python3.11/site-packages/werkzeug/serving.py", line 371, in run_wsgi
    execute(self.server.app)
  File "/usr/local/lib/python3.11/site-packages/werkzeug/serving.py", line 335, in execute
    write(data)
  File "/usr/local/lib/python3.11/site-packages/werkzeug/serving.py", line 272, in write
    self.send_response(code, msg)
  File "/usr/local/lib/python3.11/http/server.py", line 505, in send_response
    self.log_request(code)
  File "/usr/local/lib/python3.11/site-packages/werkzeug/serving.py", line 468, in log_request
    self.log("info", '"%s" %s %s', msg, code, size)
  File "/usr/local/lib/python3.11/site-packages/werkzeug/serving.py", line 479, in log
    _log(
  File "/usr/local/lib/python3.11/site-packages/werkzeug/_internal.py", line 97, in _log
    getattr(_logger, type)(message.rstrip(), *args, **kwargs)
Message: '127.0.0.1 - - [25/Sep/2026 08:09:17] "%s" %s %s'
Arguments: ('GET /health HTTP/1.1', '200', '-')
--- Logging error ---
Traceback (most recent call last):
  File "/usr/local/lib/python3.11/logging/__init__.py", line 449, in format
    return self._format(record)
           ^^^^^^^^^^^^^^^^^^^^
  File "/usr/local/lib/python3.11/logging/__init__.py", line 445, in _format
    return self._fmt % values
           ~~~~~~~~~~^~~~~~~~
KeyError: 'request_id'

During handling of the above exception, another exception occurred:

Traceback (most recent call last):
  File "/usr/local/lib/python3.11/logging/__init__.py", line 1110, in emit
    msg = self.format(record)
          ^^^^^^^^^^^^^^^^^^^
  File "/usr/local/lib/python3.11/logging/__init__.py", line 953, in format
    return fmt.format(record)
           ^^^^^^^^^^^^^^^^^^
  File "/usr/local/lib/python3.11/logging/__init__.py", line 690, in format
    s = self.formatMessage(record)
        ^^^^^^^^^^^^^^^^^^^^^^^^^^
  File "/usr/local/lib/python3.11/logging/__init__.py", line 659, in formatMessage
    return self._style.format(record)
           ^^^^^^^^^^^^^^^^^^^^^^^^^^
  File "/usr/local/lib/python3.11/logging/__init__.py", line 451, in format
    raise ValueError('Formatting field not found in record: %s' % e)
ValueError: Formatting field not found in record: 'request_id'
Call stack:
  File "/usr/local/lib/python3.11/threading.py", line 1002, in _bootstrap
    self._bootstrap_inner()
  File "/usr/local/lib/python3.11/threading.py", line 1045, in _bootstrap_inner
    self.run()
  File "/usr/local/lib/python3.11/threading.py", line 982, in run
    self._target(*self._args, **self._kwargs)
  File "/usr/local/lib/python3.11/socketserver.py", line 691, in process_request_thread
    self.finish_request(request, client_address)
  File "/usr/local/lib/python3.11/socketserver.py", line 361, in finish_request
    self.RequestHandlerClass(request, client_address, self)
  File "/usr/local/lib/python3.11/socketserver.py", line 755, in __init__
    self.handle()
  File "/usr/local/lib/python3.11/site-packages/werkzeug/serving.py", line 399, in handle
    super().handle()
  File "/usr/local/lib/python3.11/http/server.py", line 440, in handle
    self.handle_one_request()
  File "/usr/local/lib/python3.11/http/server.py", line 428, in handle_one_request
    method()
  File "/usr/local/lib/python3.11/site-packages/werkzeug/serving.py", line 371, in run_wsgi
    execute(self.server.app)
  File "/usr/local/lib/python3.11/site-packages/werkzeug/serving.py", line 335, in execute
    write(data)
  File "/usr/local/lib/python3.11/site-packages/werkzeug/serving.py", line 272, in write
    self.send_response(code, msg)
  File "/usr/local/lib/python3.11/http/server.py", line 505, in send_response
    self.log_request(code)
  File "/usr/local/lib/python3.11/site-packages/werkzeug/serving.py", line 468, in log_request
    self.log("info", '"%s" %s %s', msg, code, size)
  File "/usr/local/lib/python3.11/site-packages/werkzeug/serving.py", line 479, in log
    _log(
  File "/usr/local/lib/python3.11/site-packages/werkzeug/_internal.py", line 97, in _log
    getattr(_logger, type)(message.rstrip(), *args, **kwargs)
Message: '127.0.0.1 - - [25/Sep/2026 08:09:27] "%s" %s %s'
Arguments: ('GET /health HTTP/1.1', '200', '-')
--- Logging error ---
Traceback (most recent call last):
  File "/usr/local/lib/python3.11/logging/__init__.py", line 449, in format
    return self._format(record)
           ^^^^^^^^^^^^^^^^^^^^
  File "/usr/local/lib/python3.11/logging/__init__.py", line 445, in _format
    return self._fmt % values
           ~~~~~~~~~~^~~~~~~~
KeyError: 'request_id'

During handling of the above exception, another exception occurred:

Traceback (most recent call last):
  File "/usr/local/lib/python3.11/logging/__init__.py", line 1110, in emit
    msg = self.format(record)
          ^^^^^^^^^^^^^^^^^^^
  File "/usr/local/lib/python3.11/logging/__init__.py", line 953, in format
    return fmt.format(record)
           ^^^^^^^^^^^^^^^^^^
  File "/usr/local/lib/python3.11/logging/__init__.py", line 690, in format
    s = self.formatMessage(record)
        ^^^^^^^^^^^^^^^^^^^^^^^^^^
  File "/usr/local/lib/python3.11/logging/__init__.py", line 659, in formatMessage
    return self._style.format(record)
           ^^^^^^^^^^^^^^^^^^^^^^^^^^
  File "/usr/local/lib/python3.11/logging/__init__.py", line 451, in format
    raise ValueError('Formatting field not found in record: %s' % e)
ValueError: Formatting field not found in record: 'request_id'
Call stack:
  File "/usr/local/lib/python3.11/threading.py", line 1002, in _bootstrap
    self._bootstrap_inner()
  File "/usr/local/lib/python3.11/threading.py", line 1045, in _bootstrap_inner
    self.run()
  File "/usr/local/lib/python3.11/threading.py", line 982, in run
    self._target(*self._args, **self._kwargs)
  File "/usr/local/lib/python3.11/socketserver.py", line 691, in process_request_thread
    self.finish_request(request, client_address)
  File "/usr/local/lib/python3.11/socketserver.py", line 361, in finish_request
    self.RequestHandlerClass(request, client_address, self)
  File "/usr/local/lib/python3.11/socketserver.py", line 755, in __init__
    self.handle()
  File "/usr/local/lib/python3.11/site-packages/werkzeug/serving.py", line 399, in handle
    super().handle()
  File "/usr/local/lib/python3.11/http/server.py", line 440, in handle
    self.handle_one_request()
  File "/usr/local/lib/python3.11/http/server.py", line 428, in handle_one_request
    method()
  File "/usr/local/lib/python3.11/site-packages/werkzeug/serving.py", line 371, in run_wsgi
    execute(self.server.app)
  File "/usr/local/lib/python3.11/site-packages/werkzeug/serving.py", line 335, in execute
    write(data)
  File "/usr/local/lib/python3.11/site-packages/werkzeug/serving.py", line 272, in write
    self.send_response(code, msg)
  File "/usr/local/lib/python3.11/http/server.py", line 505, in send_response
    self.log_request(code)
  File "/usr/local/lib/python3.11/site-packages/werkzeug/serving.py", line 468, in log_request
    self.log("info", '"%s" %s %s', msg, code, size)
  File "/usr/local/lib/python3.11/site-packages/werkzeug/serving.py", line 479, in log
    _log(
  File "/usr/local/lib/python3.11/site-packages/werkzeug/_internal.py", line 97, in _log
    getattr(_logger, type)(message.rstrip(), *args, **kwargs)
Message: '127.0.0.1 - - [25/Sep/2026 08:09:37] "%s" %s %s'
Arguments: ('GET /health HTTP/1.1', '200', '-')
--- Logging error ---
Traceback (most recent call last):
  File "/usr/local/lib/python3.11/logging/__init__.py", line 449, in format
    return self._format(record)
           ^^^^^^^^^^^^^^^^^^^^
  File "/usr/local/lib/python3.11/logging/__init__.py", line 445, in _format
    return self._fmt % values
           ~~~~~~~~~~^~~~~~~~
KeyError: 'request_id'

During handling of the above exception, another exception occurred:

Traceback (most recent call last):
  File "/usr/local/lib/python3.11/logging/__init__.py", line 1110, in emit
    msg = self.format(record)
          ^^^^^^^^^^^^^^^^^^^
  File "/usr/local/lib/python3.11/logging/__init__.py", line 953, in format
    return fmt.format(record)
           ^^^^^^^^^^^^^^^^^^
  File "/usr/local/lib/python3.11/logging/__init__.py", line 690, in format
    s = self.formatMessage(record)
        ^^^^^^^^^^^^^^^^^^^^^^^^^^
  File "/usr/local/lib/python3.11/logging/__init__.py", line 659, in formatMessage
    return self._style.format(record)
           ^^^^^^^^^^^^^^^^^^^^^^^^^^
  File "/usr/local/lib/python3.11/logging/__init__.py", line 451, in format
    raise ValueError('Formatting field not found in record: %s' % e)
ValueError: Formatting field not found in record: 'request_id'
Call stack:
  File "/usr/local/lib/python3.11/threading.py", line 1002, in _bootstrap
    self._bootstrap_inner()
  File "/usr/local/lib/python3.11/threading.py", line 1045, in _bootstrap_inner
    self.run()
  File "/usr/local/lib/python3.11/threading.py", line 982, in run
    self._target(*self._args, **self._kwargs)
  File "/usr/local/lib/python3.11/socketserver.py", line 691, in process_request_thread
    self.finish_request(request, client_address)
  File "/usr/local/lib/python3.11/socketserver.py", line 361, in finish_request
    self.RequestHandlerClass(request, client_address, self)
  File "/usr/local/lib/python3.11/socketserver.py", line 755, in __init__
    self.handle()
  File "/usr/local/lib/python3.11/site-packages/werkzeug/serving.py", line 399, in handle
    super().handle()
  File "/usr/local/lib/python3.11/http/server.py", line 440, in handle
    self.handle_one_request()
  File "/usr/local/lib/python3.11/http/server.py", line 428, in handle_one_request
    method()
  File "/usr/local/lib/python3.11/site-packages/werkzeug/serving.py", line 371, in run_wsgi
    execute(self.server.app)
  File "/usr/local/lib/python3.11/site-packages/werkzeug/serving.py", line 335, in execute
    write(data)
  File "/usr/local/lib/python3.11/site-packages/werkzeug/serving.py", line 272, in write
    self.send_response(code, msg)
  File "/usr/local/lib/python3.11/http/server.py", line 505, in send_response
    self.log_request(code)
  File "/usr/local/lib/python3.11/site-packages/werkzeug/serving.py", line 468, in log_request
    self.log("info", '"%s" %s %s', msg, code, size)
  File "/usr/local/lib/python3.11/site-packages/werkzeug/serving.py", line 479, in log
    _log(
  File "/usr/local/lib/python3.11/site-packages/werkzeug/_internal.py", line 97, in _log
    getattr(_logger, type)(message.rstrip(), *args, **kwargs)
Message: '127.0.0.1 - - [25/Sep/2026 08:09:47] "%s" %s %s'
Arguments: ('GET /health HTTP/1.1', '200', '-')
--- Logging error ---
Traceback (most recent call last):
  File "/usr/local/lib/python3.11/logging/__init__.py", line 449, in format
    return self._format(record)
           ^^^^^^^^^^^^^^^^^^^^
  File "/usr/local/lib/python3.11/logging/__init__.py", line 445, in _format
    return self._fmt % values
           ~~~~~~~~~~^~~~~~~~
KeyError: 'request_id'

During handling of the above exception, another exception occurred:

Traceback (most recent call last):
  File "/usr/local/lib/python3.11/logging/__init__.py", line 1110, in emit
    msg = self.format(record)
          ^^^^^^^^^^^^^^^^^^^
  File "/usr/local/lib/python3.11/logging/__init__.py", line 953, in format
    return fmt.format(record)
           ^^^^^^^^^^^^^^^^^^
  File "/usr/local/lib/python3.11/logging/__init__.py", line 690, in format
    s = self.formatMessage(record)
        ^^^^^^^^^^^^^^^^^^^^^^^^^^
  File "/usr/local/lib/python3.11/logging/__init__.py", line 659, in formatMessage
    return self._style.format(record)
           ^^^^^^^^^^^^^^^^^^^^^^^^^^
  File "/usr/local/lib/python3.11/logging/__init__.py", line 451, in format
    raise ValueError('Formatting field not found in record: %s' % e)
ValueError: Formatting field not found in record: 'request_id'
Call stack:
  File "/usr/local/lib/python3.11/threading.py", line 1002, in _bootstrap
    self._bootstrap_inner()
  File "/usr/local/lib/python3.11/threading.py", line 1045, in _bootstrap_inner
    self.run()
  File "/usr/local/lib/python3.11/threading.py", line 982, in run
    self._target(*self._args, **self._kwargs)
  File "/usr/local/lib/python3.11/socketserver.py", line 691, in process_request_thread
    self.finish_request(request, client_address)
  File "/usr/local/lib/python3.11/socketserver.py", line 361, in finish_request
    self.RequestHandlerClass(request, client_address, self)
  File "/usr/local/lib/python3.11/socketserver.py", line 755, in __init__
    self.handle()
  File "/usr/local/lib/python3.11/site-packages/werkzeug/serving.py", line 399, in handle
    super().handle()
  File "/usr/local/lib/python3.11/http/server.py", line 440, in handle
    self.handle_one_request()
  File "/usr/local/lib/python3.11/http/server.py", line 428, in handle_one_request
    method()
  File "/usr/local/lib/python3.11/site-packages/werkzeug/serving.py", line 371, in run_wsgi
    execute(self.server.app)
  File "/usr/local/lib/python3.11/site-packages/werkzeug/serving.py", line 335, in execute
    write(data)
  File "/usr/local/lib/python3.11/site-packages/werkzeug/serving.py", line 272, in write
    self.send_response(code, msg)
  File "/usr/local/lib/python3.11/http/server.py", line 505, in send_response
    self.log_request(code)
  File "/usr/local/lib/python3.11/site-packages/werkzeug/serving.py", line 468, in log_request
    self.log("info", '"%s" %s %s', msg, code, size)
  File "/usr/local/lib/python3.11/site-packages/werkzeug/serving.py", line 479, in log
    _log(
  File "/usr/local/lib/python3.11/site-packages/werkzeug/_internal.py", line 97, in _log
    getattr(_logger, type)(message.rstrip(), *args, **kwargs)
Message: '127.0.0.1 - - [25/Sep/2026 08:09:57] "%s" %s %s'
Arguments: ('GET /health HTTP/1.1', '200', '-')
--- Logging error ---
Traceback (most recent call last):
  File "/usr/local/lib/python3.11/logging/__init__.py", line 449, in format
    return self._format(record)
           ^^^^^^^^^^^^^^^^^^^^
  File "/usr/local/lib/python3.11/logging/__init__.py", line 445, in _format
    return self._fmt % values
           ~~~~~~~~~~^~~~~~~~
KeyError: 'request_id'

During handling of the above exception, another exception occurred:

Traceback (most recent call last):
  File "/usr/local/lib/python3.11/logging/__init__.py", line 1110, in emit
    msg = self.format(record)
          ^^^^^^^^^^^^^^^^^^^
  File "/usr/local/lib/python3.11/logging/__init__.py", line 953, in format
    return fmt.format(record)
           ^^^^^^^^^^^^^^^^^^
  File "/usr/local/lib/python3.11/logging/__init__.py", line 690, in format
    s = self.formatMessage(record)
        ^^^^^^^^^^^^^^^^^^^^^^^^^^
  File "/usr/local/lib/python3.11/logging/__init__.py", line 659, in formatMessage
    return self._style.format(record)
           ^^^^^^^^^^^^^^^^^^^^^^^^^^
  File "/usr/local/lib/python3.11/logging/__init__.py", line 451, in format
    raise ValueError('Formatting field not found in record: %s' % e)
ValueError: Formatting field not found in record: 'request_id'
Call stack:
  File "/usr/local/lib/python3.11/threading.py", line 1002, in _bootstrap
    self._bootstrap_inner()
  File "/usr/local/lib/python3.11/threading.py", line 1045, in _bootstrap_inner
    self.run()
  File "/usr/local/lib/python3.11/threading.py", line 982, in run
    self._target(*self._args, **self._kwargs)
  File "/usr/local/lib/python3.11/socketserver.py", line 691, in process_request_thread
    self.finish_request(request, client_address)
  File "/usr/local/lib/python3.11/socketserver.py", line 361, in finish_request
    self.RequestHandlerClass(request, client_address, self)
  File "/usr/local/lib/python3.11/socketserver.py", line 755, in __init__
    self.handle()
  File "/usr/local/lib/python3.11/site-packages/werkzeug/serving.py", line 399, in handle
    super().handle()
  File "/usr/local/lib/python3.11/http/server.py", line 440, in handle
    self.handle_one_request()
  File "/usr/local/lib/python3.11/http/server.py", line 428, in handle_one_request
    method()
  File "/usr/local/lib/python3.11/site-packages/werkzeug/serving.py", line 371, in run_wsgi
    execute(self.server.app)
  File "/usr/local/lib/python3.11/site-packages/werkzeug/serving.py", line 335, in execute
    write(data)
  File "/usr/local/lib/python3.11/site-packages/werkzeug/serving.py", line 272, in write
    self.send_response(code, msg)
  File "/usr/local/lib/python3.11/http/server.py", line 505, in send_response
    self.log_request(code)
  File "/usr/local/lib/python3.11/site-packages/werkzeug/serving.py", line 468, in log_request
    self.log("info", '"%s" %s %s', msg, code, size)
  File "/usr/local/lib/python3.11/site-packages/werkzeug/serving.py", line 479, in log
    _log(
  File "/usr/local/lib/python3.11/site-packages/werkzeug/_internal.py", line 97, in _log
    getattr(_logger, type)(message.rstrip(), *args, **kwargs)
Message: '127.0.0.1 - - [25/Sep/2026 08:10:07] "%s" %s %s'
Arguments: ('GET /health HTTP/1.1', '200', '-')
--- Logging error ---
Traceback (most recent call last):
  File "/usr/local/lib/python3.11/logging/__init__.py", line 449, in format
    return self._format(record)
           ^^^^^^^^^^^^^^^^^^^^
  File "/usr/local/lib/python3.11/logging/__init__.py", line 445, in _format
    return self._fmt % values
           ~~~~~~~~~~^~~~~~~~
KeyError: 'request_id'

During handling of the above exception, another exception occurred:

Traceback (most recent call last):
  File "/usr/local/lib/python3.11/logging/__init__.py", line 1110, in emit
    msg = self.format(record)
          ^^^^^^^^^^^^^^^^^^^
  File "/usr/local/lib/python3.11/logging/__init__.py", line 953, in format
    return fmt.format(record)
           ^^^^^^^^^^^^^^^^^^
  File "/usr/local/lib/python3.11/logging/__init__.py", line 690, in format
    s = self.formatMessage(record)
        ^^^^^^^^^^^^^^^^^^^^^^^^^^
  File "/usr/local/lib/python3.11/logging/__init__.py", line 659, in formatMessage
    return self._style.format(record)
           ^^^^^^^^^^^^^^^^^^^^^^^^^^
  File "/usr/local/lib/python3.11/logging/__init__.py", line 451, in format
    raise ValueError('Formatting field not found in record: %s' % e)
ValueError: Formatting field not found in record: 'request_id'
Call stack:
  File "/usr/local/lib/python3.11/threading.py", line 1002, in _bootstrap
    self._bootstrap_inner()
  File "/usr/local/lib/python3.11/threading.py", line 1045, in _bootstrap_inner
    self.run()
  File "/usr/local/lib/python3.11/threading.py", line 982, in run
    self._target(*self._args, **self._kwargs)
  File "/usr/local/lib/python3.11/socketserver.py", line 691, in process_request_thread
    self.finish_request(request, client_address)
  File "/usr/local/lib/python3.11/socketserver.py", line 361, in finish_request
    self.RequestHandlerClass(request, client_address, self)
  File "/usr/local/lib/python3.11/socketserver.py", line 755, in __init__
    self.handle()
  File "/usr/local/lib/python3.11/site-packages/werkzeug/serving.py", line 399, in handle
    super().handle()
  File "/usr/local/lib/python3.11/http/server.py", line 440, in handle
    self.handle_one_request()
  File "/usr/local/lib/python3.11/http/server.py", line 428, in handle_one_request
    method()
  File "/usr/local/lib/python3.11/site-packages/werkzeug/serving.py", line 371, in run_wsgi
    execute(self.server.app)
  File "/usr/local/lib/python3.11/site-packages/werkzeug/serving.py", line 335, in execute
    write(data)
  File "/usr/local/lib/python3.11/site-packages/werkzeug/serving.py", line 272, in write
    self.send_response(code, msg)
  File "/usr/local/lib/python3.11/http/server.py", line 505, in send_response
    self.log_request(code)
  File "/usr/local/lib/python3.11/site-packages/werkzeug/serving.py", line 468, in log_request
    self.log("info", '"%s" %s %s', msg, code, size)
  File "/usr/local/lib/python3.11/site-packages/werkzeug/serving.py", line 479, in log
    _log(
  File "/usr/local/lib/python3.11/site-packages/werkzeug/_internal.py", line 97, in _log
    getattr(_logger, type)(message.rstrip(), *args, **kwargs)
Message: '127.0.0.1 - - [25/Sep/2026 08:10:18] "%s" %s %s'
Arguments: ('GET /health HTTP/1.1', '200', '-')
--- Logging error ---
Traceback (most recent call last):
  File "/usr/local/lib/python3.11/logging/__init__.py", line 449, in format
    return self._format(record)
           ^^^^^^^^^^^^^^^^^^^^
  File "/usr/local/lib/python3.11/logging/__init__.py", line 445, in _format
    return self._fmt % values
           ~~~~~~~~~~^~~~~~~~
KeyError: 'request_id'

During handling of the above exception, another exception occurred:

Traceback (most recent call last):
  File "/usr/local/lib/python3.11/logging/__init__.py", line 1110, in emit
    msg = self.format(record)
          ^^^^^^^^^^^^^^^^^^^
  File "/usr/local/lib/python3.11/logging/__init__.py", line 953, in format
    return fmt.format(record)
           ^^^^^^^^^^^^^^^^^^
  File "/usr/local/lib/python3.11/logging/__init__.py", line 690, in format
    s = self.formatMessage(record)
        ^^^^^^^^^^^^^^^^^^^^^^^^^^
  File "/usr/local/lib/python3.11/logging/__init__.py", line 659, in formatMessage
    return self._style.format(record)
           ^^^^^^^^^^^^^^^^^^^^^^^^^^
  File "/usr/local/lib/python3.11/logging/__init__.py", line 451, in format
    raise ValueError('Formatting field not found in record: %s' % e)
ValueError: Formatting field not found in record: 'request_id'
Call stack:
  File "/usr/local/lib/python3.11/threading.py", line 1002, in _bootstrap
    self._bootstrap_inner()
  File "/usr/local/lib/python3.11/threading.py", line 1045, in _bootstrap_inner
    self.run()
  File "/usr/local/lib/python3.11/threading.py", line 982, in run
    self._target(*self._args, **self._kwargs)
  File "/usr/local/lib/python3.11/socketserver.py", line 691, in process_request_thread
    self.finish_request(request, client_address)
  File "/usr/local/lib/python3.11/socketserver.py", line 361, in finish_request
    self.RequestHandlerClass(request, client_address, self)
  File "/usr/local/lib/python3.11/socketserver.py", line 755, in __init__
    self.handle()
  File "/usr/local/lib/python3.11/site-packages/werkzeug/serving.py", line 399, in handle
    super().handle()
  File "/usr/local/lib/python3.11/http/server.py", line 440, in handle
    self.handle_one_request()
  File "/usr/local/lib/python3.11/http/server.py", line 428, in handle_one_request
    method()
  File "/usr/local/lib/python3.11/site-packages/werkzeug/serving.py", line 371, in run_wsgi
    execute(self.server.app)
  File "/usr/local/lib/python3.11/site-packages/werkzeug/serving.py", line 335, in execute
    write(data)
  File "/usr/local/lib/python3.11/site-packages/werkzeug/serving.py", line 272, in write
    self.send_response(code, msg)
  File "/usr/local/lib/python3.11/http/server.py", line 505, in send_response
    self.log_request(code)
  File "/usr/local/lib/python3.11/site-packages/werkzeug/serving.py", line 468, in log_request
    self.log("info", '"%s" %s %s', msg, code, size)
  File "/usr/local/lib/python3.11/site-packages/werkzeug/serving.py", line 479, in log
    _log(
  File "/usr/local/lib/python3.11/site-packages/werkzeug/_internal.py", line 97, in _log
    getattr(_logger, type)(message.rstrip(), *args, **kwargs)
Message: '127.0.0.1 - - [25/Sep/2026 08:10:28] "%s" %s %s'
Arguments: ('GET /health HTTP/1.1', '200', '-')
--- Logging error ---
Traceback (most recent call last):
  File "/usr/local/lib/python3.11/logging/__init__.py", line 449, in format
    return self._format(record)
           ^^^^^^^^^^^^^^^^^^^^
  File "/usr/local/lib/python3.11/logging/__init__.py", line 445, in _format
    return self._fmt % values
           ~~~~~~~~~~^~~~~~~~
KeyError: 'request_id'

During handling of the above exception, another exception occurred:

Traceback (most recent call last):
  File "/usr/local/lib/python3.11/logging/__init__.py", line 1110, in emit
    msg = self.format(record)
          ^^^^^^^^^^^^^^^^^^^
  File "/usr/local/lib/python3.11/logging/__init__.py", line 953, in format
    return fmt.format(record)
           ^^^^^^^^^^^^^^^^^^
  File "/usr/local/lib/python3.11/logging/__init__.py", line 690, in format
    s = self.formatMessage(record)
        ^^^^^^^^^^^^^^^^^^^^^^^^^^
  File "/usr/local/lib/python3.11/logging/__init__.py", line 659, in formatMessage
    return self._style.format(record)
           ^^^^^^^^^^^^^^^^^^^^^^^^^^
  File "/usr/local/lib/python3.11/logging/__init__.py", line 451, in format
    raise ValueError('Formatting field not found in record: %s' % e)
ValueError: Formatting field not found in record: 'request_id'
Call stack:
  File "/usr/local/lib/python3.11/threading.py", line 1002, in _bootstrap
    self._bootstrap_inner()
  File "/usr/local/lib/python3.11/threading.py", line 1045, in _bootstrap_inner
    self.run()
  File "/usr/local/lib/python3.11/threading.py", line 982, in run
    self._target(*self._args, **self._kwargs)
  File "/usr/local/lib/python3.11/socketserver.py", line 691, in process_request_thread
    self.finish_request(request, client_address)
  File "/usr/local/lib/python3.11/socketserver.py", line 361, in finish_request
    self.RequestHandlerClass(request, client_address, self)
  File "/usr/local/lib/python3.11/socketserver.py", line 755, in __init__
    self.handle()
  File "/usr/local/lib/python3.11/site-packages/werkzeug/serving.py", line 399, in handle
    super().handle()
  File "/usr/local/lib/python3.11/http/server.py", line 440, in handle
    self.handle_one_request()
  File "/usr/local/lib/python3.11/http/server.py", line 428, in handle_one_request
    method()
  File "/usr/local/lib/python3.11/site-packages/werkzeug/serving.py", line 371, in run_wsgi
    execute(self.server.app)
  File "/usr/local/lib/python3.11/site-packages/werkzeug/serving.py", line 335, in execute
    write(data)
  File "/usr/local/lib/python3.11/site-packages/werkzeug/serving.py", line 272, in write
    self.send_response(code, msg)
  File "/usr/local/lib/python3.11/http/server.py", line 505, in send_response
    self.log_request(code)
  File "/usr/local/lib/python3.11/site-packages/werkzeug/serving.py", line 468, in log_request
    self.log("info", '"%s" %s %s', msg, code, size)
  File "/usr/local/lib/python3.11/site-packages/werkzeug/serving.py", line 479, in log
    _log(
  File "/usr/local/lib/python3.11/site-packages/werkzeug/_internal.py", line 97, in _log
    getattr(_logger, type)(message.rstrip(), *args, **kwargs)
Message: '127.0.0.1 - - [25/Sep/2026 08:10:38] "%s" %s %s'
Arguments: ('GET /health HTTP/1.1', '200', '-')
--- Logging error ---
Traceback (most recent call last):
  File "/usr/local/lib/python3.11/logging/__init__.py", line 449, in format
    return self._format(record)
           ^^^^^^^^^^^^^^^^^^^^
  File "/usr/local/lib/python3.11/logging/__init__.py", line 445, in _format
    return self._fmt % values
           ~~~~~~~~~~^~~~~~~~
KeyError: 'request_id'

During handling of the above exception, another exception occurred:

Traceback (most recent call last):
  File "/usr/local/lib/python3.11/logging/__init__.py", line 1110, in emit
    msg = self.format(record)
          ^^^^^^^^^^^^^^^^^^^
  File "/usr/local/lib/python3.11/logging/__init__.py", line 953, in format
    return fmt.format(record)
           ^^^^^^^^^^^^^^^^^^
  File "/usr/local/lib/python3.11/logging/__init__.py", line 690, in format
    s = self.formatMessage(record)
        ^^^^^^^^^^^^^^^^^^^^^^^^^^
  File "/usr/local/lib/python3.11/logging/__init__.py", line 659, in formatMessage
    return self._style.format(record)
           ^^^^^^^^^^^^^^^^^^^^^^^^^^
  File "/usr/local/lib/python3.11/logging/__init__.py", line 451, in format
    raise ValueError('Formatting field not found in record: %s' % e)
ValueError: Formatting field not found in record: 'request_id'
Call stack:
  File "/usr/local/lib/python3.11/threading.py", line 1002, in _bootstrap
    self._bootstrap_inner()
  File "/usr/local/lib/python3.11/threading.py", line 1045, in _bootstrap_inner
    self.run()
  File "/usr/local/lib/python3.11/threading.py", line 982, in run
    self._target(*self._args, **self._kwargs)
  File "/usr/local/lib/python3.11/socketserver.py", line 691, in process_request_thread
    self.finish_request(request, client_address)
  File "/usr/local/lib/python3.11/socketserver.py", line 361, in finish_request
    self.RequestHandlerClass(request, client_address, self)
  File "/usr/local/lib/python3.11/socketserver.py", line 755, in __init__
    self.handle()
  File "/usr/local/lib/python3.11/site-packages/werkzeug/serving.py", line 399, in handle
    super().handle()
  File "/usr/local/lib/python3.11/http/server.py", line 440, in handle
    self.handle_one_request()
  File "/usr/local/lib/python3.11/http/server.py", line 428, in handle_one_request
    method()
  File "/usr/local/lib/python3.11/site-packages/werkzeug/serving.py", line 371, in run_wsgi
    execute(self.server.app)
  File "/usr/local/lib/python3.11/site-packages/werkzeug/serving.py", line 335, in execute
    write(data)
  File "/usr/local/lib/python3.11/site-packages/werkzeug/serving.py", line 272, in write
    self.send_response(code, msg)
  File "/usr/local/lib/python3.11/http/server.py", line 505, in send_response
    self.log_request(code)
  File "/usr/local/lib/python3.11/site-packages/werkzeug/serving.py", line 468, in log_request
    self.log("info", '"%s" %s %s', msg, code, size)
  File "/usr/local/lib/python3.11/site-packages/werkzeug/serving.py", line 479, in log
    _log(
  File "/usr/local/lib/python3.11/site-packages/werkzeug/_internal.py", line 97, in _log
    getattr(_logger, type)(message.rstrip(), *args, **kwargs)
Message: '127.0.0.1 - - [25/Sep/2026 08:10:48] "%s" %s %s'
Arguments: ('GET /health HTTP/1.1', '200', '-')
--- Logging error ---
Traceback (most recent call last):
  File "/usr/local/lib/python3.11/logging/__init__.py", line 449, in format
    return self._format(record)
           ^^^^^^^^^^^^^^^^^^^^
  File "/usr/local/lib/python3.11/logging/__init__.py", line 445, in _format
    return self._fmt % values
           ~~~~~~~~~~^~~~~~~~
KeyError: 'request_id'

During handling of the above exception, another exception occurred:

Traceback (most recent call last):
  File "/usr/local/lib/python3.11/logging/__init__.py", line 1110, in emit
    msg = self.format(record)
          ^^^^^^^^^^^^^^^^^^^
  File "/usr/local/lib/python3.11/logging/__init__.py", line 953, in format
    return fmt.format(record)
           ^^^^^^^^^^^^^^^^^^
  File "/usr/local/lib/python3.11/logging/__init__.py", line 690, in format
    s = self.formatMessage(record)
        ^^^^^^^^^^^^^^^^^^^^^^^^^^
  File "/usr/local/lib/python3.11/logging/__init__.py", line 659, in formatMessage
    return self._style.format(record)
           ^^^^^^^^^^^^^^^^^^^^^^^^^^
  File "/usr/local/lib/python3.11/logging/__init__.py", line 451, in format
    raise ValueError('Formatting field not found in record: %s' % e)
ValueError: Formatting field not found in record: 'request_id'
Call stack:
  File "/usr/local/lib/python3.11/threading.py", line 1002, in _bootstrap
    self._bootstrap_inner()
  File "/usr/local/lib/python3.11/threading.py", line 1045, in _bootstrap_inner
    self.run()
  File "/usr/local/lib/python3.11/threading.py", line 982, in run
    self._target(*self._args, **self._kwargs)
  File "/usr/local/lib/python3.11/socketserver.py", line 691, in process_request_thread
    self.finish_request(request, client_address)
  File "/usr/local/lib/python3.11/socketserver.py", line 361, in finish_request
    self.RequestHandlerClass(request, client_address, self)
  File "/usr/local/lib/python3.11/socketserver.py", line 755, in __init__
    self.handle()
  File "/usr/local/lib/python3.11/site-packages/werkzeug/serving.py", line 399, in handle
    super().handle()
  File "/usr/local/lib/python3.11/http/server.py", line 440, in handle
    self.handle_one_request()
  File "/usr/local/lib/python3.11/http/server.py", line 428, in handle_one_request
    method()
  File "/usr/local/lib/python3.11/site-packages/werkzeug/serving.py", line 371, in run_wsgi
    execute(self.server.app)
  File "/usr/local/lib/python3.11/site-packages/werkzeug/serving.py", line 335, in execute
    write(data)
  File "/usr/local/lib/python3.11/site-packages/werkzeug/serving.py", line 272, in write
    self.send_response(code, msg)
  File "/usr/local/lib/python3.11/http/server.py", line 505, in send_response
    self.log_request(code)
  File "/usr/local/lib/python3.11/site-packages/werkzeug/serving.py", line 468, in log_request
    self.log("info", '"%s" %s %s', msg, code, size)
  File "/usr/local/lib/python3.11/site-packages/werkzeug/serving.py", line 479, in log
    _log(
  File "/usr/local/lib/python3.11/site-packages/werkzeug/_internal.py", line 97, in _log
    getattr(_logger, type)(message.rstrip(), *args, **kwargs)
Message: '127.0.0.1 - - [25/Sep/2026 08:10:58] "%s" %s %s'
Arguments: ('GET /health HTTP/1.1', '200', '-')
--- Logging error ---
Traceback (most recent call last):
  File "/usr/local/lib/python3.11/logging/__init__.py", line 449, in format
    return self._format(record)
           ^^^^^^^^^^^^^^^^^^^^
  File "/usr/local/lib/python3.11/logging/__init__.py", line 445, in _format
    return self._fmt % values
           ~~~~~~~~~~^~~~~~~~
KeyError: 'request_id'

During handling of the above exception, another exception occurred:

Traceback (most recent call last):
  File "/usr/local/lib/python3.11/logging/__init__.py", line 1110, in emit
    msg = self.format(record)
          ^^^^^^^^^^^^^^^^^^^
  File "/usr/local/lib/python3.11/logging/__init__.py", line 953, in format
    return fmt.format(record)
           ^^^^^^^^^^^^^^^^^^
  File "/usr/local/lib/python3.11/logging/__init__.py", line 690, in format
    s = self.formatMessage(record)
        ^^^^^^^^^^^^^^^^^^^^^^^^^^
  File "/usr/local/lib/python3.11/logging/__init__.py", line 659, in formatMessage
    return self._style.format(record)
           ^^^^^^^^^^^^^^^^^^^^^^^^^^
  File "/usr/local/lib/python3.11/logging/__init__.py", line 451, in format
    raise ValueError('Formatting field not found in record: %s' % e)
ValueError: Formatting field not found in record: 'request_id'
Call stack:
  File "/usr/local/lib/python3.11/threading.py", line 1002, in _bootstrap
    self._bootstrap_inner()
  File "/usr/local/lib/python3.11/threading.py", line 1045, in _bootstrap_inner
    self.run()
  File "/usr/local/lib/python3.11/threading.py", line 982, in run
    self._target(*self._args, **self._kwargs)
  File "/usr/local/lib/python3.11/socketserver.py", line 691, in process_request_thread
    self.finish_request(request, client_address)
  File "/usr/local/lib/python3.11/socketserver.py", line 361, in finish_request
    self.RequestHandlerClass(request, client_address, self)
  File "/usr/local/lib/python3.11/socketserver.py", line 755, in __init__
    self.handle()
  File "/usr/local/lib/python3.11/site-packages/werkzeug/serving.py", line 399, in handle
    super().handle()
  File "/usr/local/lib/python3.11/http/server.py", line 440, in handle
    self.handle_one_request()
  File "/usr/local/lib/python3.11/http/server.py", line 428, in handle_one_request
    method()
  File "/usr/local/lib/python3.11/site-packages/werkzeug/serving.py", line 371, in run_wsgi
    execute(self.server.app)
  File "/usr/local/lib/python3.11/site-packages/werkzeug/serving.py", line 335, in execute
    write(data)
  File "/usr/local/lib/python3.11/site-packages/werkzeug/serving.py", line 272, in write
    self.send_response(code, msg)
  File "/usr/local/lib/python3.11/http/server.py", line 505, in send_response
    self.log_request(code)
  File "/usr/local/lib/python3.11/site-packages/werkzeug/serving.py", line 468, in log_request
    self.log("info", '"%s" %s %s', msg, code, size)
  File "/usr/local/lib/python3.11/site-packages/werkzeug/serving.py", line 479, in log
    _log(
  File "/usr/local/lib/python3.11/site-packages/werkzeug/_internal.py", line 97, in _log
    getattr(_logger, type)(message.rstrip(), *args, **kwargs)
Message: '127.0.0.1 - - [25/Sep/2026 08:11:08] "%s" %s %s'
Arguments: ('GET /health HTTP/1.1', '200', '-')
--- Logging error ---
Traceback (most recent call last):
  File "/usr/local/lib/python3.11/logging/__init__.py", line 449, in format
    return self._format(record)
           ^^^^^^^^^^^^^^^^^^^^
  File "/usr/local/lib/python3.11/logging/__init__.py", line 445, in _format
    return self._fmt % values
           ~~~~~~~~~~^~~~~~~~
KeyError: 'request_id'

During handling of the above exception, another exception occurred:

Traceback (most recent call last):
  File "/usr/local/lib/python3.11/logging/__init__.py", line 1110, in emit
    msg = self.format(record)
          ^^^^^^^^^^^^^^^^^^^
  File "/usr/local/lib/python3.11/logging/__init__.py", line 953, in format
    return fmt.format(record)
           ^^^^^^^^^^^^^^^^^^
  File "/usr/local/lib/python3.11/logging/__init__.py", line 690, in format
    s = self.formatMessage(record)
        ^^^^^^^^^^^^^^^^^^^^^^^^^^
  File "/usr/local/lib/python3.11/logging/__init__.py", line 659, in formatMessage
    return self._style.format(record)
           ^^^^^^^^^^^^^^^^^^^^^^^^^^
  File "/usr/local/lib/python3.11/logging/__init__.py", line 451, in format
    raise ValueError('Formatting field not found in record: %s' % e)
ValueError: Formatting field not found in record: 'request_id'
Call stack:
  File "/usr/local/lib/python3.11/threading.py", line 1002, in _bootstrap
    self._bootstrap_inner()
  File "/usr/local/lib/python3.11/threading.py", line 1045, in _bootstrap_inner
    self.run()
  File "/usr/local/lib/python3.11/threading.py", line 982, in run
    self._target(*self._args, **self._kwargs)
  File "/usr/local/lib/python3.11/socketserver.py", line 691, in process_request_thread
    self.finish_request(request, client_address)
  File "/usr/local/lib/python3.11/socketserver.py", line 361, in finish_request
    self.RequestHandlerClass(request, client_address, self)
  File "/usr/local/lib/python3.11/socketserver.py", line 755, in __init__
    self.handle()
  File "/usr/local/lib/python3.11/site-packages/werkzeug/serving.py", line 399, in handle
    super().handle()
  File "/usr/local/lib/python3.11/http/server.py", line 440, in handle
    self.handle_one_request()
  File "/usr/local/lib/python3.11/http/server.py", line 428, in handle_one_request
    method()
  File "/usr/local/lib/python3.11/site-packages/werkzeug/serving.py", line 371, in run_wsgi
    execute(self.server.app)
  File "/usr/local/lib/python3.11/site-packages/werkzeug/serving.py", line 335, in execute
    write(data)
  File "/usr/local/lib/python3.11/site-packages/werkzeug/serving.py", line 272, in write
    self.send_response(code, msg)
  File "/usr/local/lib/python3.11/http/server.py", line 505, in send_response
    self.log_request(code)
  File "/usr/local/lib/python3.11/site-packages/werkzeug/serving.py", line 468, in log_request
    self.log("info", '"%s" %s %s', msg, code, size)
  File "/usr/local/lib/python3.11/site-packages/werkzeug/serving.py", line 479, in log
    _log(
  File "/usr/local/lib/python3.11/site-packages/werkzeug/_internal.py", line 97, in _log
    getattr(_logger, type)(message.rstrip(), *args, **kwargs)
Message: '127.0.0.1 - - [25/Sep/2026 08:11:18] "%s" %s %s'
Arguments: ('GET /health HTTP/1.1', '200', '-')
--- Logging error ---
Traceback (most recent call last):
  File "/usr/local/lib/python3.11/logging/__init__.py", line 449, in format
    return self._format(record)
           ^^^^^^^^^^^^^^^^^^^^
  File "/usr/local/lib/python3.11/logging/__init__.py", line 445, in _format
    return self._fmt % values
           ~~~~~~~~~~^~~~~~~~
KeyError: 'request_id'

During handling of the above exception, another exception occurred:

Traceback (most recent call last):
  File "/usr/local/lib/python3.11/logging/__init__.py", line 1110, in emit
    msg = self.format(record)
          ^^^^^^^^^^^^^^^^^^^
  File "/usr/local/lib/python3.11/logging/__init__.py", line 953, in format
    return fmt.format(record)
           ^^^^^^^^^^^^^^^^^^
  File "/usr/local/lib/python3.11/logging/__init__.py", line 690, in format
    s = self.formatMessage(record)
        ^^^^^^^^^^^^^^^^^^^^^^^^^^
  File "/usr/local/lib/python3.11/logging/__init__.py", line 659, in formatMessage
    return self._style.format(record)
           ^^^^^^^^^^^^^^^^^^^^^^^^^^
  File "/usr/local/lib/python3.11/logging/__init__.py", line 451, in format
    raise ValueError('Formatting field not found in record: %s' % e)
ValueError: Formatting field not found in record: 'request_id'
Call stack:
  File "/usr/local/lib/python3.11/threading.py", line 1002, in _bootstrap
    self._bootstrap_inner()
  File "/usr/local/lib/python3.11/threading.py", line 1045, in _bootstrap_inner
    self.run()
  File "/usr/local/lib/python3.11/threading.py", line 982, in run
    self._target(*self._args, **self._kwargs)
  File "/usr/local/lib/python3.11/socketserver.py", line 691, in process_request_thread
    self.finish_request(request, client_address)
  File "/usr/local/lib/python3.11/socketserver.py", line 361, in finish_request
    self.RequestHandlerClass(request, client_address, self)
  File "/usr/local/lib/python3.11/socketserver.py", line 755, in __init__
    self.handle()
  File "/usr/local/lib/python3.11/site-packages/werkzeug/serving.py", line 399, in handle
    super().handle()
  File "/usr/local/lib/python3.11/http/server.py", line 440, in handle
    self.handle_one_request()
  File "/usr/local/lib/python3.11/http/server.py", line 428, in handle_one_request
    method()
  File "/usr/local/lib/python3.11/site-packages/werkzeug/serving.py", line 371, in run_wsgi
    execute(self.server.app)
  File "/usr/local/lib/python3.11/site-packages/werkzeug/serving.py", line 335, in execute
    write(data)
  File "/usr/local/lib/python3.11/site-packages/werkzeug/serving.py", line 272, in write
    self.send_response(code, msg)
  File "/usr/local/lib/python3.11/http/server.py", line 505, in send_response
    self.log_request(code)
  File "/usr/local/lib/python3.11/site-packages/werkzeug/serving.py", line 468, in log_request
    self.log("info", '"%s" %s %s', msg, code, size)
  File "/usr/local/lib/python3.11/site-packages/werkzeug/serving.py", line 479, in log
    _log(
  File "/usr/local/lib/python3.11/site-packages/werkzeug/_internal.py", line 97, in _log
    getattr(_logger, type)(message.rstrip(), *args, **kwargs)
Message: '127.0.0.1 - - [25/Sep/2026 08:11:28] "%s" %s %s'
Arguments: ('GET /health HTTP/1.1', '200', '-')
--- Logging error ---
Traceback (most recent call last):
  File "/usr/local/lib/python3.11/logging/__init__.py", line 449, in format
    return self._format(record)
           ^^^^^^^^^^^^^^^^^^^^
  File "/usr/local/lib/python3.11/logging/__init__.py", line 445, in _format
    return self._fmt % values
           ~~~~~~~~~~^~~~~~~~
KeyError: 'request_id'

During handling of the above exception, another exception occurred:

Traceback (most recent call last):
  File "/usr/local/lib/python3.11/logging/__init__.py", line 1110, in emit
    msg = self.format(record)
          ^^^^^^^^^^^^^^^^^^^
  File "/usr/local/lib/python3.11/logging/__init__.py", line 953, in format
    return fmt.format(record)
           ^^^^^^^^^^^^^^^^^^
  File "/usr/local/lib/python3.11/logging/__init__.py", line 690, in format
    s = self.formatMessage(record)
        ^^^^^^^^^^^^^^^^^^^^^^^^^^
  File "/usr/local/lib/python3.11/logging/__init__.py", line 659, in formatMessage
    return self._style.format(record)
           ^^^^^^^^^^^^^^^^^^^^^^^^^^
  File "/usr/local/lib/python3.11/logging/__init__.py", line 451, in format
    raise ValueError('Formatting field not found in record: %s' % e)
ValueError: Formatting field not found in record: 'request_id'
Call stack:
  File "/usr/local/lib/python3.11/threading.py", line 1002, in _bootstrap
    self._bootstrap_inner()
  File "/usr/local/lib/python3.11/threading.py", line 1045, in _bootstrap_inner
    self.run()
  File "/usr/local/lib/python3.11/threading.py", line 982, in run
    self._target(*self._args, **self._kwargs)
  File "/usr/local/lib/python3.11/socketserver.py", line 691, in process_request_thread
    self.finish_request(request, client_address)
  File "/usr/local/lib/python3.11/socketserver.py", line 361, in finish_request
    self.RequestHandlerClass(request, client_address, self)
  File "/usr/local/lib/python3.11/socketserver.py", line 755, in __init__
    self.handle()
  File "/usr/local/lib/python3.11/site-packages/werkzeug/serving.py", line 399, in handle
    super().handle()
  File "/usr/local/lib/python3.11/http/server.py", line 440, in handle
    self.handle_one_request()
  File "/usr/local/lib/python3.11/http/server.py", line 428, in handle_one_request
    method()
  File "/usr/local/lib/python3.11/site-packages/werkzeug/serving.py", line 371, in run_wsgi
    execute(self.server.app)
  File "/usr/local/lib/python3.11/site-packages/werkzeug/serving.py", line 335, in execute
    write(data)
  File "/usr/local/lib/python3.11/site-packages/werkzeug/serving.py", line 272, in write
    self.send_response(code, msg)
  File "/usr/local/lib/python3.11/http/server.py", line 505, in send_response
    self.log_request(code)
  File "/usr/local/lib/python3.11/site-packages/werkzeug/serving.py", line 468, in log_request
    self.log("info", '"%s" %s %s', msg, code, size)
  File "/usr/local/lib/python3.11/site-packages/werkzeug/serving.py", line 479, in log
    _log(
  File "/usr/local/lib/python3.11/site-packages/werkzeug/_internal.py", line 97, in _log
    getattr(_logger, type)(message.rstrip(), *args, **kwargs)
Message: '127.0.0.1 - - [25/Sep/2026 08:11:39] "%s" %s %s'
Arguments: ('GET /health HTTP/1.1', '200', '-')
--- Logging error ---
Traceback (most recent call last):
  File "/usr/local/lib/python3.11/logging/__init__.py", line 449, in format
    return self._format(record)
           ^^^^^^^^^^^^^^^^^^^^
  File "/usr/local/lib/python3.11/logging/__init__.py", line 445, in _format
    return self._fmt % values
           ~~~~~~~~~~^~~~~~~~
KeyError: 'request_id'

During handling of the above exception, another exception occurred:

Traceback (most recent call last):
  File "/usr/local/lib/python3.11/logging/__init__.py", line 1110, in emit
    msg = self.format(record)
          ^^^^^^^^^^^^^^^^^^^
  File "/usr/local/lib/python3.11/logging/__init__.py", line 953, in format
    return fmt.format(record)
           ^^^^^^^^^^^^^^^^^^
  File "/usr/local/lib/python3.11/logging/__init__.py", line 690, in format
    s = self.formatMessage(record)
        ^^^^^^^^^^^^^^^^^^^^^^^^^^
  File "/usr/local/lib/python3.11/logging/__init__.py", line 659, in formatMessage
    return self._style.format(record)
           ^^^^^^^^^^^^^^^^^^^^^^^^^^
  File "/usr/local/lib/python3.11/logging/__init__.py", line 451, in format
    raise ValueError('Formatting field not found in record: %s' % e)
ValueError: Formatting field not found in record: 'request_id'
Call stack:
  File "/usr/local/lib/python3.11/threading.py", line 1002, in _bootstrap
    self._bootstrap_inner()
  File "/usr/local/lib/python3.11/threading.py", line 1045, in _bootstrap_inner
    self.run()
  File "/usr/local/lib/python3.11/threading.py", line 982, in run
    self._target(*self._args, **self._kwargs)
  File "/usr/local/lib/python3.11/socketserver.py", line 691, in process_request_thread
    self.finish_request(request, client_address)
  File "/usr/local/lib/python3.11/socketserver.py", line 361, in finish_request
    self.RequestHandlerClass(request, client_address, self)
  File "/usr/local/lib/python3.11/socketserver.py", line 755, in __init__
    self.handle()
  File "/usr/local/lib/python3.11/site-packages/werkzeug/serving.py", line 399, in handle
    super().handle()
  File "/usr/local/lib/python3.11/http/server.py", line 440, in handle
    self.handle_one_request()
  File "/usr/local/lib/python3.11/http/server.py", line 428, in handle_one_request
    method()
  File "/usr/local/lib/python3.11/site-packages/werkzeug/serving.py", line 371, in run_wsgi
    execute(self.server.app)
  File "/usr/local/lib/python3.11/site-packages/werkzeug/serving.py", line 335, in execute
    write(data)
  File "/usr/local/lib/python3.11/site-packages/werkzeug/serving.py", line 272, in write
    self.send_response(code, msg)
  File "/usr/local/lib/python3.11/http/server.py", line 505, in send_response
    self.log_request(code)
  File "/usr/local/lib/python3.11/site-packages/werkzeug/serving.py", line 468, in log_request
    self.log("info", '"%s" %s %s', msg, code, size)
  File "/usr/local/lib/python3.11/site-packages/werkzeug/serving.py", line 479, in log
    _log(
  File "/usr/local/lib/python3.11/site-packages/werkzeug/_internal.py", line 97, in _log
    getattr(_logger, type)(message.rstrip(), *args, **kwargs)
Message: '127.0.0.1 - - [25/Sep/2026 08:11:49] "%s" %s %s'
Arguments: ('GET /health HTTP/1.1', '200', '-')
--- Logging error ---
Traceback (most recent call last):
  File "/usr/local/lib/python3.11/logging/__init__.py", line 449, in format
    return self._format(record)
           ^^^^^^^^^^^^^^^^^^^^
  File "/usr/local/lib/python3.11/logging/__init__.py", line 445, in _format
    return self._fmt % values
           ~~~~~~~~~~^~~~~~~~
KeyError: 'request_id'

During handling of the above exception, another exception occurred:

Traceback (most recent call last):
  File "/usr/local/lib/python3.11/logging/__init__.py", line 1110, in emit
    msg = self.format(record)
          ^^^^^^^^^^^^^^^^^^^
  File "/usr/local/lib/python3.11/logging/__init__.py", line 953, in format
    return fmt.format(record)
           ^^^^^^^^^^^^^^^^^^
  File "/usr/local/lib/python3.11/logging/__init__.py", line 690, in format
    s = self.formatMessage(record)
        ^^^^^^^^^^^^^^^^^^^^^^^^^^
  File "/usr/local/lib/python3.11/logging/__init__.py", line 659, in formatMessage
    return self._style.format(record)
           ^^^^^^^^^^^^^^^^^^^^^^^^^^
  File "/usr/local/lib/python3.11/logging/__init__.py", line 451, in format
    raise ValueError('Formatting field not found in record: %s' % e)
ValueError: Formatting field not found in record: 'request_id'
Call stack:
  File "/usr/local/lib/python3.11/threading.py", line 1002, in _bootstrap
    self._bootstrap_inner()
  File "/usr/local/lib/python3.11/threading.py", line 1045, in _bootstrap_inner
    self.run()
  File "/usr/local/lib/python3.11/threading.py", line 982, in run
    self._target(*self._args, **self._kwargs)
  File "/usr/local/lib/python3.11/socketserver.py", line 691, in process_request_thread
    self.finish_request(request, client_address)
  File "/usr/local/lib/python3.11/socketserver.py", line 361, in finish_request
    self.RequestHandlerClass(request, client_address, self)
  File "/usr/local/lib/python3.11/socketserver.py", line 755, in __init__
    self.handle()
  File "/usr/local/lib/python3.11/site-packages/werkzeug/serving.py", line 399, in handle
    super().handle()
  File "/usr/local/lib/python3.11/http/server.py", line 440, in handle
    self.handle_one_request()
  File "/usr/local/lib/python3.11/http/server.py", line 428, in handle_one_request
    method()
  File "/usr/local/lib/python3.11/site-packages/werkzeug/serving.py", line 371, in run_wsgi
    execute(self.server.app)
  File "/usr/local/lib/python3.11/site-packages/werkzeug/serving.py", line 335, in execute
    write(data)
  File "/usr/local/lib/python3.11/site-packages/werkzeug/serving.py", line 272, in write
    self.send_response(code, msg)
  File "/usr/local/lib/python3.11/http/server.py", line 505, in send_response
    self.log_request(code)
  File "/usr/local/lib/python3.11/site-packages/werkzeug/serving.py", line 468, in log_request
    self.log("info", '"%s" %s %s', msg, code, size)
  File "/usr/local/lib/python3.11/site-packages/werkzeug/serving.py", line 479, in log
    _log(
  File "/usr/local/lib/python3.11/site-packages/werkzeug/_internal.py", line 97, in _log
    getattr(_logger, type)(message.rstrip(), *args, **kwargs)
Message: '127.0.0.1 - - [25/Sep/2026 08:11:59] "%s" %s %s'
Arguments: ('GET /health HTTP/1.1', '200', '-')
--- Logging error ---
Traceback (most recent call last):
  File "/usr/local/lib/python3.11/logging/__init__.py", line 449, in format
    return self._format(record)
           ^^^^^^^^^^^^^^^^^^^^
  File "/usr/local/lib/python3.11/logging/__init__.py", line 445, in _format
    return self._fmt % values
           ~~~~~~~~~~^~~~~~~~
KeyError: 'request_id'

During handling of the above exception, another exception occurred:

Traceback (most recent call last):
  File "/usr/local/lib/python3.11/logging/__init__.py", line 1110, in emit
    msg = self.format(record)
          ^^^^^^^^^^^^^^^^^^^
  File "/usr/local/lib/python3.11/logging/__init__.py", line 953, in format
    return fmt.format(record)
           ^^^^^^^^^^^^^^^^^^
  File "/usr/local/lib/python3.11/logging/__init__.py", line 690, in format
    s = self.formatMessage(record)
        ^^^^^^^^^^^^^^^^^^^^^^^^^^
  File "/usr/local/lib/python3.11/logging/__init__.py", line 659, in formatMessage
    return self._style.format(record)
           ^^^^^^^^^^^^^^^^^^^^^^^^^^
  File "/usr/local/lib/python3.11/logging/__init__.py", line 451, in format
    raise ValueError('Formatting field not found in record: %s' % e)
ValueError: Formatting field not found in record: 'request_id'
Call stack:
  File "/usr/local/lib/python3.11/threading.py", line 1002, in _bootstrap
    self._bootstrap_inner()
  File "/usr/local/lib/python3.11/threading.py", line 1045, in _bootstrap_inner
    self.run()
  File "/usr/local/lib/python3.11/threading.py", line 982, in run
    self._target(*self._args, **self._kwargs)
  File "/usr/local/lib/python3.11/socketserver.py", line 691, in process_request_thread
    self.finish_request(request, client_address)
  File "/usr/local/lib/python3.11/socketserver.py", line 361, in finish_request
    self.RequestHandlerClass(request, client_address, self)
  File "/usr/local/lib/python3.11/socketserver.py", line 755, in __init__
    self.handle()
  File "/usr/local/lib/python3.11/site-packages/werkzeug/serving.py", line 399, in handle
    super().handle()
  File "/usr/local/lib/python3.11/http/server.py", line 440, in handle
    self.handle_one_request()
  File "/usr/local/lib/python3.11/http/server.py", line 428, in handle_one_request
    method()
  File "/usr/local/lib/python3.11/site-packages/werkzeug/serving.py", line 371, in run_wsgi
    execute(self.server.app)
  File "/usr/local/lib/python3.11/site-packages/werkzeug/serving.py", line 335, in execute
    write(data)
  File "/usr/local/lib/python3.11/site-packages/werkzeug/serving.py", line 272, in write
    self.send_response(code, msg)
  File "/usr/local/lib/python3.11/http/server.py", line 505, in send_response
    self.log_request(code)
  File "/usr/local/lib/python3.11/site-packages/werkzeug/serving.py", line 468, in log_request
    self.log("info", '"%s" %s %s', msg, code, size)
  File "/usr/local/lib/python3.11/site-packages/werkzeug/serving.py", line 479, in log
    _log(
  File "/usr/local/lib/python3.11/site-packages/werkzeug/_internal.py", line 97, in _log
    getattr(_logger, type)(message.rstrip(), *args, **kwargs)
Message: '127.0.0.1 - - [25/Sep/2026 08:12:09] "%s" %s %s'
Arguments: ('GET /health HTTP/1.1', '200', '-')
--- Logging error ---
Traceback (most recent call last):
  File "/usr/local/lib/python3.11/logging/__init__.py", line 449, in format
    return self._format(record)
           ^^^^^^^^^^^^^^^^^^^^
  File "/usr/local/lib/python3.11/logging/__init__.py", line 445, in _format
    return self._fmt % values
           ~~~~~~~~~~^~~~~~~~
KeyError: 'request_id'

During handling of the above exception, another exception occurred:

Traceback (most recent call last):
  File "/usr/local/lib/python3.11/logging/__init__.py", line 1110, in emit
    msg = self.format(record)
          ^^^^^^^^^^^^^^^^^^^
  File "/usr/local/lib/python3.11/logging/__init__.py", line 953, in format
    return fmt.format(record)
           ^^^^^^^^^^^^^^^^^^
  File "/usr/local/lib/python3.11/logging/__init__.py", line 690, in format
    s = self.formatMessage(record)
        ^^^^^^^^^^^^^^^^^^^^^^^^^^
  File "/usr/local/lib/python3.11/logging/__init__.py", line 659, in formatMessage
    return self._style.format(record)
           ^^^^^^^^^^^^^^^^^^^^^^^^^^
  File "/usr/local/lib/python3.11/logging/__init__.py", line 451, in format
    raise ValueError('Formatting field not found in record: %s' % e)
ValueError: Formatting field not found in record: 'request_id'
Call stack:
  File "/usr/local/lib/python3.11/threading.py", line 1002, in _bootstrap
    self._bootstrap_inner()
  File "/usr/local/lib/python3.11/threading.py", line 1045, in _bootstrap_inner
    self.run()
  File "/usr/local/lib/python3.11/threading.py", line 982, in run
    self._target(*self._args, **self._kwargs)
  File "/usr/local/lib/python3.11/socketserver.py", line 691, in process_request_thread
    self.finish_request(request, client_address)
  File "/usr/local/lib/python3.11/socketserver.py", line 361, in finish_request
    self.RequestHandlerClass(request, client_address, self)
  File "/usr/local/lib/python3.11/socketserver.py", line 755, in __init__
    self.handle()
  File "/usr/local/lib/python3.11/site-packages/werkzeug/serving.py", line 399, in handle
    super().handle()
  File "/usr/local/lib/python3.11/http/server.py", line 440, in handle
    self.handle_one_request()
  File "/usr/local/lib/python3.11/http/server.py", line 428, in handle_one_request
    method()
  File "/usr/local/lib/python3.11/site-packages/werkzeug/serving.py", line 371, in run_wsgi
    execute(self.server.app)
  File "/usr/local/lib/python3.11/site-packages/werkzeug/serving.py", line 335, in execute
    write(data)
  File "/usr/local/lib/python3.11/site-packages/werkzeug/serving.py", line 272, in write
    self.send_response(code, msg)
  File "/usr/local/lib/python3.11/http/server.py", line 505, in send_response
    self.log_request(code)
  File "/usr/local/lib/python3.11/site-packages/werkzeug/serving.py", line 468, in log_request
    self.log("info", '"%s" %s %s', msg, code, size)
  File "/usr/local/lib/python3.11/site-packages/werkzeug/serving.py", line 479, in log
    _log(
  File "/usr/local/lib/python3.11/site-packages/werkzeug/_internal.py", line 97, in _log
    getattr(_logger, type)(message.rstrip(), *args, **kwargs)
Message: '127.0.0.1 - - [25/Sep/2026 08:12:19] "%s" %s %s'
Arguments: ('GET /health HTTP/1.1', '200', '-')
--- Logging error ---
Traceback (most recent call last):
  File "/usr/local/lib/python3.11/logging/__init__.py", line 449, in format
    return self._format(record)
           ^^^^^^^^^^^^^^^^^^^^
  File "/usr/local/lib/python3.11/logging/__init__.py", line 445, in _format
    return self._fmt % values
           ~~~~~~~~~~^~~~~~~~
KeyError: 'request_id'

During handling of the above exception, another exception occurred:

Traceback (most recent call last):
  File "/usr/local/lib/python3.11/logging/__init__.py", line 1110, in emit
    msg = self.format(record)
          ^^^^^^^^^^^^^^^^^^^
  File "/usr/local/lib/python3.11/logging/__init__.py", line 953, in format
    return fmt.format(record)
           ^^^^^^^^^^^^^^^^^^
  File "/usr/local/lib/python3.11/logging/__init__.py", line 690, in format
    s = self.formatMessage(record)
        ^^^^^^^^^^^^^^^^^^^^^^^^^^
  File "/usr/local/lib/python3.11/logging/__init__.py", line 659, in formatMessage
    return self._style.format(record)
           ^^^^^^^^^^^^^^^^^^^^^^^^^^
  File "/usr/local/lib/python3.11/logging/__init__.py", line 451, in format
    raise ValueError('Formatting field not found in record: %s' % e)
ValueError: Formatting field not found in record: 'request_id'
Call stack:
  File "/usr/local/lib/python3.11/threading.py", line 1002, in _bootstrap
    self._bootstrap_inner()
  File "/usr/local/lib/python3.11/threading.py", line 1045, in _bootstrap_inner
    self.run()
  File "/usr/local/lib/python3.11/threading.py", line 982, in run
    self._target(*self._args, **self._kwargs)
  File "/usr/local/lib/python3.11/socketserver.py", line 691, in process_request_thread
    self.finish_request(request, client_address)
  File "/usr/local/lib/python3.11/socketserver.py", line 361, in finish_request
    self.RequestHandlerClass(request, client_address, self)
  File "/usr/local/lib/python3.11/socketserver.py", line 755, in __init__
    self.handle()
  File "/usr/local/lib/python3.11/site-packages/werkzeug/serving.py", line 399, in handle
    super().handle()
  File "/usr/local/lib/python3.11/http/server.py", line 440, in handle
    self.handle_one_request()
  File "/usr/local/lib/python3.11/http/server.py", line 428, in handle_one_request
    method()
  File "/usr/local/lib/python3.11/site-packages/werkzeug/serving.py", line 371, in run_wsgi
    execute(self.server.app)
  File "/usr/local/lib/python3.11/site-packages/werkzeug/serving.py", line 335, in execute
    write(data)
  File "/usr/local/lib/python3.11/site-packages/werkzeug/serving.py", line 272, in write
    self.send_response(code, msg)
  File "/usr/local/lib/python3.11/http/server.py", line 505, in send_response
    self.log_request(code)
  File "/usr/local/lib/python3.11/site-packages/werkzeug/serving.py", line 468, in log_request
    self.log("info", '"%s" %s %s', msg, code, size)
  File "/usr/local/lib/python3.11/site-packages/werkzeug/serving.py", line 479, in log
    _log(
  File "/usr/local/lib/python3.11/site-packages/werkzeug/_internal.py", line 97, in _log
    getattr(_logger, type)(message.rstrip(), *args, **kwargs)
Message: '127.0.0.1 - - [25/Sep/2026 08:12:29] "%s" %s %s'
Arguments: ('GET /health HTTP/1.1', '200', '-')
--- Logging error ---
Traceback (most recent call last):
  File "/usr/local/lib/python3.11/logging/__init__.py", line 449, in format
    return self._format(record)
           ^^^^^^^^^^^^^^^^^^^^
  File "/usr/local/lib/python3.11/logging/__init__.py", line 445, in _format
    return self._fmt % values
           ~~~~~~~~~~^~~~~~~~
KeyError: 'request_id'

During handling of the above exception, another exception occurred:

Traceback (most recent call last):
  File "/usr/local/lib/python3.11/logging/__init__.py", line 1110, in emit
    msg = self.format(record)
          ^^^^^^^^^^^^^^^^^^^
  File "/usr/local/lib/python3.11/logging/__init__.py", line 953, in format
    return fmt.format(record)
           ^^^^^^^^^^^^^^^^^^
  File "/usr/local/lib/python3.11/logging/__init__.py", line 690, in format
    s = self.formatMessage(record)
        ^^^^^^^^^^^^^^^^^^^^^^^^^^
  File "/usr/local/lib/python3.11/logging/__init__.py", line 659, in formatMessage
    return self._style.format(record)
           ^^^^^^^^^^^^^^^^^^^^^^^^^^
  File "/usr/local/lib/python3.11/logging/__init__.py", line 451, in format
    raise ValueError('Formatting field not found in record: %s' % e)
ValueError: Formatting field not found in record: 'request_id'
Call stack:
  File "/usr/local/lib/python3.11/threading.py", line 1002, in _bootstrap
    self._bootstrap_inner()
  File "/usr/local/lib/python3.11/threading.py", line 1045, in _bootstrap_inner
    self.run()
  File "/usr/local/lib/python3.11/threading.py", line 982, in run
    self._target(*self._args, **self._kwargs)
  File "/usr/local/lib/python3.11/socketserver.py", line 691, in process_request_thread
    self.finish_request(request, client_address)
  File "/usr/local/lib/python3.11/socketserver.py", line 361, in finish_request
    self.RequestHandlerClass(request, client_address, self)
  File "/usr/local/lib/python3.11/socketserver.py", line 755, in __init__
    self.handle()
  File "/usr/local/lib/python3.11/site-packages/werkzeug/serving.py", line 399, in handle
    super().handle()
  File "/usr/local/lib/python3.11/http/server.py", line 440, in handle
    self.handle_one_request()
  File "/usr/local/lib/python3.11/http/server.py", line 428, in handle_one_request
    method()
  File "/usr/local/lib/python3.11/site-packages/werkzeug/serving.py", line 371, in run_wsgi
    execute(self.server.app)
  File "/usr/local/lib/python3.11/site-packages/werkzeug/serving.py", line 335, in execute
    write(data)
  File "/usr/local/lib/python3.11/site-packages/werkzeug/serving.py", line 272, in write
    self.send_response(code, msg)
  File "/usr/local/lib/python3.11/http/server.py", line 505, in send_response
    self.log_request(code)
  File "/usr/local/lib/python3.11/site-packages/werkzeug/serving.py", line 468, in log_request
    self.log("info", '"%s" %s %s', msg, code, size)
  File "/usr/local/lib/python3.11/site-packages/werkzeug/serving.py", line 479, in log
    _log(
  File "/usr/local/lib/python3.11/site-packages/werkzeug/_internal.py", line 97, in _log
    getattr(_logger, type)(message.rstrip(), *args, **kwargs)
Message: '127.0.0.1 - - [25/Sep/2026 08:12:39] "%s" %s %s'
Arguments: ('GET /health HTTP/1.1', '200', '-')
--- Logging error ---
Traceback (most recent call last):
  File "/usr/local/lib/python3.11/logging/__init__.py", line 449, in format
    return self._format(record)
           ^^^^^^^^^^^^^^^^^^^^
  File "/usr/local/lib/python3.11/logging/__init__.py", line 445, in _format
    return self._fmt % values
           ~~~~~~~~~~^~~~~~~~
KeyError: 'request_id'

During handling of the above exception, another exception occurred:

Traceback (most recent call last):
  File "/usr/local/lib/python3.11/logging/__init__.py", line 1110, in emit
    msg = self.format(record)
          ^^^^^^^^^^^^^^^^^^^
  File "/usr/local/lib/python3.11/logging/__init__.py", line 953, in format
    return fmt.format(record)
           ^^^^^^^^^^^^^^^^^^
  File "/usr/local/lib/python3.11/logging/__init__.py", line 690, in format
    s = self.formatMessage(record)
        ^^^^^^^^^^^^^^^^^^^^^^^^^^
  File "/usr/local/lib/python3.11/logging/__init__.py", line 659, in formatMessage
    return self._style.format(record)
           ^^^^^^^^^^^^^^^^^^^^^^^^^^
  File "/usr/local/lib/python3.11/logging/__init__.py", line 451, in format
    raise ValueError('Formatting field not found in record: %s' % e)
ValueError: Formatting field not found in record: 'request_id'
Call stack:
  File "/usr/local/lib/python3.11/threading.py", line 1002, in _bootstrap
    self._bootstrap_inner()
  File "/usr/local/lib/python3.11/threading.py", line 1045, in _bootstrap_inner
    self.run()
  File "/usr/local/lib/python3.11/threading.py", line 982, in run
    self._target(*self._args, **self._kwargs)
  File "/usr/local/lib/python3.11/socketserver.py", line 691, in process_request_thread
    self.finish_request(request, client_address)
  File "/usr/local/lib/python3.11/socketserver.py", line 361, in finish_request
    self.RequestHandlerClass(request, client_address, self)
  File "/usr/local/lib/python3.11/socketserver.py", line 755, in __init__
    self.handle()
  File "/usr/local/lib/python3.11/site-packages/werkzeug/serving.py", line 399, in handle
    super().handle()
  File "/usr/local/lib/python3.11/http/server.py", line 440, in handle
    self.handle_one_request()
  File "/usr/local/lib/python3.11/http/server.py", line 428, in handle_one_request
    method()
  File "/usr/local/lib/python3.11/site-packages/werkzeug/serving.py", line 371, in run_wsgi
    execute(self.server.app)
  File "/usr/local/lib/python3.11/site-packages/werkzeug/serving.py", line 335, in execute
    write(data)
  File "/usr/local/lib/python3.11/site-packages/werkzeug/serving.py", line 272, in write
    self.send_response(code, msg)
  File "/usr/local/lib/python3.11/http/server.py", line 505, in send_response
    self.log_request(code)
  File "/usr/local/lib/python3.11/site-packages/werkzeug/serving.py", line 468, in log_request
    self.log("info", '"%s" %s %s', msg, code, size)
  File "/usr/local/lib/python3.11/site-packages/werkzeug/serving.py", line 479, in log
    _log(
  File "/usr/local/lib/python3.11/site-packages/werkzeug/_internal.py", line 97, in _log
    getattr(_logger, type)(message.rstrip(), *args, **kwargs)
Message: '127.0.0.1 - - [25/Sep/2026 08:12:49] "%s" %s %s'
Arguments: ('GET /health HTTP/1.1', '200', '-')
--- Logging error ---
Traceback (most recent call last):
  File "/usr/local/lib/python3.11/logging/__init__.py", line 449, in format
    return self._format(record)
           ^^^^^^^^^^^^^^^^^^^^
  File "/usr/local/lib/python3.11/logging/__init__.py", line 445, in _format
    return self._fmt % values
           ~~~~~~~~~~^~~~~~~~
KeyError: 'request_id'

During handling of the above exception, another exception occurred:

Traceback (most recent call last):
  File "/usr/local/lib/python3.11/logging/__init__.py", line 1110, in emit
    msg = self.format(record)
          ^^^^^^^^^^^^^^^^^^^
  File "/usr/local/lib/python3.11/logging/__init__.py", line 953, in format
    return fmt.format(record)
           ^^^^^^^^^^^^^^^^^^
  File "/usr/local/lib/python3.11/logging/__init__.py", line 690, in format
    s = self.formatMessage(record)
        ^^^^^^^^^^^^^^^^^^^^^^^^^^
  File "/usr/local/lib/python3.11/logging/__init__.py", line 659, in formatMessage
    return self._style.format(record)
           ^^^^^^^^^^^^^^^^^^^^^^^^^^
  File "/usr/local/lib/python3.11/logging/__init__.py", line 451, in format
    raise ValueError('Formatting field not found in record: %s' % e)
ValueError: Formatting field not found in record: 'request_id'
Call stack:
  File "/usr/local/lib/python3.11/threading.py", line 1002, in _bootstrap
    self._bootstrap_inner()
  File "/usr/local/lib/python3.11/threading.py", line 1045, in _bootstrap_inner
    self.run()
  File "/usr/local/lib/python3.11/threading.py", line 982, in run
    self._target(*self._args, **self._kwargs)
  File "/usr/local/lib/python3.11/socketserver.py", line 691, in process_request_thread
    self.finish_request(request, client_address)
  File "/usr/local/lib/python3.11/socketserver.py", line 361, in finish_request
    self.RequestHandlerClass(request, client_address, self)
  File "/usr/local/lib/python3.11/socketserver.py", line 755, in __init__
    self.handle()
  File "/usr/local/lib/python3.11/site-packages/werkzeug/serving.py", line 399, in handle
    super().handle()
  File "/usr/local/lib/python3.11/http/server.py", line 440, in handle
    self.handle_one_request()
  File "/usr/local/lib/python3.11/http/server.py", line 428, in handle_one_request
    method()
  File "/usr/local/lib/python3.11/site-packages/werkzeug/serving.py", line 371, in run_wsgi
    execute(self.server.app)
  File "/usr/local/lib/python3.11/site-packages/werkzeug/serving.py", line 335, in execute
    write(data)
  File "/usr/local/lib/python3.11/site-packages/werkzeug/serving.py", line 272, in write
    self.send_response(code, msg)
  File "/usr/local/lib/python3.11/http/server.py", line 505, in send_response
    self.log_request(code)
  File "/usr/local/lib/python3.11/site-packages/werkzeug/serving.py", line 468, in log_request
    self.log("info", '"%s" %s %s', msg, code, size)
  File "/usr/local/lib/python3.11/site-packages/werkzeug/serving.py", line 479, in log
    _log(
  File "/usr/local/lib/python3.11/site-packages/werkzeug/_internal.py", line 97, in _log
    getattr(_logger, type)(message.rstrip(), *args, **kwargs)
Message: '127.0.0.1 - - [25/Sep/2026 08:13:00] "%s" %s %s'
Arguments: ('GET /health HTTP/1.1', '200', '-')
--- Logging error ---
Traceback (most recent call last):
  File "/usr/local/lib/python3.11/logging/__init__.py", line 449, in format
    return self._format(record)
           ^^^^^^^^^^^^^^^^^^^^
  File "/usr/local/lib/python3.11/logging/__init__.py", line 445, in _format
    return self._fmt % values
           ~~~~~~~~~~^~~~~~~~
KeyError: 'request_id'

During handling of the above exception, another exception occurred:

Traceback (most recent call last):
  File "/usr/local/lib/python3.11/logging/__init__.py", line 1110, in emit
    msg = self.format(record)
          ^^^^^^^^^^^^^^^^^^^
  File "/usr/local/lib/python3.11/logging/__init__.py", line 953, in format
    return fmt.format(record)
           ^^^^^^^^^^^^^^^^^^
  File "/usr/local/lib/python3.11/logging/__init__.py", line 690, in format
    s = self.formatMessage(record)
        ^^^^^^^^^^^^^^^^^^^^^^^^^^
  File "/usr/local/lib/python3.11/logging/__init__.py", line 659, in formatMessage
    return self._style.format(record)
           ^^^^^^^^^^^^^^^^^^^^^^^^^^
  File "/usr/local/lib/python3.11/logging/__init__.py", line 451, in format
    raise ValueError('Formatting field not found in record: %s' % e)
ValueError: Formatting field not found in record: 'request_id'
Call stack:
  File "/usr/local/lib/python3.11/threading.py", line 1002, in _bootstrap
    self._bootstrap_inner()
  File "/usr/local/lib/python3.11/threading.py", line 1045, in _bootstrap_inner
    self.run()
  File "/usr/local/lib/python3.11/threading.py", line 982, in run
    self._target(*self._args, **self._kwargs)
  File "/usr/local/lib/python3.11/socketserver.py", line 691, in process_request_thread
    self.finish_request(request, client_address)
  File "/usr/local/lib/python3.11/socketserver.py", line 361, in finish_request
    self.RequestHandlerClass(request, client_address, self)
  File "/usr/local/lib/python3.11/socketserver.py", line 755, in __init__
    self.handle()
  File "/usr/local/lib/python3.11/site-packages/werkzeug/serving.py", line 399, in handle
    super().handle()
  File "/usr/local/lib/python3.11/http/server.py", line 440, in handle
    self.handle_one_request()
  File "/usr/local/lib/python3.11/http/server.py", line 428, in handle_one_request
    method()
  File "/usr/local/lib/python3.11/site-packages/werkzeug/serving.py", line 371, in run_wsgi
    execute(self.server.app)
  File "/usr/local/lib/python3.11/site-packages/werkzeug/serving.py", line 335, in execute
    write(data)
  File "/usr/local/lib/python3.11/site-packages/werkzeug/serving.py", line 272, in write
    self.send_response(code, msg)
  File "/usr/local/lib/python3.11/http/server.py", line 505, in send_response
    self.log_request(code)
  File "/usr/local/lib/python3.11/site-packages/werkzeug/serving.py", line 468, in log_request
    self.log("info", '"%s" %s %s', msg, code, size)
  File "/usr/local/lib/python3.11/site-packages/werkzeug/serving.py", line 479, in log
    _log(
  File "/usr/local/lib/python3.11/site-packages/werkzeug/_internal.py", line 97, in _log
    getattr(_logger, type)(message.rstrip(), *args, **kwargs)
Message: '127.0.0.1 - - [25/Sep/2026 08:13:10] "%s" %s %s'
Arguments: ('GET /health HTTP/1.1', '200', '-')
--- Logging error ---
Traceback (most recent call last):
  File "/usr/local/lib/python3.11/logging/__init__.py", line 449, in format
    return self._format(record)
           ^^^^^^^^^^^^^^^^^^^^
  File "/usr/local/lib/python3.11/logging/__init__.py", line 445, in _format
    return self._fmt % values
           ~~~~~~~~~~^~~~~~~~
KeyError: 'request_id'

During handling of the above exception, another exception occurred:

Traceback (most recent call last):
  File "/usr/local/lib/python3.11/logging/__init__.py", line 1110, in emit
    msg = self.format(record)
          ^^^^^^^^^^^^^^^^^^^
  File "/usr/local/lib/python3.11/logging/__init__.py", line 953, in format
    return fmt.format(record)
           ^^^^^^^^^^^^^^^^^^
  File "/usr/local/lib/python3.11/logging/__init__.py", line 690, in format
    s = self.formatMessage(record)
        ^^^^^^^^^^^^^^^^^^^^^^^^^^
  File "/usr/local/lib/python3.11/logging/__init__.py", line 659, in formatMessage
    return self._style.format(record)
           ^^^^^^^^^^^^^^^^^^^^^^^^^^
  File "/usr/local/lib/python3.11/logging/__init__.py", line 451, in format
    raise ValueError('Formatting field not found in record: %s' % e)
ValueError: Formatting field not found in record: 'request_id'
Call stack:
  File "/usr/local/lib/python3.11/threading.py", line 1002, in _bootstrap
    self._bootstrap_inner()
  File "/usr/local/lib/python3.11/threading.py", line 1045, in _bootstrap_inner
    self.run()
  File "/usr/local/lib/python3.11/threading.py", line 982, in run
    self._target(*self._args, **self._kwargs)
  File "/usr/local/lib/python3.11/socketserver.py", line 691, in process_request_thread
    self.finish_request(request, client_address)
  File "/usr/local/lib/python3.11/socketserver.py", line 361, in finish_request
    self.RequestHandlerClass(request, client_address, self)
  File "/usr/local/lib/python3.11/socketserver.py", line 755, in __init__
    self.handle()
  File "/usr/local/lib/python3.11/site-packages/werkzeug/serving.py", line 399, in handle
    super().handle()
  File "/usr/local/lib/python3.11/http/server.py", line 440, in handle
    self.handle_one_request()
  File "/usr/local/lib/python3.11/http/server.py", line 428, in handle_one_request
    method()
  File "/usr/local/lib/python3.11/site-packages/werkzeug/serving.py", line 371, in run_wsgi
    execute(self.server.app)
  File "/usr/local/lib/python3.11/site-packages/werkzeug/serving.py", line 335, in execute
    write(data)
  File "/usr/local/lib/python3.11/site-packages/werkzeug/serving.py", line 272, in write
    self.send_response(code, msg)
  File "/usr/local/lib/python3.11/http/server.py", line 505, in send_response
    self.log_request(code)
  File "/usr/local/lib/python3.11/site-packages/werkzeug/serving.py", line 468, in log_request
    self.log("info", '"%s" %s %s', msg, code, size)
  File "/usr/local/lib/python3.11/site-packages/werkzeug/serving.py", line 479, in log
    _log(
  File "/usr/local/lib/python3.11/site-packages/werkzeug/_internal.py", line 97, in _log
    getattr(_logger, type)(message.rstrip(), *args, **kwargs)
Message: '127.0.0.1 - - [25/Sep/2026 08:13:20] "%s" %s %s'
Arguments: ('GET /health HTTP/1.1', '200', '-')
--- Logging error ---
Traceback (most recent call last):
  File "/usr/local/lib/python3.11/logging/__init__.py", line 449, in format
    return self._format(record)
           ^^^^^^^^^^^^^^^^^^^^
  File "/usr/local/lib/python3.11/logging/__init__.py", line 445, in _format
    return self._fmt % values
           ~~~~~~~~~~^~~~~~~~
KeyError: 'request_id'

During handling of the above exception, another exception occurred:

Traceback (most recent call last):
  File "/usr/local/lib/python3.11/logging/__init__.py", line 1110, in emit
    msg = self.format(record)
          ^^^^^^^^^^^^^^^^^^^
  File "/usr/local/lib/python3.11/logging/__init__.py", line 953, in format
    return fmt.format(record)
           ^^^^^^^^^^^^^^^^^^
  File "/usr/local/lib/python3.11/logging/__init__.py", line 690, in format
    s = self.formatMessage(record)
        ^^^^^^^^^^^^^^^^^^^^^^^^^^
  File "/usr/local/lib/python3.11/logging/__init__.py", line 659, in formatMessage
    return self._style.format(record)
           ^^^^^^^^^^^^^^^^^^^^^^^^^^
  File "/usr/local/lib/python3.11/logging/__init__.py", line 451, in format
    raise ValueError('Formatting field not found in record: %s' % e)
ValueError: Formatting field not found in record: 'request_id'
Call stack:
  File "/usr/local/lib/python3.11/threading.py", line 1002, in _bootstrap
    self._bootstrap_inner()
  File "/usr/local/lib/python3.11/threading.py", line 1045, in _bootstrap_inner
    self.run()
  File "/usr/local/lib/python3.11/threading.py", line 982, in run
    self._target(*self._args, **self._kwargs)
  File "/usr/local/lib/python3.11/socketserver.py", line 691, in process_request_thread
    self.finish_request(request, client_address)
  File "/usr/local/lib/python3.11/socketserver.py", line 361, in finish_request
    self.RequestHandlerClass(request, client_address, self)
  File "/usr/local/lib/python3.11/socketserver.py", line 755, in __init__
    self.handle()
  File "/usr/local/lib/python3.11/site-packages/werkzeug/serving.py", line 399, in handle
    super().handle()
  File "/usr/local/lib/python3.11/http/server.py", line 440, in handle
    self.handle_one_request()
  File "/usr/local/lib/python3.11/http/server.py", line 428, in handle_one_request
    method()
  File "/usr/local/lib/python3.11/site-packages/werkzeug/serving.py", line 371, in run_wsgi
    execute(self.server.app)
  File "/usr/local/lib/python3.11/site-packages/werkzeug/serving.py", line 335, in execute
    write(data)
  File "/usr/local/lib/python3.11/site-packages/werkzeug/serving.py", line 272, in write
    self.send_response(code, msg)
  File "/usr/local/lib/python3.11/http/server.py", line 505, in send_response
    self.log_request(code)
  File "/usr/local/lib/python3.11/site-packages/werkzeug/serving.py", line 468, in log_request
    self.log("info", '"%s" %s %s', msg, code, size)
  File "/usr/local/lib/python3.11/site-packages/werkzeug/serving.py", line 479, in log
    _log(
  File "/usr/local/lib/python3.11/site-packages/werkzeug/_internal.py", line 97, in _log
    getattr(_logger, type)(message.rstrip(), *args, **kwargs)
Message: '127.0.0.1 - - [25/Sep/2026 08:13:30] "%s" %s %s'
Arguments: ('GET /health HTTP/1.1', '200', '-')
--- Logging error ---
Traceback (most recent call last):
  File "/usr/local/lib/python3.11/logging/__init__.py", line 449, in format
    return self._format(record)
           ^^^^^^^^^^^^^^^^^^^^
  File "/usr/local/lib/python3.11/logging/__init__.py", line 445, in _format
    return self._fmt % values
           ~~~~~~~~~~^~~~~~~~
KeyError: 'request_id'

During handling of the above exception, another exception occurred:

Traceback (most recent call last):
  File "/usr/local/lib/python3.11/logging/__init__.py", line 1110, in emit
    msg = self.format(record)
          ^^^^^^^^^^^^^^^^^^^
  File "/usr/local/lib/python3.11/logging/__init__.py", line 953, in format
    return fmt.format(record)
           ^^^^^^^^^^^^^^^^^^
  File "/usr/local/lib/python3.11/logging/__init__.py", line 690, in format
    s = self.formatMessage(record)
        ^^^^^^^^^^^^^^^^^^^^^^^^^^
  File "/usr/local/lib/python3.11/logging/__init__.py", line 659, in formatMessage
    return self._style.format(record)
           ^^^^^^^^^^^^^^^^^^^^^^^^^^
  File "/usr/local/lib/python3.11/logging/__init__.py", line 451, in format
    raise ValueError('Formatting field not found in record: %s' % e)
ValueError: Formatting field not found in record: 'request_id'
Call stack:
  File "/usr/local/lib/python3.11/threading.py", line 1002, in _bootstrap
    self._bootstrap_inner()
  File "/usr/local/lib/python3.11/threading.py", line 1045, in _bootstrap_inner
    self.run()
  File "/usr/local/lib/python3.11/threading.py", line 982, in run
    self._target(*self._args, **self._kwargs)
  File "/usr/local/lib/python3.11/socketserver.py", line 691, in process_request_thread
    self.finish_request(request, client_address)
  File "/usr/local/lib/python3.11/socketserver.py", line 361, in finish_request
    self.RequestHandlerClass(request, client_address, self)
  File "/usr/local/lib/python3.11/socketserver.py", line 755, in __init__
    self.handle()
  File "/usr/local/lib/python3.11/site-packages/werkzeug/serving.py", line 399, in handle
    super().handle()
  File "/usr/local/lib/python3.11/http/server.py", line 440, in handle
    self.handle_one_request()
  File "/usr/local/lib/python3.11/http/server.py", line 428, in handle_one_request
    method()
  File "/usr/local/lib/python3.11/site-packages/werkzeug/serving.py", line 371, in run_wsgi
    execute(self.server.app)
  File "/usr/local/lib/python3.11/site-packages/werkzeug/serving.py", line 335, in execute
    write(data)
  File "/usr/local/lib/python3.11/site-packages/werkzeug/serving.py", line 272, in write
    self.send_response(code, msg)
  File "/usr/local/lib/python3.11/http/server.py", line 505, in send_response
    self.log_request(code)
  File "/usr/local/lib/python3.11/site-packages/werkzeug/serving.py", line 468, in log_request
    self.log("info", '"%s" %s %s', msg, code, size)
  File "/usr/local/lib/python3.11/site-packages/werkzeug/serving.py", line 479, in log
    _log(
  File "/usr/local/lib/python3.11/site-packages/werkzeug/_internal.py", line 97, in _log
    getattr(_logger, type)(message.rstrip(), *args, **kwargs)
Message: '127.0.0.1 - - [25/Sep/2026 08:13:40] "%s" %s %s'
Arguments: ('GET /health HTTP/1.1', '200', '-')
--- Logging error ---
Traceback (most recent call last):
  File "/usr/local/lib/python3.11/logging/__init__.py", line 449, in format
    return self._format(record)
           ^^^^^^^^^^^^^^^^^^^^
  File "/usr/local/lib/python3.11/logging/__init__.py", line 445, in _format
    return self._fmt % values
           ~~~~~~~~~~^~~~~~~~
KeyError: 'request_id'

During handling of the above exception, another exception occurred:

Traceback (most recent call last):
  File "/usr/local/lib/python3.11/logging/__init__.py", line 1110, in emit
    msg = self.format(record)
          ^^^^^^^^^^^^^^^^^^^
  File "/usr/local/lib/python3.11/logging/__init__.py", line 953, in format
    return fmt.format(record)
           ^^^^^^^^^^^^^^^^^^
  File "/usr/local/lib/python3.11/logging/__init__.py", line 690, in format
    s = self.formatMessage(record)
        ^^^^^^^^^^^^^^^^^^^^^^^^^^
  File "/usr/local/lib/python3.11/logging/__init__.py", line 659, in formatMessage
    return self._style.format(record)
           ^^^^^^^^^^^^^^^^^^^^^^^^^^
  File "/usr/local/lib/python3.11/logging/__init__.py", line 451, in format
    raise ValueError('Formatting field not found in record: %s' % e)
ValueError: Formatting field not found in record: 'request_id'
Call stack:
  File "/usr/local/lib/python3.11/threading.py", line 1002, in _bootstrap
    self._bootstrap_inner()
  File "/usr/local/lib/python3.11/threading.py", line 1045, in _bootstrap_inner
    self.run()
  File "/usr/local/lib/python3.11/threading.py", line 982, in run
    self._target(*self._args, **self._kwargs)
  File "/usr/local/lib/python3.11/socketserver.py", line 691, in process_request_thread
    self.finish_request(request, client_address)
  File "/usr/local/lib/python3.11/socketserver.py", line 361, in finish_request
    self.RequestHandlerClass(request, client_address, self)
  File "/usr/local/lib/python3.11/socketserver.py", line 755, in __init__
    self.handle()
  File "/usr/local/lib/python3.11/site-packages/werkzeug/serving.py", line 399, in handle
    super().handle()
  File "/usr/local/lib/python3.11/http/server.py", line 440, in handle
    self.handle_one_request()
  File "/usr/local/lib/python3.11/http/server.py", line 428, in handle_one_request
    method()
  File "/usr/local/lib/python3.11/site-packages/werkzeug/serving.py", line 371, in run_wsgi
    execute(self.server.app)
  File "/usr/local/lib/python3.11/site-packages/werkzeug/serving.py", line 335, in execute
    write(data)
  File "/usr/local/lib/python3.11/site-packages/werkzeug/serving.py", line 272, in write
    self.send_response(code, msg)
  File "/usr/local/lib/python3.11/http/server.py", line 505, in send_response
    self.log_request(code)
  File "/usr/local/lib/python3.11/site-packages/werkzeug/serving.py", line 468, in log_request
    self.log("info", '"%s" %s %s', msg, code, size)
  File "/usr/local/lib/python3.11/site-packages/werkzeug/serving.py", line 479, in log
    _log(
  File "/usr/local/lib/python3.11/site-packages/werkzeug/_internal.py", line 97, in _log
    getattr(_logger, type)(message.rstrip(), *args, **kwargs)
Message: '127.0.0.1 - - [25/Sep/2026 08:13:50] "%s" %s %s'
Arguments: ('GET /health HTTP/1.1', '200', '-')
--- Logging error ---
Traceback (most recent call last):
  File "/usr/local/lib/python3.11/logging/__init__.py", line 449, in format
    return self._format(record)
           ^^^^^^^^^^^^^^^^^^^^
  File "/usr/local/lib/python3.11/logging/__init__.py", line 445, in _format
    return self._fmt % values
           ~~~~~~~~~~^~~~~~~~
KeyError: 'request_id'

During handling of the above exception, another exception occurred:

Traceback (most recent call last):
  File "/usr/local/lib/python3.11/logging/__init__.py", line 1110, in emit
    msg = self.format(record)
          ^^^^^^^^^^^^^^^^^^^
  File "/usr/local/lib/python3.11/logging/__init__.py", line 953, in format
    return fmt.format(record)
           ^^^^^^^^^^^^^^^^^^
  File "/usr/local/lib/python3.11/logging/__init__.py", line 690, in format
    s = self.formatMessage(record)
        ^^^^^^^^^^^^^^^^^^^^^^^^^^
  File "/usr/local/lib/python3.11/logging/__init__.py", line 659, in formatMessage
    return self._style.format(record)
           ^^^^^^^^^^^^^^^^^^^^^^^^^^
  File "/usr/local/lib/python3.11/logging/__init__.py", line 451, in format
    raise ValueError('Formatting field not found in record: %s' % e)
ValueError: Formatting field not found in record: 'request_id'
Call stack:
  File "/usr/local/lib/python3.11/threading.py", line 1002, in _bootstrap
    self._bootstrap_inner()
  File "/usr/local/lib/python3.11/threading.py", line 1045, in _bootstrap_inner
    self.run()
  File "/usr/local/lib/python3.11/threading.py", line 982, in run
    self._target(*self._args, **self._kwargs)
  File "/usr/local/lib/python3.11/socketserver.py", line 691, in process_request_thread
    self.finish_request(request, client_address)
  File "/usr/local/lib/python3.11/socketserver.py", line 361, in finish_request
    self.RequestHandlerClass(request, client_address, self)
  File "/usr/local/lib/python3.11/socketserver.py", line 755, in __init__
    self.handle()
  File "/usr/local/lib/python3.11/site-packages/werkzeug/serving.py", line 399, in handle
    super().handle()
  File "/usr/local/lib/python3.11/http/server.py", line 440, in handle
    self.handle_one_request()
  File "/usr/local/lib/python3.11/http/server.py", line 428, in handle_one_request
    method()
  File "/usr/local/lib/python3.11/site-packages/werkzeug/serving.py", line 371, in run_wsgi
    execute(self.server.app)
  File "/usr/local/lib/python3.11/site-packages/werkzeug/serving.py", line 335, in execute
    write(data)
  File "/usr/local/lib/python3.11/site-packages/werkzeug/serving.py", line 272, in write
    self.send_response(code, msg)
  File "/usr/local/lib/python3.11/http/server.py", line 505, in send_response
    self.log_request(code)
  File "/usr/local/lib/python3.11/site-packages/werkzeug/serving.py", line 468, in log_request
    self.log("info", '"%s" %s %s', msg, code, size)
  File "/usr/local/lib/python3.11/site-packages/werkzeug/serving.py", line 479, in log
    _log(
  File "/usr/local/lib/python3.11/site-packages/werkzeug/_internal.py", line 97, in _log
    getattr(_logger, type)(message.rstrip(), *args, **kwargs)
Message: '127.0.0.1 - - [25/Sep/2026 08:14:00] "%s" %s %s'
Arguments: ('GET /health HTTP/1.1', '200', '-')
--- Logging error ---
Traceback (most recent call last):
  File "/usr/local/lib/python3.11/logging/__init__.py", line 449, in format
    return self._format(record)
           ^^^^^^^^^^^^^^^^^^^^
  File "/usr/local/lib/python3.11/logging/__init__.py", line 445, in _format
    return self._fmt % values
           ~~~~~~~~~~^~~~~~~~
KeyError: 'request_id'

During handling of the above exception, another exception occurred:

Traceback (most recent call last):
  File "/usr/local/lib/python3.11/logging/__init__.py", line 1110, in emit
    msg = self.format(record)
          ^^^^^^^^^^^^^^^^^^^
  File "/usr/local/lib/python3.11/logging/__init__.py", line 953, in format
    return fmt.format(record)
           ^^^^^^^^^^^^^^^^^^
  File "/usr/local/lib/python3.11/logging/__init__.py", line 690, in format
    s = self.formatMessage(record)
        ^^^^^^^^^^^^^^^^^^^^^^^^^^
  File "/usr/local/lib/python3.11/logging/__init__.py", line 659, in formatMessage
    return self._style.format(record)
           ^^^^^^^^^^^^^^^^^^^^^^^^^^
  File "/usr/local/lib/python3.11/logging/__init__.py", line 451, in format
    raise ValueError('Formatting field not found in record: %s' % e)
ValueError: Formatting field not found in record: 'request_id'
Call stack:
  File "/usr/local/lib/python3.11/threading.py", line 1002, in _bootstrap
    self._bootstrap_inner()
  File "/usr/local/lib/python3.11/threading.py", line 1045, in _bootstrap_inner
    self.run()
  File "/usr/local/lib/python3.11/threading.py", line 982, in run
    self._target(*self._args, **self._kwargs)
  File "/usr/local/lib/python3.11/socketserver.py", line 691, in process_request_thread
    self.finish_request(request, client_address)
  File "/usr/local/lib/python3.11/socketserver.py", line 361, in finish_request
    self.RequestHandlerClass(request, client_address, self)
  File "/usr/local/lib/python3.11/socketserver.py", line 755, in __init__
    self.handle()
  File "/usr/local/lib/python3.11/site-packages/werkzeug/serving.py", line 399, in handle
    super().handle()
  File "/usr/local/lib/python3.11/http/server.py", line 440, in handle
    self.handle_one_request()
  File "/usr/local/lib/python3.11/http/server.py", line 428, in handle_one_request
    method()
  File "/usr/local/lib/python3.11/site-packages/werkzeug/serving.py", line 371, in run_wsgi
    execute(self.server.app)
  File "/usr/local/lib/python3.11/site-packages/werkzeug/serving.py", line 335, in execute
    write(data)
  File "/usr/local/lib/python3.11/site-packages/werkzeug/serving.py", line 272, in write
    self.send_response(code, msg)
  File "/usr/local/lib/python3.11/http/server.py", line 505, in send_response
    self.log_request(code)
  File "/usr/local/lib/python3.11/site-packages/werkzeug/serving.py", line 468, in log_request
    self.log("info", '"%s" %s %s', msg, code, size)
  File "/usr/local/lib/python3.11/site-packages/werkzeug/serving.py", line 479, in log
    _log(
  File "/usr/local/lib/python3.11/site-packages/werkzeug/_internal.py", line 97, in _log
    getattr(_logger, type)(message.rstrip(), *args, **kwargs)
Message: '127.0.0.1 - - [25/Sep/2026 08:14:10] "%s" %s %s'
Arguments: ('GET /health HTTP/1.1', '200', '-')
--- Logging error ---
Traceback (most recent call last):
  File "/usr/local/lib/python3.11/logging/__init__.py", line 449, in format
    return self._format(record)
           ^^^^^^^^^^^^^^^^^^^^
  File "/usr/local/lib/python3.11/logging/__init__.py", line 445, in _format
    return self._fmt % values
           ~~~~~~~~~~^~~~~~~~
KeyError: 'request_id'

During handling of the above exception, another exception occurred:

Traceback (most recent call last):
  File "/usr/local/lib/python3.11/logging/__init__.py", line 1110, in emit
    msg = self.format(record)
          ^^^^^^^^^^^^^^^^^^^
  File "/usr/local/lib/python3.11/logging/__init__.py", line 953, in format
    return fmt.format(record)
           ^^^^^^^^^^^^^^^^^^
  File "/usr/local/lib/python3.11/logging/__init__.py", line 690, in format
    s = self.formatMessage(record)
        ^^^^^^^^^^^^^^^^^^^^^^^^^^
  File "/usr/local/lib/python3.11/logging/__init__.py", line 659, in formatMessage
    return self._style.format(record)
           ^^^^^^^^^^^^^^^^^^^^^^^^^^
  File "/usr/local/lib/python3.11/logging/__init__.py", line 451, in format
    raise ValueError('Formatting field not found in record: %s' % e)
ValueError: Formatting field not found in record: 'request_id'
Call stack:
  File "/usr/local/lib/python3.11/threading.py", line 1002, in _bootstrap
    self._bootstrap_inner()
  File "/usr/local/lib/python3.11/threading.py", line 1045, in _bootstrap_inner
    self.run()
  File "/usr/local/lib/python3.11/threading.py", line 982, in run
    self._target(*self._args, **self._kwargs)
  File "/usr/local/lib/python3.11/socketserver.py", line 691, in process_request_thread
    self.finish_request(request, client_address)
  File "/usr/local/lib/python3.11/socketserver.py", line 361, in finish_request
    self.RequestHandlerClass(request, client_address, self)
  File "/usr/local/lib/python3.11/socketserver.py", line 755, in __init__
    self.handle()
  File "/usr/local/lib/python3.11/site-packages/werkzeug/serving.py", line 399, in handle
    super().handle()
  File "/usr/local/lib/python3.11/http/server.py", line 440, in handle
    self.handle_one_request()
  File "/usr/local/lib/python3.11/http/server.py", line 428, in handle_one_request
    method()
  File "/usr/local/lib/python3.11/site-packages/werkzeug/serving.py", line 371, in run_wsgi
    execute(self.server.app)
  File "/usr/local/lib/python3.11/site-packages/werkzeug/serving.py", line 335, in execute
    write(data)
  File "/usr/local/lib/python3.11/site-packages/werkzeug/serving.py", line 272, in write
    self.send_response(code, msg)
  File "/usr/local/lib/python3.11/http/server.py", line 505, in send_response
    self.log_request(code)
  File "/usr/local/lib/python3.11/site-packages/werkzeug/serving.py", line 468, in log_request
    self.log("info", '"%s" %s %s', msg, code, size)
  File "/usr/local/lib/python3.11/site-packages/werkzeug/serving.py", line 479, in log
    _log(
  File "/usr/local/lib/python3.11/site-packages/werkzeug/_internal.py", line 97, in _log
    getattr(_logger, type)(message.rstrip(), *args, **kwargs)
Message: '127.0.0.1 - - [25/Sep/2026 08:14:20] "%s" %s %s'
Arguments: ('GET /health HTTP/1.1', '200', '-')
--- Logging error ---
Traceback (most recent call last):
  File "/usr/local/lib/python3.11/logging/__init__.py", line 449, in format
    return self._format(record)
           ^^^^^^^^^^^^^^^^^^^^
  File "/usr/local/lib/python3.11/logging/__init__.py", line 445, in _format
    return self._fmt % values
           ~~~~~~~~~~^~~~~~~~
KeyError: 'request_id'

During handling of the above exception, another exception occurred:

Traceback (most recent call last):
  File "/usr/local/lib/python3.11/logging/__init__.py", line 1110, in emit
    msg = self.format(record)
          ^^^^^^^^^^^^^^^^^^^
  File "/usr/local/lib/python3.11/logging/__init__.py", line 953, in format
    return fmt.format(record)
           ^^^^^^^^^^^^^^^^^^
  File "/usr/local/lib/python3.11/logging/__init__.py", line 690, in format
    s = self.formatMessage(record)
        ^^^^^^^^^^^^^^^^^^^^^^^^^^
  File "/usr/local/lib/python3.11/logging/__init__.py", line 659, in formatMessage
    return self._style.format(record)
           ^^^^^^^^^^^^^^^^^^^^^^^^^^
  File "/usr/local/lib/python3.11/logging/__init__.py", line 451, in format
    raise ValueError('Formatting field not found in record: %s' % e)
ValueError: Formatting field not found in record: 'request_id'
Call stack:
  File "/usr/local/lib/python3.11/threading.py", line 1002, in _bootstrap
    self._bootstrap_inner()
  File "/usr/local/lib/python3.11/threading.py", line 1045, in _bootstrap_inner
    self.run()
  File "/usr/local/lib/python3.11/threading.py", line 982, in run
    self._target(*self._args, **self._kwargs)
  File "/usr/local/lib/python3.11/socketserver.py", line 691, in process_request_thread
    self.finish_request(request, client_address)
  File "/usr/local/lib/python3.11/socketserver.py", line 361, in finish_request
    self.RequestHandlerClass(request, client_address, self)
  File "/usr/local/lib/python3.11/socketserver.py", line 755, in __init__
    self.handle()
  File "/usr/local/lib/python3.11/site-packages/werkzeug/serving.py", line 399, in handle
    super().handle()
  File "/usr/local/lib/python3.11/http/server.py", line 440, in handle
    self.handle_one_request()
  File "/usr/local/lib/python3.11/http/server.py", line 428, in handle_one_request
    method()
  File "/usr/local/lib/python3.11/site-packages/werkzeug/serving.py", line 371, in run_wsgi
    execute(self.server.app)
  File "/usr/local/lib/python3.11/site-packages/werkzeug/serving.py", line 335, in execute
    write(data)
  File "/usr/local/lib/python3.11/site-packages/werkzeug/serving.py", line 272, in write
    self.send_response(code, msg)
  File "/usr/local/lib/python3.11/http/server.py", line 505, in send_response
    self.log_request(code)
  File "/usr/local/lib/python3.11/site-packages/werkzeug/serving.py", line 468, in log_request
    self.log("info", '"%s" %s %s', msg, code, size)
  File "/usr/local/lib/python3.11/site-packages/werkzeug/serving.py", line 479, in log
    _log(
  File "/usr/local/lib/python3.11/site-packages/werkzeug/_internal.py", line 97, in _log
    getattr(_logger, type)(message.rstrip(), *args, **kwargs)
Message: '127.0.0.1 - - [25/Sep/2026 08:14:31] "%s" %s %s'
Arguments: ('GET /health HTTP/1.1', '200', '-')
--- Logging error ---
Traceback (most recent call last):
  File "/usr/local/lib/python3.11/logging/__init__.py", line 449, in format
    return self._format(record)
           ^^^^^^^^^^^^^^^^^^^^
  File "/usr/local/lib/python3.11/logging/__init__.py", line 445, in _format
    return self._fmt % values
           ~~~~~~~~~~^~~~~~~~
KeyError: 'request_id'

During handling of the above exception, another exception occurred:

Traceback (most recent call last):
  File "/usr/local/lib/python3.11/logging/__init__.py", line 1110, in emit
    msg = self.format(record)
          ^^^^^^^^^^^^^^^^^^^
  File "/usr/local/lib/python3.11/logging/__init__.py", line 953, in format
    return fmt.format(record)
           ^^^^^^^^^^^^^^^^^^
  File "/usr/local/lib/python3.11/logging/__init__.py", line 690, in format
    s = self.formatMessage(record)
        ^^^^^^^^^^^^^^^^^^^^^^^^^^
  File "/usr/local/lib/python3.11/logging/__init__.py", line 659, in formatMessage
    return self._style.format(record)
           ^^^^^^^^^^^^^^^^^^^^^^^^^^
  File "/usr/local/lib/python3.11/logging/__init__.py", line 451, in format
    raise ValueError('Formatting field not found in record: %s' % e)
ValueError: Formatting field not found in record: 'request_id'
Call stack:
  File "/usr/local/lib/python3.11/threading.py", line 1002, in _bootstrap
    self._bootstrap_inner()
  File "/usr/local/lib/python3.11/threading.py", line 1045, in _bootstrap_inner
    self.run()
  File "/usr/local/lib/python3.11/threading.py", line 982, in run
    self._target(*self._args, **self._kwargs)
  File "/usr/local/lib/python3.11/socketserver.py", line 691, in process_request_thread
    self.finish_request(request, client_address)
  File "/usr/local/lib/python3.11/socketserver.py", line 361, in finish_request
    self.RequestHandlerClass(request, client_address, self)
  File "/usr/local/lib/python3.11/socketserver.py", line 755, in __init__
    self.handle()
  File "/usr/local/lib/python3.11/site-packages/werkzeug/serving.py", line 399, in handle
    super().handle()
  File "/usr/local/lib/python3.11/http/server.py", line 440, in handle
    self.handle_one_request()
  File "/usr/local/lib/python3.11/http/server.py", line 428, in handle_one_request
    method()
  File "/usr/local/lib/python3.11/site-packages/werkzeug/serving.py", line 371, in run_wsgi
    execute(self.server.app)
  File "/usr/local/lib/python3.11/site-packages/werkzeug/serving.py", line 335, in execute
    write(data)
  File "/usr/local/lib/python3.11/site-packages/werkzeug/serving.py", line 272, in write
    self.send_response(code, msg)
  File "/usr/local/lib/python3.11/http/server.py", line 505, in send_response
    self.log_request(code)
  File "/usr/local/lib/python3.11/site-packages/werkzeug/serving.py", line 468, in log_request
    self.log("info", '"%s" %s %s', msg, code, size)
  File "/usr/local/lib/python3.11/site-packages/werkzeug/serving.py", line 479, in log
    _log(
  File "/usr/local/lib/python3.11/site-packages/werkzeug/_internal.py", line 97, in _log
    getattr(_logger, type)(message.rstrip(), *args, **kwargs)
Message: '127.0.0.1 - - [25/Sep/2026 08:14:41] "%s" %s %s'
Arguments: ('GET /health HTTP/1.1', '200', '-')
--- Logging error ---
Traceback (most recent call last):
  File "/usr/local/lib/python3.11/logging/__init__.py", line 449, in format
    return self._format(record)
           ^^^^^^^^^^^^^^^^^^^^
  File "/usr/local/lib/python3.11/logging/__init__.py", line 445, in _format
    return self._fmt % values
           ~~~~~~~~~~^~~~~~~~
KeyError: 'request_id'

During handling of the above exception, another exception occurred:

Traceback (most recent call last):
  File "/usr/local/lib/python3.11/logging/__init__.py", line 1110, in emit
    msg = self.format(record)
          ^^^^^^^^^^^^^^^^^^^
  File "/usr/local/lib/python3.11/logging/__init__.py", line 953, in format
    return fmt.format(record)
           ^^^^^^^^^^^^^^^^^^
  File "/usr/local/lib/python3.11/logging/__init__.py", line 690, in format
    s = self.formatMessage(record)
        ^^^^^^^^^^^^^^^^^^^^^^^^^^
  File "/usr/local/lib/python3.11/logging/__init__.py", line 659, in formatMessage
    return self._style.format(record)
           ^^^^^^^^^^^^^^^^^^^^^^^^^^
  File "/usr/local/lib/python3.11/logging/__init__.py", line 451, in format
    raise ValueError('Formatting field not found in record: %s' % e)
ValueError: Formatting field not found in record: 'request_id'
Call stack:
  File "/usr/local/lib/python3.11/threading.py", line 1002, in _bootstrap
    self._bootstrap_inner()
  File "/usr/local/lib/python3.11/threading.py", line 1045, in _bootstrap_inner
    self.run()
  File "/usr/local/lib/python3.11/threading.py", line 982, in run
    self._target(*self._args, **self._kwargs)
  File "/usr/local/lib/python3.11/socketserver.py", line 691, in process_request_thread
    self.finish_request(request, client_address)
  File "/usr/local/lib/python3.11/socketserver.py", line 361, in finish_request
    self.RequestHandlerClass(request, client_address, self)
  File "/usr/local/lib/python3.11/socketserver.py", line 755, in __init__
    self.handle()
  File "/usr/local/lib/python3.11/site-packages/werkzeug/serving.py", line 399, in handle
    super().handle()
  File "/usr/local/lib/python3.11/http/server.py", line 440, in handle
    self.handle_one_request()
  File "/usr/local/lib/python3.11/http/server.py", line 428, in handle_one_request
    method()
  File "/usr/local/lib/python3.11/site-packages/werkzeug/serving.py", line 371, in run_wsgi
    execute(self.server.app)
  File "/usr/local/lib/python3.11/site-packages/werkzeug/serving.py", line 335, in execute
    write(data)
  File "/usr/local/lib/python3.11/site-packages/werkzeug/serving.py", line 272, in write
    self.send_response(code, msg)
  File "/usr/local/lib/python3.11/http/server.py", line 505, in send_response
    self.log_request(code)
  File "/usr/local/lib/python3.11/site-packages/werkzeug/serving.py", line 468, in log_request
    self.log("info", '"%s" %s %s', msg, code, size)
  File "/usr/local/lib/python3.11/site-packages/werkzeug/serving.py", line 479, in log
    _log(
  File "/usr/local/lib/python3.11/site-packages/werkzeug/_internal.py", line 97, in _log
    getattr(_logger, type)(message.rstrip(), *args, **kwargs)
Message: '127.0.0.1 - - [25/Sep/2026 08:14:51] "%s" %s %s'
Arguments: ('GET /health HTTP/1.1', '200', '-')
--- Logging error ---
Traceback (most recent call last):
  File "/usr/local/lib/python3.11/logging/__init__.py", line 449, in format
    return self._format(record)
           ^^^^^^^^^^^^^^^^^^^^
  File "/usr/local/lib/python3.11/logging/__init__.py", line 445, in _format
    return self._fmt % values
           ~~~~~~~~~~^~~~~~~~
KeyError: 'request_id'

During handling of the above exception, another exception occurred:

Traceback (most recent call last):
  File "/usr/local/lib/python3.11/logging/__init__.py", line 1110, in emit
    msg = self.format(record)
          ^^^^^^^^^^^^^^^^^^^
  File "/usr/local/lib/python3.11/logging/__init__.py", line 953, in format
    return fmt.format(record)
           ^^^^^^^^^^^^^^^^^^
  File "/usr/local/lib/python3.11/logging/__init__.py", line 690, in format
    s = self.formatMessage(record)
        ^^^^^^^^^^^^^^^^^^^^^^^^^^
  File "/usr/local/lib/python3.11/logging/__init__.py", line 659, in formatMessage
    return self._style.format(record)
           ^^^^^^^^^^^^^^^^^^^^^^^^^^
  File "/usr/local/lib/python3.11/logging/__init__.py", line 451, in format
    raise ValueError('Formatting field not found in record: %s' % e)
ValueError: Formatting field not found in record: 'request_id'
Call stack:
  File "/usr/local/lib/python3.11/threading.py", line 1002, in _bootstrap
    self._bootstrap_inner()
  File "/usr/local/lib/python3.11/threading.py", line 1045, in _bootstrap_inner
    self.run()
  File "/usr/local/lib/python3.11/threading.py", line 982, in run
    self._target(*self._args, **self._kwargs)
  File "/usr/local/lib/python3.11/socketserver.py", line 691, in process_request_thread
    self.finish_request(request, client_address)
  File "/usr/local/lib/python3.11/socketserver.py", line 361, in finish_request
    self.RequestHandlerClass(request, client_address, self)
  File "/usr/local/lib/python3.11/socketserver.py", line 755, in __init__
    self.handle()
  File "/usr/local/lib/python3.11/site-packages/werkzeug/serving.py", line 399, in handle
    super().handle()
  File "/usr/local/lib/python3.11/http/server.py", line 440, in handle
    self.handle_one_request()
  File "/usr/local/lib/python3.11/http/server.py", line 428, in handle_one_request
    method()
  File "/usr/local/lib/python3.11/site-packages/werkzeug/serving.py", line 371, in run_wsgi
    execute(self.server.app)
  File "/usr/local/lib/python3.11/site-packages/werkzeug/serving.py", line 335, in execute
    write(data)
  File "/usr/local/lib/python3.11/site-packages/werkzeug/serving.py", line 272, in write
    self.send_response(code, msg)
  File "/usr/local/lib/python3.11/http/server.py", line 505, in send_response
    self.log_request(code)
  File "/usr/local/lib/python3.11/site-packages/werkzeug/serving.py", line 468, in log_request
    self.log("info", '"%s" %s %s', msg, code, size)
  File "/usr/local/lib/python3.11/site-packages/werkzeug/serving.py", line 479, in log
    _log(
  File "/usr/local/lib/python3.11/site-packages/werkzeug/_internal.py", line 97, in _log
    getattr(_logger, type)(message.rstrip(), *args, **kwargs)
Message: '127.0.0.1 - - [25/Sep/2026 08:15:01] "%s" %s %s'
Arguments: ('GET /health HTTP/1.1', '200', '-')
--- Logging error ---
Traceback (most recent call last):
  File "/usr/local/lib/python3.11/logging/__init__.py", line 449, in format
    return self._format(record)
           ^^^^^^^^^^^^^^^^^^^^
  File "/usr/local/lib/python3.11/logging/__init__.py", line 445, in _format
    return self._fmt % values
           ~~~~~~~~~~^~~~~~~~
KeyError: 'request_id'

During handling of the above exception, another exception occurred:

Traceback (most recent call last):
  File "/usr/local/lib/python3.11/logging/__init__.py", line 1110, in emit
    msg = self.format(record)
          ^^^^^^^^^^^^^^^^^^^
  File "/usr/local/lib/python3.11/logging/__init__.py", line 953, in format
    return fmt.format(record)
           ^^^^^^^^^^^^^^^^^^
  File "/usr/local/lib/python3.11/logging/__init__.py", line 690, in format
    s = self.formatMessage(record)
        ^^^^^^^^^^^^^^^^^^^^^^^^^^
  File "/usr/local/lib/python3.11/logging/__init__.py", line 659, in formatMessage
    return self._style.format(record)
           ^^^^^^^^^^^^^^^^^^^^^^^^^^
  File "/usr/local/lib/python3.11/logging/__init__.py", line 451, in format
    raise ValueError('Formatting field not found in record: %s' % e)
ValueError: Formatting field not found in record: 'request_id'
Call stack:
  File "/usr/local/lib/python3.11/threading.py", line 1002, in _bootstrap
    self._bootstrap_inner()
  File "/usr/local/lib/python3.11/threading.py", line 1045, in _bootstrap_inner
    self.run()
  File "/usr/local/lib/python3.11/threading.py", line 982, in run
    self._target(*self._args, **self._kwargs)
  File "/usr/local/lib/python3.11/socketserver.py", line 691, in process_request_thread
    self.finish_request(request, client_address)
  File "/usr/local/lib/python3.11/socketserver.py", line 361, in finish_request
    self.RequestHandlerClass(request, client_address, self)
  File "/usr/local/lib/python3.11/socketserver.py", line 755, in __init__
    self.handle()
  File "/usr/local/lib/python3.11/site-packages/werkzeug/serving.py", line 399, in handle
    super().handle()
  File "/usr/local/lib/python3.11/http/server.py", line 440, in handle
    self.handle_one_request()
  File "/usr/local/lib/python3.11/http/server.py", line 428, in handle_one_request
    method()
  File "/usr/local/lib/python3.11/site-packages/werkzeug/serving.py", line 371, in run_wsgi
    execute(self.server.app)
  File "/usr/local/lib/python3.11/site-packages/werkzeug/serving.py", line 335, in execute
    write(data)
  File "/usr/local/lib/python3.11/site-packages/werkzeug/serving.py", line 272, in write
    self.send_response(code, msg)
  File "/usr/local/lib/python3.11/http/server.py", line 505, in send_response
    self.log_request(code)
  File "/usr/local/lib/python3.11/site-packages/werkzeug/serving.py", line 468, in log_request
    self.log("info", '"%s" %s %s', msg, code, size)
  File "/usr/local/lib/python3.11/site-packages/werkzeug/serving.py", line 479, in log
    _log(
  File "/usr/local/lib/python3.11/site-packages/werkzeug/_internal.py", line 97, in _log
    getattr(_logger, type)(message.rstrip(), *args, **kwargs)
Message: '127.0.0.1 - - [25/Sep/2026 08:15:11] "%s" %s %s'
Arguments: ('GET /health HTTP/1.1', '200', '-')
--- Logging error ---
Traceback (most recent call last):
  File "/usr/local/lib/python3.11/logging/__init__.py", line 449, in format
    return self._format(record)
           ^^^^^^^^^^^^^^^^^^^^
  File "/usr/local/lib/python3.11/logging/__init__.py", line 445, in _format
    return self._fmt % values
           ~~~~~~~~~~^~~~~~~~
KeyError: 'request_id'

During handling of the above exception, another exception occurred:

Traceback (most recent call last):
  File "/usr/local/lib/python3.11/logging/__init__.py", line 1110, in emit
    msg = self.format(record)
          ^^^^^^^^^^^^^^^^^^^
  File "/usr/local/lib/python3.11/logging/__init__.py", line 953, in format
    return fmt.format(record)
           ^^^^^^^^^^^^^^^^^^
  File "/usr/local/lib/python3.11/logging/__init__.py", line 690, in format
    s = self.formatMessage(record)
        ^^^^^^^^^^^^^^^^^^^^^^^^^^
  File "/usr/local/lib/python3.11/logging/__init__.py", line 659, in formatMessage
    return self._style.format(record)
           ^^^^^^^^^^^^^^^^^^^^^^^^^^
  File "/usr/local/lib/python3.11/logging/__init__.py", line 451, in format
    raise ValueError('Formatting field not found in record: %s' % e)
ValueError: Formatting field not found in record: 'request_id'
Call stack:
  File "/usr/local/lib/python3.11/threading.py", line 1002, in _bootstrap
    self._bootstrap_inner()
  File "/usr/local/lib/python3.11/threading.py", line 1045, in _bootstrap_inner
    self.run()
  File "/usr/local/lib/python3.11/threading.py", line 982, in run
    self._target(*self._args, **self._kwargs)
  File "/usr/local/lib/python3.11/socketserver.py", line 691, in process_request_thread
    self.finish_request(request, client_address)
  File "/usr/local/lib/python3.11/socketserver.py", line 361, in finish_request
    self.RequestHandlerClass(request, client_address, self)
  File "/usr/local/lib/python3.11/socketserver.py", line 755, in __init__
    self.handle()
  File "/usr/local/lib/python3.11/site-packages/werkzeug/serving.py", line 399, in handle
    super().handle()
  File "/usr/local/lib/python3.11/http/server.py", line 440, in handle
    self.handle_one_request()
  File "/usr/local/lib/python3.11/http/server.py", line 428, in handle_one_request
    method()
  File "/usr/local/lib/python3.11/site-packages/werkzeug/serving.py", line 371, in run_wsgi
    execute(self.server.app)
  File "/usr/local/lib/python3.11/site-packages/werkzeug/serving.py", line 335, in execute
    write(data)
  File "/usr/local/lib/python3.11/site-packages/werkzeug/serving.py", line 272, in write
    self.send_response(code, msg)
  File "/usr/local/lib/python3.11/http/server.py", line 505, in send_response
    self.log_request(code)
  File "/usr/local/lib/python3.11/site-packages/werkzeug/serving.py", line 468, in log_request
    self.log("info", '"%s" %s %s', msg, code, size)
  File "/usr/local/lib/python3.11/site-packages/werkzeug/serving.py", line 479, in log
    _log(
  File "/usr/local/lib/python3.11/site-packages/werkzeug/_internal.py", line 97, in _log
    getattr(_logger, type)(message.rstrip(), *args, **kwargs)
Message: '127.0.0.1 - - [25/Sep/2026 08:15:21] "%s" %s %s'
Arguments: ('GET /health HTTP/1.1', '200', '-')
--- Logging error ---
Traceback (most recent call last):
  File "/usr/local/lib/python3.11/logging/__init__.py", line 449, in format
    return self._format(record)
           ^^^^^^^^^^^^^^^^^^^^
  File "/usr/local/lib/python3.11/logging/__init__.py", line 445, in _format
    return self._fmt % values
           ~~~~~~~~~~^~~~~~~~
KeyError: 'request_id'

During handling of the above exception, another exception occurred:

Traceback (most recent call last):
  File "/usr/local/lib/python3.11/logging/__init__.py", line 1110, in emit
    msg = self.format(record)
          ^^^^^^^^^^^^^^^^^^^
  File "/usr/local/lib/python3.11/logging/__init__.py", line 953, in format
    return fmt.format(record)
           ^^^^^^^^^^^^^^^^^^
  File "/usr/local/lib/python3.11/logging/__init__.py", line 690, in format
    s = self.formatMessage(record)
        ^^^^^^^^^^^^^^^^^^^^^^^^^^
  File "/usr/local/lib/python3.11/logging/__init__.py", line 659, in formatMessage
    return self._style.format(record)
           ^^^^^^^^^^^^^^^^^^^^^^^^^^
  File "/usr/local/lib/python3.11/logging/__init__.py", line 451, in format
    raise ValueError('Formatting field not found in record: %s' % e)
ValueError: Formatting field not found in record: 'request_id'
Call stack:
  File "/usr/local/lib/python3.11/threading.py", line 1002, in _bootstrap
    self._bootstrap_inner()
  File "/usr/local/lib/python3.11/threading.py", line 1045, in _bootstrap_inner
    self.run()
  File "/usr/local/lib/python3.11/threading.py", line 982, in run
    self._target(*self._args, **self._kwargs)
  File "/usr/local/lib/python3.11/socketserver.py", line 691, in process_request_thread
    self.finish_request(request, client_address)
  File "/usr/local/lib/python3.11/socketserver.py", line 361, in finish_request
    self.RequestHandlerClass(request, client_address, self)
  File "/usr/local/lib/python3.11/socketserver.py", line 755, in __init__
    self.handle()
  File "/usr/local/lib/python3.11/site-packages/werkzeug/serving.py", line 399, in handle
    super().handle()
  File "/usr/local/lib/python3.11/http/server.py", line 440, in handle
    self.handle_one_request()
  File "/usr/local/lib/python3.11/http/server.py", line 428, in handle_one_request
    method()
  File "/usr/local/lib/python3.11/site-packages/werkzeug/serving.py", line 371, in run_wsgi
    execute(self.server.app)
  File "/usr/local/lib/python3.11/site-packages/werkzeug/serving.py", line 335, in execute
    write(data)
  File "/usr/local/lib/python3.11/site-packages/werkzeug/serving.py", line 272, in write
    self.send_response(code, msg)
  File "/usr/local/lib/python3.11/http/server.py", line 505, in send_response
    self.log_request(code)
  File "/usr/local/lib/python3.11/site-packages/werkzeug/serving.py", line 468, in log_request
    self.log("info", '"%s" %s %s', msg, code, size)
  File "/usr/local/lib/python3.11/site-packages/werkzeug/serving.py", line 479, in log
    _log(
  File "/usr/local/lib/python3.11/site-packages/werkzeug/_internal.py", line 97, in _log
    getattr(_logger, type)(message.rstrip(), *args, **kwargs)
Message: '127.0.0.1 - - [25/Sep/2026 08:15:31] "%s" %s %s'
Arguments: ('GET /health HTTP/1.1', '200', '-')
--- Logging error ---
Traceback (most recent call last):
  File "/usr/local/lib/python3.11/logging/__init__.py", line 449, in format
    return self._format(record)
           ^^^^^^^^^^^^^^^^^^^^
  File "/usr/local/lib/python3.11/logging/__init__.py", line 445, in _format
    return self._fmt % values
           ~~~~~~~~~~^~~~~~~~
KeyError: 'request_id'

During handling of the above exception, another exception occurred:

Traceback (most recent call last):
  File "/usr/local/lib/python3.11/logging/__init__.py", line 1110, in emit
    msg = self.format(record)
          ^^^^^^^^^^^^^^^^^^^
  File "/usr/local/lib/python3.11/logging/__init__.py", line 953, in format
    return fmt.format(record)
           ^^^^^^^^^^^^^^^^^^
  File "/usr/local/lib/python3.11/logging/__init__.py", line 690, in format
    s = self.formatMessage(record)
        ^^^^^^^^^^^^^^^^^^^^^^^^^^
  File "/usr/local/lib/python3.11/logging/__init__.py", line 659, in formatMessage
    return self._style.format(record)
           ^^^^^^^^^^^^^^^^^^^^^^^^^^
  File "/usr/local/lib/python3.11/logging/__init__.py", line 451, in format
    raise ValueError('Formatting field not found in record: %s' % e)
ValueError: Formatting field not found in record: 'request_id'
Call stack:
  File "/usr/local/lib/python3.11/threading.py", line 1002, in _bootstrap
    self._bootstrap_inner()
  File "/usr/local/lib/python3.11/threading.py", line 1045, in _bootstrap_inner
    self.run()
  File "/usr/local/lib/python3.11/threading.py", line 982, in run
    self._target(*self._args, **self._kwargs)
  File "/usr/local/lib/python3.11/socketserver.py", line 691, in process_request_thread
    self.finish_request(request, client_address)
  File "/usr/local/lib/python3.11/socketserver.py", line 361, in finish_request
    self.RequestHandlerClass(request, client_address, self)
  File "/usr/local/lib/python3.11/socketserver.py", line 755, in __init__
    self.handle()
  File "/usr/local/lib/python3.11/site-packages/werkzeug/serving.py", line 399, in handle
    super().handle()
  File "/usr/local/lib/python3.11/http/server.py", line 440, in handle
    self.handle_one_request()
  File "/usr/local/lib/python3.11/http/server.py", line 428, in handle_one_request
    method()
  File "/usr/local/lib/python3.11/site-packages/werkzeug/serving.py", line 371, in run_wsgi
    execute(self.server.app)
  File "/usr/local/lib/python3.11/site-packages/werkzeug/serving.py", line 335, in execute
    write(data)
  File "/usr/local/lib/python3.11/site-packages/werkzeug/serving.py", line 272, in write
    self.send_response(code, msg)
  File "/usr/local/lib/python3.11/http/server.py", line 505, in send_response
    self.log_request(code)
  File "/usr/local/lib/python3.11/site-packages/werkzeug/serving.py", line 468, in log_request
    self.log("info", '"%s" %s %s', msg, code, size)
  File "/usr/local/lib/python3.11/site-packages/werkzeug/serving.py", line 479, in log
    _log(
  File "/usr/local/lib/python3.11/site-packages/werkzeug/_internal.py", line 97, in _log
    getattr(_logger, type)(message.rstrip(), *args, **kwargs)
Message: '127.0.0.1 - - [25/Sep/2026 08:15:41] "%s" %s %s'
Arguments: ('GET /health HTTP/1.1', '200', '-')
--- Logging error ---
Traceback (most recent call last):
  File "/usr/local/lib/python3.11/logging/__init__.py", line 449, in format
    return self._format(record)
           ^^^^^^^^^^^^^^^^^^^^
  File "/usr/local/lib/python3.11/logging/__init__.py", line 445, in _format
    return self._fmt % values
           ~~~~~~~~~~^~~~~~~~
KeyError: 'request_id'

During handling of the above exception, another exception occurred:

Traceback (most recent call last):
  File "/usr/local/lib/python3.11/logging/__init__.py", line 1110, in emit
    msg = self.format(record)
          ^^^^^^^^^^^^^^^^^^^
  File "/usr/local/lib/python3.11/logging/__init__.py", line 953, in format
    return fmt.format(record)
           ^^^^^^^^^^^^^^^^^^
  File "/usr/local/lib/python3.11/logging/__init__.py", line 690, in format
    s = self.formatMessage(record)
        ^^^^^^^^^^^^^^^^^^^^^^^^^^
  File "/usr/local/lib/python3.11/logging/__init__.py", line 659, in formatMessage
    return self._style.format(record)
           ^^^^^^^^^^^^^^^^^^^^^^^^^^
  File "/usr/local/lib/python3.11/logging/__init__.py", line 451, in format
    raise ValueError('Formatting field not found in record: %s' % e)
ValueError: Formatting field not found in record: 'request_id'
Call stack:
  File "/usr/local/lib/python3.11/threading.py", line 1002, in _bootstrap
    self._bootstrap_inner()
  File "/usr/local/lib/python3.11/threading.py", line 1045, in _bootstrap_inner
    self.run()
  File "/usr/local/lib/python3.11/threading.py", line 982, in run
    self._target(*self._args, **self._kwargs)
  File "/usr/local/lib/python3.11/socketserver.py", line 691, in process_request_thread
    self.finish_request(request, client_address)
  File "/usr/local/lib/python3.11/socketserver.py", line 361, in finish_request
    self.RequestHandlerClass(request, client_address, self)
  File "/usr/local/lib/python3.11/socketserver.py", line 755, in __init__
    self.handle()
  File "/usr/local/lib/python3.11/site-packages/werkzeug/serving.py", line 399, in handle
    super().handle()
  File "/usr/local/lib/python3.11/http/server.py", line 440, in handle
    self.handle_one_request()
  File "/usr/local/lib/python3.11/http/server.py", line 428, in handle_one_request
    method()
  File "/usr/local/lib/python3.11/site-packages/werkzeug/serving.py", line 371, in run_wsgi
    execute(self.server.app)
  File "/usr/local/lib/python3.11/site-packages/werkzeug/serving.py", line 335, in execute
    write(data)
  File "/usr/local/lib/python3.11/site-packages/werkzeug/serving.py", line 272, in write
    self.send_response(code, msg)
  File "/usr/local/lib/python3.11/http/server.py", line 505, in send_response
    self.log_request(code)
  File "/usr/local/lib/python3.11/site-packages/werkzeug/serving.py", line 468, in log_request
    self.log("info", '"%s" %s %s', msg, code, size)
  File "/usr/local/lib/python3.11/site-packages/werkzeug/serving.py", line 479, in log
    _log(
  File "/usr/local/lib/python3.11/site-packages/werkzeug/_internal.py", line 97, in _log
    getattr(_logger, type)(message.rstrip(), *args, **kwargs)
Message: '127.0.0.1 - - [25/Sep/2026 08:15:51] "%s" %s %s'
Arguments: ('GET /health HTTP/1.1', '200', '-')
--- Logging error ---
Traceback (most recent call last):
  File "/usr/local/lib/python3.11/logging/__init__.py", line 449, in format
    return self._format(record)
           ^^^^^^^^^^^^^^^^^^^^
  File "/usr/local/lib/python3.11/logging/__init__.py", line 445, in _format
    return self._fmt % values
           ~~~~~~~~~~^~~~~~~~
KeyError: 'request_id'

During handling of the above exception, another exception occurred:

Traceback (most recent call last):
  File "/usr/local/lib/python3.11/logging/__init__.py", line 1110, in emit
    msg = self.format(record)
          ^^^^^^^^^^^^^^^^^^^
  File "/usr/local/lib/python3.11/logging/__init__.py", line 953, in format
    return fmt.format(record)
           ^^^^^^^^^^^^^^^^^^
  File "/usr/local/lib/python3.11/logging/__init__.py", line 690, in format
    s = self.formatMessage(record)
        ^^^^^^^^^^^^^^^^^^^^^^^^^^
  File "/usr/local/lib/python3.11/logging/__init__.py", line 659, in formatMessage
    return self._style.format(record)
           ^^^^^^^^^^^^^^^^^^^^^^^^^^
  File "/usr/local/lib/python3.11/logging/__init__.py", line 451, in format
    raise ValueError('Formatting field not found in record: %s' % e)
ValueError: Formatting field not found in record: 'request_id'
Call stack:
  File "/usr/local/lib/python3.11/threading.py", line 1002, in _bootstrap
    self._bootstrap_inner()
  File "/usr/local/lib/python3.11/threading.py", line 1045, in _bootstrap_inner
    self.run()
  File "/usr/local/lib/python3.11/threading.py", line 982, in run
    self._target(*self._args, **self._kwargs)
  File "/usr/local/lib/python3.11/socketserver.py", line 691, in process_request_thread
    self.finish_request(request, client_address)
  File "/usr/local/lib/python3.11/socketserver.py", line 361, in finish_request
    self.RequestHandlerClass(request, client_address, self)
  File "/usr/local/lib/python3.11/socketserver.py", line 755, in __init__
    self.handle()
  File "/usr/local/lib/python3.11/site-packages/werkzeug/serving.py", line 399, in handle
    super().handle()
  File "/usr/local/lib/python3.11/http/server.py", line 440, in handle
    self.handle_one_request()
  File "/usr/local/lib/python3.11/http/server.py", line 428, in handle_one_request
    method()
  File "/usr/local/lib/python3.11/site-packages/werkzeug/serving.py", line 371, in run_wsgi
    execute(self.server.app)
  File "/usr/local/lib/python3.11/site-packages/werkzeug/serving.py", line 335, in execute
    write(data)
  File "/usr/local/lib/python3.11/site-packages/werkzeug/serving.py", line 272, in write
    self.send_response(code, msg)
  File "/usr/local/lib/python3.11/http/server.py", line 505, in send_response
    self.log_request(code)
  File "/usr/local/lib/python3.11/site-packages/werkzeug/serving.py", line 468, in log_request
    self.log("info", '"%s" %s %s', msg, code, size)
  File "/usr/local/lib/python3.11/site-packages/werkzeug/serving.py", line 479, in log
    _log(
  File "/usr/local/lib/python3.11/site-packages/werkzeug/_internal.py", line 97, in _log
    getattr(_logger, type)(message.rstrip(), *args, **kwargs)
Message: '127.0.0.1 - - [25/Sep/2026 08:16:01] "%s" %s %s'
Arguments: ('GET /health HTTP/1.1', '200', '-')
--- Logging error ---
Traceback (most recent call last):
  File "/usr/local/lib/python3.11/logging/__init__.py", line 449, in format
    return self._format(record)
           ^^^^^^^^^^^^^^^^^^^^
  File "/usr/local/lib/python3.11/logging/__init__.py", line 445, in _format
    return self._fmt % values
           ~~~~~~~~~~^~~~~~~~
KeyError: 'request_id'

During handling of the above exception, another exception occurred:

Traceback (most recent call last):
  File "/usr/local/lib/python3.11/logging/__init__.py", line 1110, in emit
    msg = self.format(record)
          ^^^^^^^^^^^^^^^^^^^
  File "/usr/local/lib/python3.11/logging/__init__.py", line 953, in format
    return fmt.format(record)
           ^^^^^^^^^^^^^^^^^^
  File "/usr/local/lib/python3.11/logging/__init__.py", line 690, in format
    s = self.formatMessage(record)
        ^^^^^^^^^^^^^^^^^^^^^^^^^^
  File "/usr/local/lib/python3.11/logging/__init__.py", line 659, in formatMessage
    return self._style.format(record)
           ^^^^^^^^^^^^^^^^^^^^^^^^^^
  File "/usr/local/lib/python3.11/logging/__init__.py", line 451, in format
    raise ValueError('Formatting field not found in record: %s' % e)
ValueError: Formatting field not found in record: 'request_id'
Call stack:
  File "/usr/local/lib/python3.11/threading.py", line 1002, in _bootstrap
    self._bootstrap_inner()
  File "/usr/local/lib/python3.11/threading.py", line 1045, in _bootstrap_inner
    self.run()
  File "/usr/local/lib/python3.11/threading.py", line 982, in run
    self._target(*self._args, **self._kwargs)
  File "/usr/local/lib/python3.11/socketserver.py", line 691, in process_request_thread
    self.finish_request(request, client_address)
  File "/usr/local/lib/python3.11/socketserver.py", line 361, in finish_request
    self.RequestHandlerClass(request, client_address, self)
  File "/usr/local/lib/python3.11/socketserver.py", line 755, in __init__
    self.handle()
  File "/usr/local/lib/python3.11/site-packages/werkzeug/serving.py", line 399, in handle
    super().handle()
  File "/usr/local/lib/python3.11/http/server.py", line 440, in handle
    self.handle_one_request()
  File "/usr/local/lib/python3.11/http/server.py", line 428, in handle_one_request
    method()
  File "/usr/local/lib/python3.11/site-packages/werkzeug/serving.py", line 371, in run_wsgi
    execute(self.server.app)
  File "/usr/local/lib/python3.11/site-packages/werkzeug/serving.py", line 335, in execute
    write(data)
  File "/usr/local/lib/python3.11/site-packages/werkzeug/serving.py", line 272, in write
    self.send_response(code, msg)
  File "/usr/local/lib/python3.11/http/server.py", line 505, in send_response
    self.log_request(code)
  File "/usr/local/lib/python3.11/site-packages/werkzeug/serving.py", line 468, in log_request
    self.log("info", '"%s" %s %s', msg, code, size)
  File "/usr/local/lib/python3.11/site-packages/werkzeug/serving.py", line 479, in log
    _log(
  File "/usr/local/lib/python3.11/site-packages/werkzeug/_internal.py", line 97, in _log
    getattr(_logger, type)(message.rstrip(), *args, **kwargs)
Message: '127.0.0.1 - - [25/Sep/2026 08:16:11] "%s" %s %s'
Arguments: ('GET /health HTTP/1.1', '200', '-')
--- Logging error ---
Traceback (most recent call last):
  File "/usr/local/lib/python3.11/logging/__init__.py", line 449, in format
    return self._format(record)
           ^^^^^^^^^^^^^^^^^^^^
  File "/usr/local/lib/python3.11/logging/__init__.py", line 445, in _format
    return self._fmt % values
           ~~~~~~~~~~^~~~~~~~
KeyError: 'request_id'

During handling of the above exception, another exception occurred:

Traceback (most recent call last):
  File "/usr/local/lib/python3.11/logging/__init__.py", line 1110, in emit
    msg = self.format(record)
          ^^^^^^^^^^^^^^^^^^^
  File "/usr/local/lib/python3.11/logging/__init__.py", line 953, in format
    return fmt.format(record)
           ^^^^^^^^^^^^^^^^^^
  File "/usr/local/lib/python3.11/logging/__init__.py", line 690, in format
    s = self.formatMessage(record)
        ^^^^^^^^^^^^^^^^^^^^^^^^^^
  File "/usr/local/lib/python3.11/logging/__init__.py", line 659, in formatMessage
    return self._style.format(record)
           ^^^^^^^^^^^^^^^^^^^^^^^^^^
  File "/usr/local/lib/python3.11/logging/__init__.py", line 451, in format
    raise ValueError('Formatting field not found in record: %s' % e)
ValueError: Formatting field not found in record: 'request_id'
Call stack:
  File "/usr/local/lib/python3.11/threading.py", line 1002, in _bootstrap
    self._bootstrap_inner()
  File "/usr/local/lib/python3.11/threading.py", line 1045, in _bootstrap_inner
    self.run()
  File "/usr/local/lib/python3.11/threading.py", line 982, in run
    self._target(*self._args, **self._kwargs)
  File "/usr/local/lib/python3.11/socketserver.py", line 691, in process_request_thread
    self.finish_request(request, client_address)
  File "/usr/local/lib/python3.11/socketserver.py", line 361, in finish_request
    self.RequestHandlerClass(request, client_address, self)
  File "/usr/local/lib/python3.11/socketserver.py", line 755, in __init__
    self.handle()
  File "/usr/local/lib/python3.11/site-packages/werkzeug/serving.py", line 399, in handle
    super().handle()
  File "/usr/local/lib/python3.11/http/server.py", line 440, in handle
    self.handle_one_request()
  File "/usr/local/lib/python3.11/http/server.py", line 428, in handle_one_request
    method()
  File "/usr/local/lib/python3.11/site-packages/werkzeug/serving.py", line 371, in run_wsgi
    execute(self.server.app)
  File "/usr/local/lib/python3.11/site-packages/werkzeug/serving.py", line 335, in execute
    write(data)
  File "/usr/local/lib/python3.11/site-packages/werkzeug/serving.py", line 272, in write
    self.send_response(code, msg)
  File "/usr/local/lib/python3.11/http/server.py", line 505, in send_response
    self.log_request(code)
  File "/usr/local/lib/python3.11/site-packages/werkzeug/serving.py", line 468, in log_request
    self.log("info", '"%s" %s %s', msg, code, size)
  File "/usr/local/lib/python3.11/site-packages/werkzeug/serving.py", line 479, in log
    _log(
  File "/usr/local/lib/python3.11/site-packages/werkzeug/_internal.py", line 97, in _log
    getattr(_logger, type)(message.rstrip(), *args, **kwargs)
Message: '127.0.0.1 - - [25/Sep/2026 08:16:22] "%s" %s %s'
Arguments: ('GET /health HTTP/1.1', '200', '-')
--- Logging error ---
Traceback (most recent call last):
  File "/usr/local/lib/python3.11/logging/__init__.py", line 449, in format
    return self._format(record)
           ^^^^^^^^^^^^^^^^^^^^
  File "/usr/local/lib/python3.11/logging/__init__.py", line 445, in _format
    return self._fmt % values
           ~~~~~~~~~~^~~~~~~~
KeyError: 'request_id'

During handling of the above exception, another exception occurred:

Traceback (most recent call last):
  File "/usr/local/lib/python3.11/logging/__init__.py", line 1110, in emit
    msg = self.format(record)
          ^^^^^^^^^^^^^^^^^^^
  File "/usr/local/lib/python3.11/logging/__init__.py", line 953, in format
    return fmt.format(record)
           ^^^^^^^^^^^^^^^^^^
  File "/usr/local/lib/python3.11/logging/__init__.py", line 690, in format
    s = self.formatMessage(record)
        ^^^^^^^^^^^^^^^^^^^^^^^^^^
  File "/usr/local/lib/python3.11/logging/__init__.py", line 659, in formatMessage
    return self._style.format(record)
           ^^^^^^^^^^^^^^^^^^^^^^^^^^
  File "/usr/local/lib/python3.11/logging/__init__.py", line 451, in format
    raise ValueError('Formatting field not found in record: %s' % e)
ValueError: Formatting field not found in record: 'request_id'
Call stack:
  File "/usr/local/lib/python3.11/threading.py", line 1002, in _bootstrap
    self._bootstrap_inner()
  File "/usr/local/lib/python3.11/threading.py", line 1045, in _bootstrap_inner
    self.run()
  File "/usr/local/lib/python3.11/threading.py", line 982, in run
    self._target(*self._args, **self._kwargs)
  File "/usr/local/lib/python3.11/socketserver.py", line 691, in process_request_thread
    self.finish_request(request, client_address)
  File "/usr/local/lib/python3.11/socketserver.py", line 361, in finish_request
    self.RequestHandlerClass(request, client_address, self)
  File "/usr/local/lib/python3.11/socketserver.py", line 755, in __init__
    self.handle()
  File "/usr/local/lib/python3.11/site-packages/werkzeug/serving.py", line 399, in handle
    super().handle()
  File "/usr/local/lib/python3.11/http/server.py", line 440, in handle
    self.handle_one_request()
  File "/usr/local/lib/python3.11/http/server.py", line 428, in handle_one_request
    method()
  File "/usr/local/lib/python3.11/site-packages/werkzeug/serving.py", line 371, in run_wsgi
    execute(self.server.app)
  File "/usr/local/lib/python3.11/site-packages/werkzeug/serving.py", line 335, in execute
    write(data)
  File "/usr/local/lib/python3.11/site-packages/werkzeug/serving.py", line 272, in write
    self.send_response(code, msg)
  File "/usr/local/lib/python3.11/http/server.py", line 505, in send_response
    self.log_request(code)
  File "/usr/local/lib/python3.11/site-packages/werkzeug/serving.py", line 468, in log_request
    self.log("info", '"%s" %s %s', msg, code, size)
  File "/usr/local/lib/python3.11/site-packages/werkzeug/serving.py", line 479, in log
    _log(
  File "/usr/local/lib/python3.11/site-packages/werkzeug/_internal.py", line 97, in _log
    getattr(_logger, type)(message.rstrip(), *args, **kwargs)
Message: '127.0.0.1 - - [25/Sep/2026 08:16:32] "%s" %s %s'
Arguments: ('GET /health HTTP/1.1', '200', '-')
--- Logging error ---
Traceback (most recent call last):
  File "/usr/local/lib/python3.11/logging/__init__.py", line 449, in format
    return self._format(record)
           ^^^^^^^^^^^^^^^^^^^^
  File "/usr/local/lib/python3.11/logging/__init__.py", line 445, in _format
    return self._fmt % values
           ~~~~~~~~~~^~~~~~~~
KeyError: 'request_id'

During handling of the above exception, another exception occurred:

Traceback (most recent call last):
  File "/usr/local/lib/python3.11/logging/__init__.py", line 1110, in emit
    msg = self.format(record)
          ^^^^^^^^^^^^^^^^^^^
  File "/usr/local/lib/python3.11/logging/__init__.py", line 953, in format
    return fmt.format(record)
           ^^^^^^^^^^^^^^^^^^
  File "/usr/local/lib/python3.11/logging/__init__.py", line 690, in format
    s = self.formatMessage(record)
        ^^^^^^^^^^^^^^^^^^^^^^^^^^
  File "/usr/local/lib/python3.11/logging/__init__.py", line 659, in formatMessage
    return self._style.format(record)
           ^^^^^^^^^^^^^^^^^^^^^^^^^^
  File "/usr/local/lib/python3.11/logging/__init__.py", line 451, in format
    raise ValueError('Formatting field not found in record: %s' % e)
ValueError: Formatting field not found in record: 'request_id'
Call stack:
  File "/usr/local/lib/python3.11/threading.py", line 1002, in _bootstrap
    self._bootstrap_inner()
  File "/usr/local/lib/python3.11/threading.py", line 1045, in _bootstrap_inner
    self.run()
  File "/usr/local/lib/python3.11/threading.py", line 982, in run
    self._target(*self._args, **self._kwargs)
  File "/usr/local/lib/python3.11/socketserver.py", line 691, in process_request_thread
    self.finish_request(request, client_address)
  File "/usr/local/lib/python3.11/socketserver.py", line 361, in finish_request
    self.RequestHandlerClass(request, client_address, self)
  File "/usr/local/lib/python3.11/socketserver.py", line 755, in __init__
    self.handle()
  File "/usr/local/lib/python3.11/site-packages/werkzeug/serving.py", line 399, in handle
    super().handle()
  File "/usr/local/lib/python3.11/http/server.py", line 440, in handle
    self.handle_one_request()
  File "/usr/local/lib/python3.11/http/server.py", line 428, in handle_one_request
    method()
  File "/usr/local/lib/python3.11/site-packages/werkzeug/serving.py", line 371, in run_wsgi
    execute(self.server.app)
  File "/usr/local/lib/python3.11/site-packages/werkzeug/serving.py", line 335, in execute
    write(data)
  File "/usr/local/lib/python3.11/site-packages/werkzeug/serving.py", line 272, in write
    self.send_response(code, msg)
  File "/usr/local/lib/python3.11/http/server.py", line 505, in send_response
    self.log_request(code)
  File "/usr/local/lib/python3.11/site-packages/werkzeug/serving.py", line 468, in log_request
    self.log("info", '"%s" %s %s', msg, code, size)
  File "/usr/local/lib/python3.11/site-packages/werkzeug/serving.py", line 479, in log
    _log(
  File "/usr/local/lib/python3.11/site-packages/werkzeug/_internal.py", line 97, in _log
    getattr(_logger, type)(message.rstrip(), *args, **kwargs)
Message: '127.0.0.1 - - [25/Sep/2026 08:16:42] "%s" %s %s'
Arguments: ('GET /health HTTP/1.1', '200', '-')
--- Logging error ---
Traceback (most recent call last):
  File "/usr/local/lib/python3.11/logging/__init__.py", line 449, in format
    return self._format(record)
           ^^^^^^^^^^^^^^^^^^^^
  File "/usr/local/lib/python3.11/logging/__init__.py", line 445, in _format
    return self._fmt % values
           ~~~~~~~~~~^~~~~~~~
KeyError: 'request_id'

During handling of the above exception, another exception occurred:

Traceback (most recent call last):
  File "/usr/local/lib/python3.11/logging/__init__.py", line 1110, in emit
    msg = self.format(record)
          ^^^^^^^^^^^^^^^^^^^
  File "/usr/local/lib/python3.11/logging/__init__.py", line 953, in format
    return fmt.format(record)
           ^^^^^^^^^^^^^^^^^^
  File "/usr/local/lib/python3.11/logging/__init__.py", line 690, in format
    s = self.formatMessage(record)
        ^^^^^^^^^^^^^^^^^^^^^^^^^^
  File "/usr/local/lib/python3.11/logging/__init__.py", line 659, in formatMessage
    return self._style.format(record)
           ^^^^^^^^^^^^^^^^^^^^^^^^^^
  File "/usr/local/lib/python3.11/logging/__init__.py", line 451, in format
    raise ValueError('Formatting field not found in record: %s' % e)
ValueError: Formatting field not found in record: 'request_id'
Call stack:
  File "/usr/local/lib/python3.11/threading.py", line 1002, in _bootstrap
    self._bootstrap_inner()
  File "/usr/local/lib/python3.11/threading.py", line 1045, in _bootstrap_inner
    self.run()
  File "/usr/local/lib/python3.11/threading.py", line 982, in run
    self._target(*self._args, **self._kwargs)
  File "/usr/local/lib/python3.11/socketserver.py", line 691, in process_request_thread
    self.finish_request(request, client_address)
  File "/usr/local/lib/python3.11/socketserver.py", line 361, in finish_request
    self.RequestHandlerClass(request, client_address, self)
  File "/usr/local/lib/python3.11/socketserver.py", line 755, in __init__
    self.handle()
  File "/usr/local/lib/python3.11/site-packages/werkzeug/serving.py", line 399, in handle
    super().handle()
  File "/usr/local/lib/python3.11/http/server.py", line 440, in handle
    self.handle_one_request()
  File "/usr/local/lib/python3.11/http/server.py", line 428, in handle_one_request
    method()
  File "/usr/local/lib/python3.11/site-packages/werkzeug/serving.py", line 371, in run_wsgi
    execute(self.server.app)
  File "/usr/local/lib/python3.11/site-packages/werkzeug/serving.py", line 335, in execute
    write(data)
  File "/usr/local/lib/python3.11/site-packages/werkzeug/serving.py", line 272, in write
    self.send_response(code, msg)
  File "/usr/local/lib/python3.11/http/server.py", line 505, in send_response
    self.log_request(code)
  File "/usr/local/lib/python3.11/site-packages/werkzeug/serving.py", line 468, in log_request
    self.log("info", '"%s" %s %s', msg, code, size)
  File "/usr/local/lib/python3.11/site-packages/werkzeug/serving.py", line 479, in log
    _log(
  File "/usr/local/lib/python3.11/site-packages/werkzeug/_internal.py", line 97, in _log
    getattr(_logger, type)(message.rstrip(), *args, **kwargs)
Message: '127.0.0.1 - - [25/Sep/2026 08:16:52] "%s" %s %s'
Arguments: ('GET /health HTTP/1.1', '200', '-')
--- Logging error ---
Traceback (most recent call last):
  File "/usr/local/lib/python3.11/logging/__init__.py", line 449, in format
    return self._format(record)
           ^^^^^^^^^^^^^^^^^^^^
  File "/usr/local/lib/python3.11/logging/__init__.py", line 445, in _format
    return self._fmt % values
           ~~~~~~~~~~^~~~~~~~
KeyError: 'request_id'

During handling of the above exception, another exception occurred:

Traceback (most recent call last):
  File "/usr/local/lib/python3.11/logging/__init__.py", line 1110, in emit
    msg = self.format(record)
          ^^^^^^^^^^^^^^^^^^^
  File "/usr/local/lib/python3.11/logging/__init__.py", line 953, in format
    return fmt.format(record)
           ^^^^^^^^^^^^^^^^^^
  File "/usr/local/lib/python3.11/logging/__init__.py", line 690, in format
    s = self.formatMessage(record)
        ^^^^^^^^^^^^^^^^^^^^^^^^^^
  File "/usr/local/lib/python3.11/logging/__init__.py", line 659, in formatMessage
    return self._style.format(record)
           ^^^^^^^^^^^^^^^^^^^^^^^^^^
  File "/usr/local/lib/python3.11/logging/__init__.py", line 451, in format
    raise ValueError('Formatting field not found in record: %s' % e)
ValueError: Formatting field not found in record: 'request_id'
Call stack:
  File "/usr/local/lib/python3.11/threading.py", line 1002, in _bootstrap
    self._bootstrap_inner()
  File "/usr/local/lib/python3.11/threading.py", line 1045, in _bootstrap_inner
    self.run()
  File "/usr/local/lib/python3.11/threading.py", line 982, in run
    self._target(*self._args, **self._kwargs)
  File "/usr/local/lib/python3.11/socketserver.py", line 691, in process_request_thread
    self.finish_request(request, client_address)
  File "/usr/local/lib/python3.11/socketserver.py", line 361, in finish_request
    self.RequestHandlerClass(request, client_address, self)
  File "/usr/local/lib/python3.11/socketserver.py", line 755, in __init__
    self.handle()
  File "/usr/local/lib/python3.11/site-packages/werkzeug/serving.py", line 399, in handle
    super().handle()
  File "/usr/local/lib/python3.11/http/server.py", line 440, in handle
    self.handle_one_request()
  File "/usr/local/lib/python3.11/http/server.py", line 428, in handle_one_request
    method()
  File "/usr/local/lib/python3.11/site-packages/werkzeug/serving.py", line 371, in run_wsgi
    execute(self.server.app)
  File "/usr/local/lib/python3.11/site-packages/werkzeug/serving.py", line 335, in execute
    write(data)
  File "/usr/local/lib/python3.11/site-packages/werkzeug/serving.py", line 272, in write
    self.send_response(code, msg)
  File "/usr/local/lib/python3.11/http/server.py", line 505, in send_response
    self.log_request(code)
  File "/usr/local/lib/python3.11/site-packages/werkzeug/serving.py", line 468, in log_request
    self.log("info", '"%s" %s %s', msg, code, size)
  File "/usr/local/lib/python3.11/site-packages/werkzeug/serving.py", line 479, in log
    _log(
  File "/usr/local/lib/python3.11/site-packages/werkzeug/_internal.py", line 97, in _log
    getattr(_logger, type)(message.rstrip(), *args, **kwargs)
Message: '127.0.0.1 - - [25/Sep/2026 08:17:02] "%s" %s %s'
Arguments: ('GET /health HTTP/1.1', '200', '-')
--- Logging error ---
Traceback (most recent call last):
  File "/usr/local/lib/python3.11/logging/__init__.py", line 449, in format
    return self._format(record)
           ^^^^^^^^^^^^^^^^^^^^
  File "/usr/local/lib/python3.11/logging/__init__.py", line 445, in _format
    return self._fmt % values
           ~~~~~~~~~~^~~~~~~~
KeyError: 'request_id'

During handling of the above exception, another exception occurred:

Traceback (most recent call last):
  File "/usr/local/lib/python3.11/logging/__init__.py", line 1110, in emit
    msg = self.format(record)
          ^^^^^^^^^^^^^^^^^^^
  File "/usr/local/lib/python3.11/logging/__init__.py", line 953, in format
    return fmt.format(record)
           ^^^^^^^^^^^^^^^^^^
  File "/usr/local/lib/python3.11/logging/__init__.py", line 690, in format
    s = self.formatMessage(record)
        ^^^^^^^^^^^^^^^^^^^^^^^^^^
  File "/usr/local/lib/python3.11/logging/__init__.py", line 659, in formatMessage
    return self._style.format(record)
           ^^^^^^^^^^^^^^^^^^^^^^^^^^
  File "/usr/local/lib/python3.11/logging/__init__.py", line 451, in format
    raise ValueError('Formatting field not found in record: %s' % e)
ValueError: Formatting field not found in record: 'request_id'
Call stack:
  File "/usr/local/lib/python3.11/threading.py", line 1002, in _bootstrap
    self._bootstrap_inner()
  File "/usr/local/lib/python3.11/threading.py", line 1045, in _bootstrap_inner
    self.run()
  File "/usr/local/lib/python3.11/threading.py", line 982, in run
    self._target(*self._args, **self._kwargs)
  File "/usr/local/lib/python3.11/socketserver.py", line 691, in process_request_thread
    self.finish_request(request, client_address)
  File "/usr/local/lib/python3.11/socketserver.py", line 361, in finish_request
    self.RequestHandlerClass(request, client_address, self)
  File "/usr/local/lib/python3.11/socketserver.py", line 755, in __init__
    self.handle()
  File "/usr/local/lib/python3.11/site-packages/werkzeug/serving.py", line 399, in handle
    super().handle()
  File "/usr/local/lib/python3.11/http/server.py", line 440, in handle
    self.handle_one_request()
  File "/usr/local/lib/python3.11/http/server.py", line 428, in handle_one_request
    method()
  File "/usr/local/lib/python3.11/site-packages/werkzeug/serving.py", line 371, in run_wsgi
    execute(self.server.app)
  File "/usr/local/lib/python3.11/site-packages/werkzeug/serving.py", line 335, in execute
    write(data)
  File "/usr/local/lib/python3.11/site-packages/werkzeug/serving.py", line 272, in write
    self.send_response(code, msg)
  File "/usr/local/lib/python3.11/http/server.py", line 505, in send_response
    self.log_request(code)
  File "/usr/local/lib/python3.11/site-packages/werkzeug/serving.py", line 468, in log_request
    self.log("info", '"%s" %s %s', msg, code, size)
  File "/usr/local/lib/python3.11/site-packages/werkzeug/serving.py", line 479, in log
    _log(
  File "/usr/local/lib/python3.11/site-packages/werkzeug/_internal.py", line 97, in _log
    getattr(_logger, type)(message.rstrip(), *args, **kwargs)
Message: '127.0.0.1 - - [25/Sep/2026 08:17:12] "%s" %s %s'
Arguments: ('GET /health HTTP/1.1', '200', '-')
--- Logging error ---
Traceback (most recent call last):
  File "/usr/local/lib/python3.11/logging/__init__.py", line 449, in format
    return self._format(record)
           ^^^^^^^^^^^^^^^^^^^^
  File "/usr/local/lib/python3.11/logging/__init__.py", line 445, in _format
    return self._fmt % values
           ~~~~~~~~~~^~~~~~~~
KeyError: 'request_id'

During handling of the above exception, another exception occurred:

Traceback (most recent call last):
  File "/usr/local/lib/python3.11/logging/__init__.py", line 1110, in emit
    msg = self.format(record)
          ^^^^^^^^^^^^^^^^^^^
  File "/usr/local/lib/python3.11/logging/__init__.py", line 953, in format
    return fmt.format(record)
           ^^^^^^^^^^^^^^^^^^
  File "/usr/local/lib/python3.11/logging/__init__.py", line 690, in format
    s = self.formatMessage(record)
        ^^^^^^^^^^^^^^^^^^^^^^^^^^
  File "/usr/local/lib/python3.11/logging/__init__.py", line 659, in formatMessage
    return self._style.format(record)
           ^^^^^^^^^^^^^^^^^^^^^^^^^^
  File "/usr/local/lib/python3.11/logging/__init__.py", line 451, in format
    raise ValueError('Formatting field not found in record: %s' % e)
ValueError: Formatting field not found in record: 'request_id'
Call stack:
  File "/usr/local/lib/python3.11/threading.py", line 1002, in _bootstrap
    self._bootstrap_inner()
  File "/usr/local/lib/python3.11/threading.py", line 1045, in _bootstrap_inner
    self.run()
  File "/usr/local/lib/python3.11/threading.py", line 982, in run
    self._target(*self._args, **self._kwargs)
  File "/usr/local/lib/python3.11/socketserver.py", line 691, in process_request_thread
    self.finish_request(request, client_address)
  File "/usr/local/lib/python3.11/socketserver.py", line 361, in finish_request
    self.RequestHandlerClass(request, client_address, self)
  File "/usr/local/lib/python3.11/socketserver.py", line 755, in __init__
    self.handle()
  File "/usr/local/lib/python3.11/site-packages/werkzeug/serving.py", line 399, in handle
    super().handle()
  File "/usr/local/lib/python3.11/http/server.py", line 440, in handle
    self.handle_one_request()
  File "/usr/local/lib/python3.11/http/server.py", line 428, in handle_one_request
    method()
  File "/usr/local/lib/python3.11/site-packages/werkzeug/serving.py", line 371, in run_wsgi
    execute(self.server.app)
  File "/usr/local/lib/python3.11/site-packages/werkzeug/serving.py", line 335, in execute
    write(data)
  File "/usr/local/lib/python3.11/site-packages/werkzeug/serving.py", line 272, in write
    self.send_response(code, msg)
  File "/usr/local/lib/python3.11/http/server.py", line 505, in send_response
    self.log_request(code)
  File "/usr/local/lib/python3.11/site-packages/werkzeug/serving.py", line 468, in log_request
    self.log("info", '"%s" %s %s', msg, code, size)
  File "/usr/local/lib/python3.11/site-packages/werkzeug/serving.py", line 479, in log
    _log(
  File "/usr/local/lib/python3.11/site-packages/werkzeug/_internal.py", line 97, in _log
    getattr(_logger, type)(message.rstrip(), *args, **kwargs)
Message: '127.0.0.1 - - [25/Sep/2026 08:17:22] "%s" %s %s'
Arguments: ('GET /health HTTP/1.1', '200', '-')
--- Logging error ---
Traceback (most recent call last):
  File "/usr/local/lib/python3.11/logging/__init__.py", line 449, in format
    return self._format(record)
           ^^^^^^^^^^^^^^^^^^^^
  File "/usr/local/lib/python3.11/logging/__init__.py", line 445, in _format
    return self._fmt % values
           ~~~~~~~~~~^~~~~~~~
KeyError: 'request_id'

During handling of the above exception, another exception occurred:

Traceback (most recent call last):
  File "/usr/local/lib/python3.11/logging/__init__.py", line 1110, in emit
    msg = self.format(record)
          ^^^^^^^^^^^^^^^^^^^
  File "/usr/local/lib/python3.11/logging/__init__.py", line 953, in format
    return fmt.format(record)
           ^^^^^^^^^^^^^^^^^^
  File "/usr/local/lib/python3.11/logging/__init__.py", line 690, in format
    s = self.formatMessage(record)
        ^^^^^^^^^^^^^^^^^^^^^^^^^^
  File "/usr/local/lib/python3.11/logging/__init__.py", line 659, in formatMessage
    return self._style.format(record)
           ^^^^^^^^^^^^^^^^^^^^^^^^^^
  File "/usr/local/lib/python3.11/logging/__init__.py", line 451, in format
    raise ValueError('Formatting field not found in record: %s' % e)
ValueError: Formatting field not found in record: 'request_id'
Call stack:
  File "/usr/local/lib/python3.11/threading.py", line 1002, in _bootstrap
    self._bootstrap_inner()
  File "/usr/local/lib/python3.11/threading.py", line 1045, in _bootstrap_inner
    self.run()
  File "/usr/local/lib/python3.11/threading.py", line 982, in run
    self._target(*self._args, **self._kwargs)
  File "/usr/local/lib/python3.11/socketserver.py", line 691, in process_request_thread
    self.finish_request(request, client_address)
  File "/usr/local/lib/python3.11/socketserver.py", line 361, in finish_request
    self.RequestHandlerClass(request, client_address, self)
  File "/usr/local/lib/python3.11/socketserver.py", line 755, in __init__
    self.handle()
  File "/usr/local/lib/python3.11/site-packages/werkzeug/serving.py", line 399, in handle
    super().handle()
  File "/usr/local/lib/python3.11/http/server.py", line 440, in handle
    self.handle_one_request()
  File "/usr/local/lib/python3.11/http/server.py", line 428, in handle_one_request
    method()
  File "/usr/local/lib/python3.11/site-packages/werkzeug/serving.py", line 371, in run_wsgi
    execute(self.server.app)
  File "/usr/local/lib/python3.11/site-packages/werkzeug/serving.py", line 335, in execute
    write(data)
  File "/usr/local/lib/python3.11/site-packages/werkzeug/serving.py", line 272, in write
    self.send_response(code, msg)
  File "/usr/local/lib/python3.11/http/server.py", line 505, in send_response
    self.log_request(code)
  File "/usr/local/lib/python3.11/site-packages/werkzeug/serving.py", line 468, in log_request
    self.log("info", '"%s" %s %s', msg, code, size)
  File "/usr/local/lib/python3.11/site-packages/werkzeug/serving.py", line 479, in log
    _log(
  File "/usr/local/lib/python3.11/site-packages/werkzeug/_internal.py", line 97, in _log
    getattr(_logger, type)(message.rstrip(), *args, **kwargs)
Message: '127.0.0.1 - - [25/Sep/2026 08:17:32] "%s" %s %s'
Arguments: ('GET /health HTTP/1.1', '200', '-')
--- Logging error ---
Traceback (most recent call last):
  File "/usr/local/lib/python3.11/logging/__init__.py", line 449, in format
    return self._format(record)
           ^^^^^^^^^^^^^^^^^^^^
  File "/usr/local/lib/python3.11/logging/__init__.py", line 445, in _format
    return self._fmt % values
           ~~~~~~~~~~^~~~~~~~
KeyError: 'request_id'

During handling of the above exception, another exception occurred:

Traceback (most recent call last):
  File "/usr/local/lib/python3.11/logging/__init__.py", line 1110, in emit
    msg = self.format(record)
          ^^^^^^^^^^^^^^^^^^^
  File "/usr/local/lib/python3.11/logging/__init__.py", line 953, in format
    return fmt.format(record)
           ^^^^^^^^^^^^^^^^^^
  File "/usr/local/lib/python3.11/logging/__init__.py", line 690, in format
    s = self.formatMessage(record)
        ^^^^^^^^^^^^^^^^^^^^^^^^^^
  File "/usr/local/lib/python3.11/logging/__init__.py", line 659, in formatMessage
    return self._style.format(record)
           ^^^^^^^^^^^^^^^^^^^^^^^^^^
  File "/usr/local/lib/python3.11/logging/__init__.py", line 451, in format
    raise ValueError('Formatting field not found in record: %s' % e)
ValueError: Formatting field not found in record: 'request_id'
Call stack:
  File "/usr/local/lib/python3.11/threading.py", line 1002, in _bootstrap
    self._bootstrap_inner()
  File "/usr/local/lib/python3.11/threading.py", line 1045, in _bootstrap_inner
    self.run()
  File "/usr/local/lib/python3.11/threading.py", line 982, in run
    self._target(*self._args, **self._kwargs)
  File "/usr/local/lib/python3.11/socketserver.py", line 691, in process_request_thread
    self.finish_request(request, client_address)
  File "/usr/local/lib/python3.11/socketserver.py", line 361, in finish_request
    self.RequestHandlerClass(request, client_address, self)
  File "/usr/local/lib/python3.11/socketserver.py", line 755, in __init__
    self.handle()
  File "/usr/local/lib/python3.11/site-packages/werkzeug/serving.py", line 399, in handle
    super().handle()
  File "/usr/local/lib/python3.11/http/server.py", line 440, in handle
    self.handle_one_request()
  File "/usr/local/lib/python3.11/http/server.py", line 428, in handle_one_request
    method()
  File "/usr/local/lib/python3.11/site-packages/werkzeug/serving.py", line 371, in run_wsgi
    execute(self.server.app)
  File "/usr/local/lib/python3.11/site-packages/werkzeug/serving.py", line 335, in execute
    write(data)
  File "/usr/local/lib/python3.11/site-packages/werkzeug/serving.py", line 272, in write
    self.send_response(code, msg)
  File "/usr/local/lib/python3.11/http/server.py", line 505, in send_response
    self.log_request(code)
  File "/usr/local/lib/python3.11/site-packages/werkzeug/serving.py", line 468, in log_request
    self.log("info", '"%s" %s %s', msg, code, size)
  File "/usr/local/lib/python3.11/site-packages/werkzeug/serving.py", line 479, in log
    _log(
  File "/usr/local/lib/python3.11/site-packages/werkzeug/_internal.py", line 97, in _log
    getattr(_logger, type)(message.rstrip(), *args, **kwargs)
Message: '127.0.0.1 - - [25/Sep/2026 08:17:42] "%s" %s %s'
Arguments: ('GET /health HTTP/1.1', '200', '-')
--- Logging error ---
Traceback (most recent call last):
  File "/usr/local/lib/python3.11/logging/__init__.py", line 449, in format
    return self._format(record)
           ^^^^^^^^^^^^^^^^^^^^
  File "/usr/local/lib/python3.11/logging/__init__.py", line 445, in _format
    return self._fmt % values
           ~~~~~~~~~~^~~~~~~~
KeyError: 'request_id'

During handling of the above exception, another exception occurred:

Traceback (most recent call last):
  File "/usr/local/lib/python3.11/logging/__init__.py", line 1110, in emit
    msg = self.format(record)
          ^^^^^^^^^^^^^^^^^^^
  File "/usr/local/lib/python3.11/logging/__init__.py", line 953, in format
    return fmt.format(record)
           ^^^^^^^^^^^^^^^^^^
  File "/usr/local/lib/python3.11/logging/__init__.py", line 690, in format
    s = self.formatMessage(record)
        ^^^^^^^^^^^^^^^^^^^^^^^^^^
  File "/usr/local/lib/python3.11/logging/__init__.py", line 659, in formatMessage
    return self._style.format(record)
           ^^^^^^^^^^^^^^^^^^^^^^^^^^
  File "/usr/local/lib/python3.11/logging/__init__.py", line 451, in format
    raise ValueError('Formatting field not found in record: %s' % e)
ValueError: Formatting field not found in record: 'request_id'
Call stack:
  File "/usr/local/lib/python3.11/threading.py", line 1002, in _bootstrap
    self._bootstrap_inner()
  File "/usr/local/lib/python3.11/threading.py", line 1045, in _bootstrap_inner
    self.run()
  File "/usr/local/lib/python3.11/threading.py", line 982, in run
    self._target(*self._args, **self._kwargs)
  File "/usr/local/lib/python3.11/socketserver.py", line 691, in process_request_thread
    self.finish_request(request, client_address)
  File "/usr/local/lib/python3.11/socketserver.py", line 361, in finish_request
    self.RequestHandlerClass(request, client_address, self)
  File "/usr/local/lib/python3.11/socketserver.py", line 755, in __init__
    self.handle()
  File "/usr/local/lib/python3.11/site-packages/werkzeug/serving.py", line 399, in handle
    super().handle()
  File "/usr/local/lib/python3.11/http/server.py", line 440, in handle
    self.handle_one_request()
  File "/usr/local/lib/python3.11/http/server.py", line 428, in handle_one_request
    method()
  File "/usr/local/lib/python3.11/site-packages/werkzeug/serving.py", line 371, in run_wsgi
    execute(self.server.app)
  File "/usr/local/lib/python3.11/site-packages/werkzeug/serving.py", line 335, in execute
    write(data)
  File "/usr/local/lib/python3.11/site-packages/werkzeug/serving.py", line 272, in write
    self.send_response(code, msg)
  File "/usr/local/lib/python3.11/http/server.py", line 505, in send_response
    self.log_request(code)
  File "/usr/local/lib/python3.11/site-packages/werkzeug/serving.py", line 468, in log_request
    self.log("info", '"%s" %s %s', msg, code, size)
  File "/usr/local/lib/python3.11/site-packages/werkzeug/serving.py", line 479, in log
    _log(
  File "/usr/local/lib/python3.11/site-packages/werkzeug/_internal.py", line 97, in _log
    getattr(_logger, type)(message.rstrip(), *args, **kwargs)
Message: '127.0.0.1 - - [25/Sep/2026 08:17:52] "%s" %s %s'
Arguments: ('GET /health HTTP/1.1', '200', '-')
--- Logging error ---
Traceback (most recent call last):
  File "/usr/local/lib/python3.11/logging/__init__.py", line 449, in format
    return self._format(record)
           ^^^^^^^^^^^^^^^^^^^^
  File "/usr/local/lib/python3.11/logging/__init__.py", line 445, in _format
    return self._fmt % values
           ~~~~~~~~~~^~~~~~~~
KeyError: 'request_id'

During handling of the above exception, another exception occurred:

Traceback (most recent call last):
  File "/usr/local/lib/python3.11/logging/__init__.py", line 1110, in emit
    msg = self.format(record)
          ^^^^^^^^^^^^^^^^^^^
  File "/usr/local/lib/python3.11/logging/__init__.py", line 953, in format
    return fmt.format(record)
           ^^^^^^^^^^^^^^^^^^
  File "/usr/local/lib/python3.11/logging/__init__.py", line 690, in format
    s = self.formatMessage(record)
        ^^^^^^^^^^^^^^^^^^^^^^^^^^
  File "/usr/local/lib/python3.11/logging/__init__.py", line 659, in formatMessage
    return self._style.format(record)
           ^^^^^^^^^^^^^^^^^^^^^^^^^^
  File "/usr/local/lib/python3.11/logging/__init__.py", line 451, in format
    raise ValueError('Formatting field not found in record: %s' % e)
ValueError: Formatting field not found in record: 'request_id'
Call stack:
  File "/usr/local/lib/python3.11/threading.py", line 1002, in _bootstrap
    self._bootstrap_inner()
  File "/usr/local/lib/python3.11/threading.py", line 1045, in _bootstrap_inner
    self.run()
  File "/usr/local/lib/python3.11/threading.py", line 982, in run
    self._target(*self._args, **self._kwargs)
  File "/usr/local/lib/python3.11/socketserver.py", line 691, in process_request_thread
    self.finish_request(request, client_address)
  File "/usr/local/lib/python3.11/socketserver.py", line 361, in finish_request
    self.RequestHandlerClass(request, client_address, self)
  File "/usr/local/lib/python3.11/socketserver.py", line 755, in __init__
    self.handle()
  File "/usr/local/lib/python3.11/site-packages/werkzeug/serving.py", line 399, in handle
    super().handle()
  File "/usr/local/lib/python3.11/http/server.py", line 440, in handle
    self.handle_one_request()
  File "/usr/local/lib/python3.11/http/server.py", line 428, in handle_one_request
    method()
  File "/usr/local/lib/python3.11/site-packages/werkzeug/serving.py", line 371, in run_wsgi
    execute(self.server.app)
  File "/usr/local/lib/python3.11/site-packages/werkzeug/serving.py", line 335, in execute
    write(data)
  File "/usr/local/lib/python3.11/site-packages/werkzeug/serving.py", line 272, in write
    self.send_response(code, msg)
  File "/usr/local/lib/python3.11/http/server.py", line 505, in send_response
    self.log_request(code)
  File "/usr/local/lib/python3.11/site-packages/werkzeug/serving.py", line 468, in log_request
    self.log("info", '"%s" %s %s', msg, code, size)
  File "/usr/local/lib/python3.11/site-packages/werkzeug/serving.py", line 479, in log
    _log(
  File "/usr/local/lib/python3.11/site-packages/werkzeug/_internal.py", line 97, in _log
    getattr(_logger, type)(message.rstrip(), *args, **kwargs)
Message: '127.0.0.1 - - [25/Sep/2026 08:18:03] "%s" %s %s'
Arguments: ('GET /health HTTP/1.1', '200', '-')
--- Logging error ---
Traceback (most recent call last):
  File "/usr/local/lib/python3.11/logging/__init__.py", line 449, in format
    return self._format(record)
           ^^^^^^^^^^^^^^^^^^^^
  File "/usr/local/lib/python3.11/logging/__init__.py", line 445, in _format
    return self._fmt % values
           ~~~~~~~~~~^~~~~~~~
KeyError: 'request_id'

During handling of the above exception, another exception occurred:

Traceback (most recent call last):
  File "/usr/local/lib/python3.11/logging/__init__.py", line 1110, in emit
    msg = self.format(record)
          ^^^^^^^^^^^^^^^^^^^
  File "/usr/local/lib/python3.11/logging/__init__.py", line 953, in format
    return fmt.format(record)
           ^^^^^^^^^^^^^^^^^^
  File "/usr/local/lib/python3.11/logging/__init__.py", line 690, in format
    s = self.formatMessage(record)
        ^^^^^^^^^^^^^^^^^^^^^^^^^^
  File "/usr/local/lib/python3.11/logging/__init__.py", line 659, in formatMessage
    return self._style.format(record)
           ^^^^^^^^^^^^^^^^^^^^^^^^^^
  File "/usr/local/lib/python3.11/logging/__init__.py", line 451, in format
    raise ValueError('Formatting field not found in record: %s' % e)
ValueError: Formatting field not found in record: 'request_id'
Call stack:
  File "/usr/local/lib/python3.11/threading.py", line 1002, in _bootstrap
    self._bootstrap_inner()
  File "/usr/local/lib/python3.11/threading.py", line 1045, in _bootstrap_inner
    self.run()
  File "/usr/local/lib/python3.11/threading.py", line 982, in run
    self._target(*self._args, **self._kwargs)
  File "/usr/local/lib/python3.11/socketserver.py", line 691, in process_request_thread
    self.finish_request(request, client_address)
  File "/usr/local/lib/python3.11/socketserver.py", line 361, in finish_request
    self.RequestHandlerClass(request, client_address, self)
  File "/usr/local/lib/python3.11/socketserver.py", line 755, in __init__
    self.handle()
  File "/usr/local/lib/python3.11/site-packages/werkzeug/serving.py", line 399, in handle
    super().handle()
  File "/usr/local/lib/python3.11/http/server.py", line 440, in handle
    self.handle_one_request()
  File "/usr/local/lib/python3.11/http/server.py", line 428, in handle_one_request
    method()
  File "/usr/local/lib/python3.11/site-packages/werkzeug/serving.py", line 371, in run_wsgi
    execute(self.server.app)
  File "/usr/local/lib/python3.11/site-packages/werkzeug/serving.py", line 335, in execute
    write(data)
  File "/usr/local/lib/python3.11/site-packages/werkzeug/serving.py", line 272, in write
    self.send_response(code, msg)
  File "/usr/local/lib/python3.11/http/server.py", line 505, in send_response
    self.log_request(code)
  File "/usr/local/lib/python3.11/site-packages/werkzeug/serving.py", line 468, in log_request
    self.log("info", '"%s" %s %s', msg, code, size)
  File "/usr/local/lib/python3.11/site-packages/werkzeug/serving.py", line 479, in log
    _log(
  File "/usr/local/lib/python3.11/site-packages/werkzeug/_internal.py", line 97, in _log
    getattr(_logger, type)(message.rstrip(), *args, **kwargs)
Message: '127.0.0.1 - - [25/Sep/2026 08:18:13] "%s" %s %s'
Arguments: ('GET /health HTTP/1.1', '200', '-')
--- Logging error ---
Traceback (most recent call last):
  File "/usr/local/lib/python3.11/logging/__init__.py", line 449, in format
    return self._format(record)
           ^^^^^^^^^^^^^^^^^^^^
  File "/usr/local/lib/python3.11/logging/__init__.py", line 445, in _format
    return self._fmt % values
           ~~~~~~~~~~^~~~~~~~
KeyError: 'request_id'

During handling of the above exception, another exception occurred:

Traceback (most recent call last):
  File "/usr/local/lib/python3.11/logging/__init__.py", line 1110, in emit
    msg = self.format(record)
          ^^^^^^^^^^^^^^^^^^^
  File "/usr/local/lib/python3.11/logging/__init__.py", line 953, in format
    return fmt.format(record)
           ^^^^^^^^^^^^^^^^^^
  File "/usr/local/lib/python3.11/logging/__init__.py", line 690, in format
    s = self.formatMessage(record)
        ^^^^^^^^^^^^^^^^^^^^^^^^^^
  File "/usr/local/lib/python3.11/logging/__init__.py", line 659, in formatMessage
    return self._style.format(record)
           ^^^^^^^^^^^^^^^^^^^^^^^^^^
  File "/usr/local/lib/python3.11/logging/__init__.py", line 451, in format
    raise ValueError('Formatting field not found in record: %s' % e)
ValueError: Formatting field not found in record: 'request_id'
Call stack:
  File "/usr/local/lib/python3.11/threading.py", line 1002, in _bootstrap
    self._bootstrap_inner()
  File "/usr/local/lib/python3.11/threading.py", line 1045, in _bootstrap_inner
    self.run()
  File "/usr/local/lib/python3.11/threading.py", line 982, in run
    self._target(*self._args, **self._kwargs)
  File "/usr/local/lib/python3.11/socketserver.py", line 691, in process_request_thread
    self.finish_request(request, client_address)
  File "/usr/local/lib/python3.11/socketserver.py", line 361, in finish_request
    self.RequestHandlerClass(request, client_address, self)
  File "/usr/local/lib/python3.11/socketserver.py", line 755, in __init__
    self.handle()
  File "/usr/local/lib/python3.11/site-packages/werkzeug/serving.py", line 399, in handle
    super().handle()
  File "/usr/local/lib/python3.11/http/server.py", line 440, in handle
    self.handle_one_request()
  File "/usr/local/lib/python3.11/http/server.py", line 428, in handle_one_request
    method()
  File "/usr/local/lib/python3.11/site-packages/werkzeug/serving.py", line 371, in run_wsgi
    execute(self.server.app)
  File "/usr/local/lib/python3.11/site-packages/werkzeug/serving.py", line 335, in execute
    write(data)
  File "/usr/local/lib/python3.11/site-packages/werkzeug/serving.py", line 272, in write
    self.send_response(code, msg)
  File "/usr/local/lib/python3.11/http/server.py", line 505, in send_response
    self.log_request(code)
  File "/usr/local/lib/python3.11/site-packages/werkzeug/serving.py", line 468, in log_request
    self.log("info", '"%s" %s %s', msg, code, size)
  File "/usr/local/lib/python3.11/site-packages/werkzeug/serving.py", line 479, in log
    _log(
  File "/usr/local/lib/python3.11/site-packages/werkzeug/_internal.py", line 97, in _log
    getattr(_logger, type)(message.rstrip(), *args, **kwargs)
Message: '127.0.0.1 - - [25/Sep/2026 08:18:23] "%s" %s %s'
Arguments: ('GET /health HTTP/1.1', '200', '-')
--- Logging error ---
Traceback (most recent call last):
  File "/usr/local/lib/python3.11/logging/__init__.py", line 449, in format
    return self._format(record)
           ^^^^^^^^^^^^^^^^^^^^
  File "/usr/local/lib/python3.11/logging/__init__.py", line 445, in _format
    return self._fmt % values
           ~~~~~~~~~~^~~~~~~~
KeyError: 'request_id'

During handling of the above exception, another exception occurred:

Traceback (most recent call last):
  File "/usr/local/lib/python3.11/logging/__init__.py", line 1110, in emit
    msg = self.format(record)
          ^^^^^^^^^^^^^^^^^^^
  File "/usr/local/lib/python3.11/logging/__init__.py", line 953, in format
    return fmt.format(record)
           ^^^^^^^^^^^^^^^^^^
  File "/usr/local/lib/python3.11/logging/__init__.py", line 690, in format
    s = self.formatMessage(record)
        ^^^^^^^^^^^^^^^^^^^^^^^^^^
  File "/usr/local/lib/python3.11/logging/__init__.py", line 659, in formatMessage
    return self._style.format(record)
           ^^^^^^^^^^^^^^^^^^^^^^^^^^
  File "/usr/local/lib/python3.11/logging/__init__.py", line 451, in format
    raise ValueError('Formatting field not found in record: %s' % e)
ValueError: Formatting field not found in record: 'request_id'
Call stack:
  File "/usr/local/lib/python3.11/threading.py", line 1002, in _bootstrap
    self._bootstrap_inner()
  File "/usr/local/lib/python3.11/threading.py", line 1045, in _bootstrap_inner
    self.run()
  File "/usr/local/lib/python3.11/threading.py", line 982, in run
    self._target(*self._args, **self._kwargs)
  File "/usr/local/lib/python3.11/socketserver.py", line 691, in process_request_thread
    self.finish_request(request, client_address)
  File "/usr/local/lib/python3.11/socketserver.py", line 361, in finish_request
    self.RequestHandlerClass(request, client_address, self)
  File "/usr/local/lib/python3.11/socketserver.py", line 755, in __init__
    self.handle()
  File "/usr/local/lib/python3.11/site-packages/werkzeug/serving.py", line 399, in handle
    super().handle()
  File "/usr/local/lib/python3.11/http/server.py", line 440, in handle
    self.handle_one_request()
  File "/usr/local/lib/python3.11/http/server.py", line 428, in handle_one_request
    method()
  File "/usr/local/lib/python3.11/site-packages/werkzeug/serving.py", line 371, in run_wsgi
    execute(self.server.app)
  File "/usr/local/lib/python3.11/site-packages/werkzeug/serving.py", line 335, in execute
    write(data)
  File "/usr/local/lib/python3.11/site-packages/werkzeug/serving.py", line 272, in write
    self.send_response(code, msg)
  File "/usr/local/lib/python3.11/http/server.py", line 505, in send_response
    self.log_request(code)
  File "/usr/local/lib/python3.11/site-packages/werkzeug/serving.py", line 468, in log_request
    self.log("info", '"%s" %s %s', msg, code, size)
  File "/usr/local/lib/python3.11/site-packages/werkzeug/serving.py", line 479, in log
    _log(
  File "/usr/local/lib/python3.11/site-packages/werkzeug/_internal.py", line 97, in _log
    getattr(_logger, type)(message.rstrip(), *args, **kwargs)
Message: '127.0.0.1 - - [25/Sep/2026 08:18:33] "%s" %s %s'
Arguments: ('GET /health HTTP/1.1', '200', '-')
--- Logging error ---
Traceback (most recent call last):
  File "/usr/local/lib/python3.11/logging/__init__.py", line 449, in format
    return self._format(record)
           ^^^^^^^^^^^^^^^^^^^^
  File "/usr/local/lib/python3.11/logging/__init__.py", line 445, in _format
    return self._fmt % values
           ~~~~~~~~~~^~~~~~~~
KeyError: 'request_id'

During handling of the above exception, another exception occurred:

Traceback (most recent call last):
  File "/usr/local/lib/python3.11/logging/__init__.py", line 1110, in emit
    msg = self.format(record)
          ^^^^^^^^^^^^^^^^^^^
  File "/usr/local/lib/python3.11/logging/__init__.py", line 953, in format
    return fmt.format(record)
           ^^^^^^^^^^^^^^^^^^
  File "/usr/local/lib/python3.11/logging/__init__.py", line 690, in format
    s = self.formatMessage(record)
        ^^^^^^^^^^^^^^^^^^^^^^^^^^
  File "/usr/local/lib/python3.11/logging/__init__.py", line 659, in formatMessage
    return self._style.format(record)
           ^^^^^^^^^^^^^^^^^^^^^^^^^^
  File "/usr/local/lib/python3.11/logging/__init__.py", line 451, in format
    raise ValueError('Formatting field not found in record: %s' % e)
ValueError: Formatting field not found in record: 'request_id'
Call stack:
  File "/usr/local/lib/python3.11/threading.py", line 1002, in _bootstrap
    self._bootstrap_inner()
  File "/usr/local/lib/python3.11/threading.py", line 1045, in _bootstrap_inner
    self.run()
  File "/usr/local/lib/python3.11/threading.py", line 982, in run
    self._target(*self._args, **self._kwargs)
  File "/usr/local/lib/python3.11/socketserver.py", line 691, in process_request_thread
    self.finish_request(request, client_address)
  File "/usr/local/lib/python3.11/socketserver.py", line 361, in finish_request
    self.RequestHandlerClass(request, client_address, self)
  File "/usr/local/lib/python3.11/socketserver.py", line 755, in __init__
    self.handle()
  File "/usr/local/lib/python3.11/site-packages/werkzeug/serving.py", line 399, in handle
    super().handle()
  File "/usr/local/lib/python3.11/http/server.py", line 440, in handle
    self.handle_one_request()
  File "/usr/local/lib/python3.11/http/server.py", line 428, in handle_one_request
    method()
  File "/usr/local/lib/python3.11/site-packages/werkzeug/serving.py", line 371, in run_wsgi
    execute(self.server.app)
  File "/usr/local/lib/python3.11/site-packages/werkzeug/serving.py", line 335, in execute
    write(data)
  File "/usr/local/lib/python3.11/site-packages/werkzeug/serving.py", line 272, in write
    self.send_response(code, msg)
  File "/usr/local/lib/python3.11/http/server.py", line 505, in send_response
    self.log_request(code)
  File "/usr/local/lib/python3.11/site-packages/werkzeug/serving.py", line 468, in log_request
    self.log("info", '"%s" %s %s', msg, code, size)
  File "/usr/local/lib/python3.11/site-packages/werkzeug/serving.py", line 479, in log
    _log(
  File "/usr/local/lib/python3.11/site-packages/werkzeug/_internal.py", line 97, in _log
    getattr(_logger, type)(message.rstrip(), *args, **kwargs)
Message: '127.0.0.1 - - [25/Sep/2026 08:18:43] "%s" %s %s'
Arguments: ('GET /health HTTP/1.1', '200', '-')
--- Logging error ---
Traceback (most recent call last):
  File "/usr/local/lib/python3.11/logging/__init__.py", line 449, in format
    return self._format(record)
           ^^^^^^^^^^^^^^^^^^^^
  File "/usr/local/lib/python3.11/logging/__init__.py", line 445, in _format
    return self._fmt % values
           ~~~~~~~~~~^~~~~~~~
KeyError: 'request_id'

During handling of the above exception, another exception occurred:

Traceback (most recent call last):
  File "/usr/local/lib/python3.11/logging/__init__.py", line 1110, in emit
    msg = self.format(record)
          ^^^^^^^^^^^^^^^^^^^
  File "/usr/local/lib/python3.11/logging/__init__.py", line 953, in format
    return fmt.format(record)
           ^^^^^^^^^^^^^^^^^^
  File "/usr/local/lib/python3.11/logging/__init__.py", line 690, in format
    s = self.formatMessage(record)
        ^^^^^^^^^^^^^^^^^^^^^^^^^^
  File "/usr/local/lib/python3.11/logging/__init__.py", line 659, in formatMessage
    return self._style.format(record)
           ^^^^^^^^^^^^^^^^^^^^^^^^^^
  File "/usr/local/lib/python3.11/logging/__init__.py", line 451, in format
    raise ValueError('Formatting field not found in record: %s' % e)
ValueError: Formatting field not found in record: 'request_id'
Call stack:
  File "/usr/local/lib/python3.11/threading.py", line 1002, in _bootstrap
    self._bootstrap_inner()
  File "/usr/local/lib/python3.11/threading.py", line 1045, in _bootstrap_inner
    self.run()
  File "/usr/local/lib/python3.11/threading.py", line 982, in run
    self._target(*self._args, **self._kwargs)
  File "/usr/local/lib/python3.11/socketserver.py", line 691, in process_request_thread
    self.finish_request(request, client_address)
  File "/usr/local/lib/python3.11/socketserver.py", line 361, in finish_request
    self.RequestHandlerClass(request, client_address, self)
  File "/usr/local/lib/python3.11/socketserver.py", line 755, in __init__
    self.handle()
  File "/usr/local/lib/python3.11/site-packages/werkzeug/serving.py", line 399, in handle
    super().handle()
  File "/usr/local/lib/python3.11/http/server.py", line 440, in handle
    self.handle_one_request()
  File "/usr/local/lib/python3.11/http/server.py", line 428, in handle_one_request
    method()
  File "/usr/local/lib/python3.11/site-packages/werkzeug/serving.py", line 371, in run_wsgi
    execute(self.server.app)
  File "/usr/local/lib/python3.11/site-packages/werkzeug/serving.py", line 335, in execute
    write(data)
  File "/usr/local/lib/python3.11/site-packages/werkzeug/serving.py", line 272, in write
    self.send_response(code, msg)
  File "/usr/local/lib/python3.11/http/server.py", line 505, in send_response
    self.log_request(code)
  File "/usr/local/lib/python3.11/site-packages/werkzeug/serving.py", line 468, in log_request
    self.log("info", '"%s" %s %s', msg, code, size)
  File "/usr/local/lib/python3.11/site-packages/werkzeug/serving.py", line 479, in log
    _log(
  File "/usr/local/lib/python3.11/site-packages/werkzeug/_internal.py", line 97, in _log
    getattr(_logger, type)(message.rstrip(), *args, **kwargs)
Message: '127.0.0.1 - - [25/Sep/2026 08:18:53] "%s" %s %s'
Arguments: ('GET /health HTTP/1.1', '200', '-')
--- Logging error ---
Traceback (most recent call last):
  File "/usr/local/lib/python3.11/logging/__init__.py", line 449, in format
    return self._format(record)
           ^^^^^^^^^^^^^^^^^^^^
  File "/usr/local/lib/python3.11/logging/__init__.py", line 445, in _format
    return self._fmt % values
           ~~~~~~~~~~^~~~~~~~
KeyError: 'request_id'

During handling of the above exception, another exception occurred:

Traceback (most recent call last):
  File "/usr/local/lib/python3.11/logging/__init__.py", line 1110, in emit
    msg = self.format(record)
          ^^^^^^^^^^^^^^^^^^^
  File "/usr/local/lib/python3.11/logging/__init__.py", line 953, in format
    return fmt.format(record)
           ^^^^^^^^^^^^^^^^^^
  File "/usr/local/lib/python3.11/logging/__init__.py", line 690, in format
    s = self.formatMessage(record)
        ^^^^^^^^^^^^^^^^^^^^^^^^^^
  File "/usr/local/lib/python3.11/logging/__init__.py", line 659, in formatMessage
    return self._style.format(record)
           ^^^^^^^^^^^^^^^^^^^^^^^^^^
  File "/usr/local/lib/python3.11/logging/__init__.py", line 451, in format
    raise ValueError('Formatting field not found in record: %s' % e)
ValueError: Formatting field not found in record: 'request_id'
Call stack:
  File "/usr/local/lib/python3.11/threading.py", line 1002, in _bootstrap
    self._bootstrap_inner()
  File "/usr/local/lib/python3.11/threading.py", line 1045, in _bootstrap_inner
    self.run()
  File "/usr/local/lib/python3.11/threading.py", line 982, in run
    self._target(*self._args, **self._kwargs)
  File "/usr/local/lib/python3.11/socketserver.py", line 691, in process_request_thread
    self.finish_request(request, client_address)
  File "/usr/local/lib/python3.11/socketserver.py", line 361, in finish_request
    self.RequestHandlerClass(request, client_address, self)
  File "/usr/local/lib/python3.11/socketserver.py", line 755, in __init__
    self.handle()
  File "/usr/local/lib/python3.11/site-packages/werkzeug/serving.py", line 399, in handle
    super().handle()
  File "/usr/local/lib/python3.11/http/server.py", line 440, in handle
    self.handle_one_request()
  File "/usr/local/lib/python3.11/http/server.py", line 428, in handle_one_request
    method()
  File "/usr/local/lib/python3.11/site-packages/werkzeug/serving.py", line 371, in run_wsgi
    execute(self.server.app)
  File "/usr/local/lib/python3.11/site-packages/werkzeug/serving.py", line 335, in execute
    write(data)
  File "/usr/local/lib/python3.11/site-packages/werkzeug/serving.py", line 272, in write
    self.send_response(code, msg)
  File "/usr/local/lib/python3.11/http/server.py", line 505, in send_response
    self.log_request(code)
  File "/usr/local/lib/python3.11/site-packages/werkzeug/serving.py", line 468, in log_request
    self.log("info", '"%s" %s %s', msg, code, size)
  File "/usr/local/lib/python3.11/site-packages/werkzeug/serving.py", line 479, in log
    _log(
  File "/usr/local/lib/python3.11/site-packages/werkzeug/_internal.py", line 97, in _log
    getattr(_logger, type)(message.rstrip(), *args, **kwargs)
Message: '127.0.0.1 - - [25/Sep/2026 08:19:03] "%s" %s %s'
Arguments: ('GET /health HTTP/1.1', '200', '-')
--- Logging error ---
Traceback (most recent call last):
  File "/usr/local/lib/python3.11/logging/__init__.py", line 449, in format
    return self._format(record)
           ^^^^^^^^^^^^^^^^^^^^
  File "/usr/local/lib/python3.11/logging/__init__.py", line 445, in _format
    return self._fmt % values
           ~~~~~~~~~~^~~~~~~~
KeyError: 'request_id'

During handling of the above exception, another exception occurred:

Traceback (most recent call last):
  File "/usr/local/lib/python3.11/logging/__init__.py", line 1110, in emit
    msg = self.format(record)
          ^^^^^^^^^^^^^^^^^^^
  File "/usr/local/lib/python3.11/logging/__init__.py", line 953, in format
    return fmt.format(record)
           ^^^^^^^^^^^^^^^^^^
  File "/usr/local/lib/python3.11/logging/__init__.py", line 690, in format
    s = self.formatMessage(record)
        ^^^^^^^^^^^^^^^^^^^^^^^^^^
  File "/usr/local/lib/python3.11/logging/__init__.py", line 659, in formatMessage
    return self._style.format(record)
           ^^^^^^^^^^^^^^^^^^^^^^^^^^
  File "/usr/local/lib/python3.11/logging/__init__.py", line 451, in format
    raise ValueError('Formatting field not found in record: %s' % e)
ValueError: Formatting field not found in record: 'request_id'
Call stack:
  File "/usr/local/lib/python3.11/threading.py", line 1002, in _bootstrap
    self._bootstrap_inner()
  File "/usr/local/lib/python3.11/threading.py", line 1045, in _bootstrap_inner
    self.run()
  File "/usr/local/lib/python3.11/threading.py", line 982, in run
    self._target(*self._args, **self._kwargs)
  File "/usr/local/lib/python3.11/socketserver.py", line 691, in process_request_thread
    self.finish_request(request, client_address)
  File "/usr/local/lib/python3.11/socketserver.py", line 361, in finish_request
    self.RequestHandlerClass(request, client_address, self)
  File "/usr/local/lib/python3.11/socketserver.py", line 755, in __init__
    self.handle()
  File "/usr/local/lib/python3.11/site-packages/werkzeug/serving.py", line 399, in handle
    super().handle()
  File "/usr/local/lib/python3.11/http/server.py", line 440, in handle
    self.handle_one_request()
  File "/usr/local/lib/python3.11/http/server.py", line 428, in handle_one_request
    method()
  File "/usr/local/lib/python3.11/site-packages/werkzeug/serving.py", line 371, in run_wsgi
    execute(self.server.app)
  File "/usr/local/lib/python3.11/site-packages/werkzeug/serving.py", line 335, in execute
    write(data)
  File "/usr/local/lib/python3.11/site-packages/werkzeug/serving.py", line 272, in write
    self.send_response(code, msg)
  File "/usr/local/lib/python3.11/http/server.py", line 505, in send_response
    self.log_request(code)
  File "/usr/local/lib/python3.11/site-packages/werkzeug/serving.py", line 468, in log_request
    self.log("info", '"%s" %s %s', msg, code, size)
  File "/usr/local/lib/python3.11/site-packages/werkzeug/serving.py", line 479, in log
    _log(
  File "/usr/local/lib/python3.11/site-packages/werkzeug/_internal.py", line 97, in _log
    getattr(_logger, type)(message.rstrip(), *args, **kwargs)
Message: '127.0.0.1 - - [25/Sep/2026 08:19:13] "%s" %s %s'
Arguments: ('GET /health HTTP/1.1', '200', '-')
--- Logging error ---
Traceback (most recent call last):
  File "/usr/local/lib/python3.11/logging/__init__.py", line 449, in format
    return self._format(record)
           ^^^^^^^^^^^^^^^^^^^^
  File "/usr/local/lib/python3.11/logging/__init__.py", line 445, in _format
    return self._fmt % values
           ~~~~~~~~~~^~~~~~~~
KeyError: 'request_id'

During handling of the above exception, another exception occurred:

Traceback (most recent call last):
  File "/usr/local/lib/python3.11/logging/__init__.py", line 1110, in emit
    msg = self.format(record)
          ^^^^^^^^^^^^^^^^^^^
  File "/usr/local/lib/python3.11/logging/__init__.py", line 953, in format
    return fmt.format(record)
           ^^^^^^^^^^^^^^^^^^
  File "/usr/local/lib/python3.11/logging/__init__.py", line 690, in format
    s = self.formatMessage(record)
        ^^^^^^^^^^^^^^^^^^^^^^^^^^
  File "/usr/local/lib/python3.11/logging/__init__.py", line 659, in formatMessage
    return self._style.format(record)
           ^^^^^^^^^^^^^^^^^^^^^^^^^^
  File "/usr/local/lib/python3.11/logging/__init__.py", line 451, in format
    raise ValueError('Formatting field not found in record: %s' % e)
ValueError: Formatting field not found in record: 'request_id'
Call stack:
  File "/usr/local/lib/python3.11/threading.py", line 1002, in _bootstrap
    self._bootstrap_inner()
  File "/usr/local/lib/python3.11/threading.py", line 1045, in _bootstrap_inner
    self.run()
  File "/usr/local/lib/python3.11/threading.py", line 982, in run
    self._target(*self._args, **self._kwargs)
  File "/usr/local/lib/python3.11/socketserver.py", line 691, in process_request_thread
    self.finish_request(request, client_address)
  File "/usr/local/lib/python3.11/socketserver.py", line 361, in finish_request
    self.RequestHandlerClass(request, client_address, self)
  File "/usr/local/lib/python3.11/socketserver.py", line 755, in __init__
    self.handle()
  File "/usr/local/lib/python3.11/site-packages/werkzeug/serving.py", line 399, in handle
    super().handle()
  File "/usr/local/lib/python3.11/http/server.py", line 440, in handle
    self.handle_one_request()
  File "/usr/local/lib/python3.11/http/server.py", line 428, in handle_one_request
    method()
  File "/usr/local/lib/python3.11/site-packages/werkzeug/serving.py", line 371, in run_wsgi
    execute(self.server.app)
  File "/usr/local/lib/python3.11/site-packages/werkzeug/serving.py", line 335, in execute
    write(data)
  File "/usr/local/lib/python3.11/site-packages/werkzeug/serving.py", line 272, in write
    self.send_response(code, msg)
  File "/usr/local/lib/python3.11/http/server.py", line 505, in send_response
    self.log_request(code)
  File "/usr/local/lib/python3.11/site-packages/werkzeug/serving.py", line 468, in log_request
    self.log("info", '"%s" %s %s', msg, code, size)
  File "/usr/local/lib/python3.11/site-packages/werkzeug/serving.py", line 479, in log
    _log(
  File "/usr/local/lib/python3.11/site-packages/werkzeug/_internal.py", line 97, in _log
    getattr(_logger, type)(message.rstrip(), *args, **kwargs)
Message: '127.0.0.1 - - [25/Sep/2026 08:19:23] "%s" %s %s'
Arguments: ('GET /health HTTP/1.1', '200', '-')
--- Logging error ---
Traceback (most recent call last):
  File "/usr/local/lib/python3.11/logging/__init__.py", line 449, in format
    return self._format(record)
           ^^^^^^^^^^^^^^^^^^^^
  File "/usr/local/lib/python3.11/logging/__init__.py", line 445, in _format
    return self._fmt % values
           ~~~~~~~~~~^~~~~~~~
KeyError: 'request_id'

During handling of the above exception, another exception occurred:

Traceback (most recent call last):
  File "/usr/local/lib/python3.11/logging/__init__.py", line 1110, in emit
    msg = self.format(record)
          ^^^^^^^^^^^^^^^^^^^
  File "/usr/local/lib/python3.11/logging/__init__.py", line 953, in format
    return fmt.format(record)
           ^^^^^^^^^^^^^^^^^^
  File "/usr/local/lib/python3.11/logging/__init__.py", line 690, in format
    s = self.formatMessage(record)
        ^^^^^^^^^^^^^^^^^^^^^^^^^^
  File "/usr/local/lib/python3.11/logging/__init__.py", line 659, in formatMessage
    return self._style.format(record)
           ^^^^^^^^^^^^^^^^^^^^^^^^^^
  File "/usr/local/lib/python3.11/logging/__init__.py", line 451, in format
    raise ValueError('Formatting field not found in record: %s' % e)
ValueError: Formatting field not found in record: 'request_id'
Call stack:
  File "/usr/local/lib/python3.11/threading.py", line 1002, in _bootstrap
    self._bootstrap_inner()
  File "/usr/local/lib/python3.11/threading.py", line 1045, in _bootstrap_inner
    self.run()
  File "/usr/local/lib/python3.11/threading.py", line 982, in run
    self._target(*self._args, **self._kwargs)
  File "/usr/local/lib/python3.11/socketserver.py", line 691, in process_request_thread
    self.finish_request(request, client_address)
  File "/usr/local/lib/python3.11/socketserver.py", line 361, in finish_request
    self.RequestHandlerClass(request, client_address, self)
  File "/usr/local/lib/python3.11/socketserver.py", line 755, in __init__
    self.handle()
  File "/usr/local/lib/python3.11/site-packages/werkzeug/serving.py", line 399, in handle
    super().handle()
  File "/usr/local/lib/python3.11/http/server.py", line 440, in handle
    self.handle_one_request()
  File "/usr/local/lib/python3.11/http/server.py", line 428, in handle_one_request
    method()
  File "/usr/local/lib/python3.11/site-packages/werkzeug/serving.py", line 371, in run_wsgi
    execute(self.server.app)
  File "/usr/local/lib/python3.11/site-packages/werkzeug/serving.py", line 335, in execute
    write(data)
  File "/usr/local/lib/python3.11/site-packages/werkzeug/serving.py", line 272, in write
    self.send_response(code, msg)
  File "/usr/local/lib/python3.11/http/server.py", line 505, in send_response
    self.log_request(code)
  File "/usr/local/lib/python3.11/site-packages/werkzeug/serving.py", line 468, in log_request
    self.log("info", '"%s" %s %s', msg, code, size)
  File "/usr/local/lib/python3.11/site-packages/werkzeug/serving.py", line 479, in log
    _log(
  File "/usr/local/lib/python3.11/site-packages/werkzeug/_internal.py", line 97, in _log
    getattr(_logger, type)(message.rstrip(), *args, **kwargs)
Message: '127.0.0.1 - - [25/Sep/2026 08:19:33] "%s" %s %s'
Arguments: ('GET /health HTTP/1.1', '200', '-')
--- Logging error ---
Traceback (most recent call last):
  File "/usr/local/lib/python3.11/logging/__init__.py", line 449, in format
    return self._format(record)
           ^^^^^^^^^^^^^^^^^^^^
  File "/usr/local/lib/python3.11/logging/__init__.py", line 445, in _format
    return self._fmt % values
           ~~~~~~~~~~^~~~~~~~
KeyError: 'request_id'

During handling of the above exception, another exception occurred:

Traceback (most recent call last):
  File "/usr/local/lib/python3.11/logging/__init__.py", line 1110, in emit
    msg = self.format(record)
          ^^^^^^^^^^^^^^^^^^^
  File "/usr/local/lib/python3.11/logging/__init__.py", line 953, in format
    return fmt.format(record)
           ^^^^^^^^^^^^^^^^^^
  File "/usr/local/lib/python3.11/logging/__init__.py", line 690, in format
    s = self.formatMessage(record)
        ^^^^^^^^^^^^^^^^^^^^^^^^^^
  File "/usr/local/lib/python3.11/logging/__init__.py", line 659, in formatMessage
    return self._style.format(record)
           ^^^^^^^^^^^^^^^^^^^^^^^^^^
  File "/usr/local/lib/python3.11/logging/__init__.py", line 451, in format
    raise ValueError('Formatting field not found in record: %s' % e)
ValueError: Formatting field not found in record: 'request_id'
Call stack:
  File "/usr/local/lib/python3.11/threading.py", line 1002, in _bootstrap
    self._bootstrap_inner()
  File "/usr/local/lib/python3.11/threading.py", line 1045, in _bootstrap_inner
    self.run()
  File "/usr/local/lib/python3.11/threading.py", line 982, in run
    self._target(*self._args, **self._kwargs)
  File "/usr/local/lib/python3.11/socketserver.py", line 691, in process_request_thread
    self.finish_request(request, client_address)
  File "/usr/local/lib/python3.11/socketserver.py", line 361, in finish_request
    self.RequestHandlerClass(request, client_address, self)
  File "/usr/local/lib/python3.11/socketserver.py", line 755, in __init__
    self.handle()
  File "/usr/local/lib/python3.11/site-packages/werkzeug/serving.py", line 399, in handle
    super().handle()
  File "/usr/local/lib/python3.11/http/server.py", line 440, in handle
    self.handle_one_request()
  File "/usr/local/lib/python3.11/http/server.py", line 428, in handle_one_request
    method()
  File "/usr/local/lib/python3.11/site-packages/werkzeug/serving.py", line 371, in run_wsgi
    execute(self.server.app)
  File "/usr/local/lib/python3.11/site-packages/werkzeug/serving.py", line 335, in execute
    write(data)
  File "/usr/local/lib/python3.11/site-packages/werkzeug/serving.py", line 272, in write
    self.send_response(code, msg)
  File "/usr/local/lib/python3.11/http/server.py", line 505, in send_response
    self.log_request(code)
  File "/usr/local/lib/python3.11/site-packages/werkzeug/serving.py", line 468, in log_request
    self.log("info", '"%s" %s %s', msg, code, size)
  File "/usr/local/lib/python3.11/site-packages/werkzeug/serving.py", line 479, in log
    _log(
  File "/usr/local/lib/python3.11/site-packages/werkzeug/_internal.py", line 97, in _log
    getattr(_logger, type)(message.rstrip(), *args, **kwargs)
Message: '127.0.0.1 - - [25/Sep/2026 08:19:43] "%s" %s %s'
Arguments: ('GET /health HTTP/1.1', '200', '-')
--- Logging error ---
Traceback (most recent call last):
  File "/usr/local/lib/python3.11/logging/__init__.py", line 449, in format
    return self._format(record)
           ^^^^^^^^^^^^^^^^^^^^
  File "/usr/local/lib/python3.11/logging/__init__.py", line 445, in _format
    return self._fmt % values
           ~~~~~~~~~~^~~~~~~~
KeyError: 'request_id'

During handling of the above exception, another exception occurred:

Traceback (most recent call last):
  File "/usr/local/lib/python3.11/logging/__init__.py", line 1110, in emit
    msg = self.format(record)
          ^^^^^^^^^^^^^^^^^^^
  File "/usr/local/lib/python3.11/logging/__init__.py", line 953, in format
    return fmt.format(record)
           ^^^^^^^^^^^^^^^^^^
  File "/usr/local/lib/python3.11/logging/__init__.py", line 690, in format
    s = self.formatMessage(record)
        ^^^^^^^^^^^^^^^^^^^^^^^^^^
  File "/usr/local/lib/python3.11/logging/__init__.py", line 659, in formatMessage
    return self._style.format(record)
           ^^^^^^^^^^^^^^^^^^^^^^^^^^
  File "/usr/local/lib/python3.11/logging/__init__.py", line 451, in format
    raise ValueError('Formatting field not found in record: %s' % e)
ValueError: Formatting field not found in record: 'request_id'
Call stack:
  File "/usr/local/lib/python3.11/threading.py", line 1002, in _bootstrap
    self._bootstrap_inner()
  File "/usr/local/lib/python3.11/threading.py", line 1045, in _bootstrap_inner
    self.run()
  File "/usr/local/lib/python3.11/threading.py", line 982, in run
    self._target(*self._args, **self._kwargs)
  File "/usr/local/lib/python3.11/socketserver.py", line 691, in process_request_thread
    self.finish_request(request, client_address)
  File "/usr/local/lib/python3.11/socketserver.py", line 361, in finish_request
    self.RequestHandlerClass(request, client_address, self)
  File "/usr/local/lib/python3.11/socketserver.py", line 755, in __init__
    self.handle()
  File "/usr/local/lib/python3.11/site-packages/werkzeug/serving.py", line 399, in handle
    super().handle()
  File "/usr/local/lib/python3.11/http/server.py", line 440, in handle
    self.handle_one_request()
  File "/usr/local/lib/python3.11/http/server.py", line 428, in handle_one_request
    method()
  File "/usr/local/lib/python3.11/site-packages/werkzeug/serving.py", line 371, in run_wsgi
    execute(self.server.app)
  File "/usr/local/lib/python3.11/site-packages/werkzeug/serving.py", line 335, in execute
    write(data)
  File "/usr/local/lib/python3.11/site-packages/werkzeug/serving.py", line 272, in write
    self.send_response(code, msg)
  File "/usr/local/lib/python3.11/http/server.py", line 505, in send_response
    self.log_request(code)
  File "/usr/local/lib/python3.11/site-packages/werkzeug/serving.py", line 468, in log_request
    self.log("info", '"%s" %s %s', msg, code, size)
  File "/usr/local/lib/python3.11/site-packages/werkzeug/serving.py", line 479, in log
    _log(
  File "/usr/local/lib/python3.11/site-packages/werkzeug/_internal.py", line 97, in _log
    getattr(_logger, type)(message.rstrip(), *args, **kwargs)
Message: '127.0.0.1 - - [25/Sep/2026 08:19:54] "%s" %s %s'
Arguments: ('GET /health HTTP/1.1', '200', '-')
--- Logging error ---
Traceback (most recent call last):
  File "/usr/local/lib/python3.11/logging/__init__.py", line 449, in format
    return self._format(record)
           ^^^^^^^^^^^^^^^^^^^^
  File "/usr/local/lib/python3.11/logging/__init__.py", line 445, in _format
    return self._fmt % values
           ~~~~~~~~~~^~~~~~~~
KeyError: 'request_id'

During handling of the above exception, another exception occurred:

Traceback (most recent call last):
  File "/usr/local/lib/python3.11/logging/__init__.py", line 1110, in emit
    msg = self.format(record)
          ^^^^^^^^^^^^^^^^^^^
  File "/usr/local/lib/python3.11/logging/__init__.py", line 953, in format
    return fmt.format(record)
           ^^^^^^^^^^^^^^^^^^
  File "/usr/local/lib/python3.11/logging/__init__.py", line 690, in format
    s = self.formatMessage(record)
        ^^^^^^^^^^^^^^^^^^^^^^^^^^
  File "/usr/local/lib/python3.11/logging/__init__.py", line 659, in formatMessage
    return self._style.format(record)
           ^^^^^^^^^^^^^^^^^^^^^^^^^^
  File "/usr/local/lib/python3.11/logging/__init__.py", line 451, in format
    raise ValueError('Formatting field not found in record: %s' % e)
ValueError: Formatting field not found in record: 'request_id'
Call stack:
  File "/usr/local/lib/python3.11/threading.py", line 1002, in _bootstrap
    self._bootstrap_inner()
  File "/usr/local/lib/python3.11/threading.py", line 1045, in _bootstrap_inner
    self.run()
  File "/usr/local/lib/python3.11/threading.py", line 982, in run
    self._target(*self._args, **self._kwargs)
  File "/usr/local/lib/python3.11/socketserver.py", line 691, in process_request_thread
    self.finish_request(request, client_address)
  File "/usr/local/lib/python3.11/socketserver.py", line 361, in finish_request
    self.RequestHandlerClass(request, client_address, self)
  File "/usr/local/lib/python3.11/socketserver.py", line 755, in __init__
    self.handle()
  File "/usr/local/lib/python3.11/site-packages/werkzeug/serving.py", line 399, in handle
    super().handle()
  File "/usr/local/lib/python3.11/http/server.py", line 440, in handle
    self.handle_one_request()
  File "/usr/local/lib/python3.11/http/server.py", line 428, in handle_one_request
    method()
  File "/usr/local/lib/python3.11/site-packages/werkzeug/serving.py", line 371, in run_wsgi
    execute(self.server.app)
  File "/usr/local/lib/python3.11/site-packages/werkzeug/serving.py", line 335, in execute
    write(data)
  File "/usr/local/lib/python3.11/site-packages/werkzeug/serving.py", line 272, in write
    self.send_response(code, msg)
  File "/usr/local/lib/python3.11/http/server.py", line 505, in send_response
    self.log_request(code)
  File "/usr/local/lib/python3.11/site-packages/werkzeug/serving.py", line 468, in log_request
    self.log("info", '"%s" %s %s', msg, code, size)
  File "/usr/local/lib/python3.11/site-packages/werkzeug/serving.py", line 479, in log
    _log(
  File "/usr/local/lib/python3.11/site-packages/werkzeug/_internal.py", line 97, in _log
    getattr(_logger, type)(message.rstrip(), *args, **kwargs)
Message: '127.0.0.1 - - [25/Sep/2026 08:20:04] "%s" %s %s'
Arguments: ('GET /health HTTP/1.1', '200', '-')
--- Logging error ---
Traceback (most recent call last):
  File "/usr/local/lib/python3.11/logging/__init__.py", line 449, in format
    return self._format(record)
           ^^^^^^^^^^^^^^^^^^^^
  File "/usr/local/lib/python3.11/logging/__init__.py", line 445, in _format
    return self._fmt % values
           ~~~~~~~~~~^~~~~~~~
KeyError: 'request_id'

During handling of the above exception, another exception occurred:

Traceback (most recent call last):
  File "/usr/local/lib/python3.11/logging/__init__.py", line 1110, in emit
    msg = self.format(record)
          ^^^^^^^^^^^^^^^^^^^
  File "/usr/local/lib/python3.11/logging/__init__.py", line 953, in format
    return fmt.format(record)
           ^^^^^^^^^^^^^^^^^^
  File "/usr/local/lib/python3.11/logging/__init__.py", line 690, in format
    s = self.formatMessage(record)
        ^^^^^^^^^^^^^^^^^^^^^^^^^^
  File "/usr/local/lib/python3.11/logging/__init__.py", line 659, in formatMessage
    return self._style.format(record)
           ^^^^^^^^^^^^^^^^^^^^^^^^^^
  File "/usr/local/lib/python3.11/logging/__init__.py", line 451, in format
    raise ValueError('Formatting field not found in record: %s' % e)
ValueError: Formatting field not found in record: 'request_id'
Call stack:
  File "/usr/local/lib/python3.11/threading.py", line 1002, in _bootstrap
    self._bootstrap_inner()
  File "/usr/local/lib/python3.11/threading.py", line 1045, in _bootstrap_inner
    self.run()
  File "/usr/local/lib/python3.11/threading.py", line 982, in run
    self._target(*self._args, **self._kwargs)
  File "/usr/local/lib/python3.11/socketserver.py", line 691, in process_request_thread
    self.finish_request(request, client_address)
  File "/usr/local/lib/python3.11/socketserver.py", line 361, in finish_request
    self.RequestHandlerClass(request, client_address, self)
  File "/usr/local/lib/python3.11/socketserver.py", line 755, in __init__
    self.handle()
  File "/usr/local/lib/python3.11/site-packages/werkzeug/serving.py", line 399, in handle
    super().handle()
  File "/usr/local/lib/python3.11/http/server.py", line 440, in handle
    self.handle_one_request()
  File "/usr/local/lib/python3.11/http/server.py", line 428, in handle_one_request
    method()
  File "/usr/local/lib/python3.11/site-packages/werkzeug/serving.py", line 371, in run_wsgi
    execute(self.server.app)
  File "/usr/local/lib/python3.11/site-packages/werkzeug/serving.py", line 335, in execute
    write(data)
  File "/usr/local/lib/python3.11/site-packages/werkzeug/serving.py", line 272, in write
    self.send_response(code, msg)
  File "/usr/local/lib/python3.11/http/server.py", line 505, in send_response
    self.log_request(code)
  File "/usr/local/lib/python3.11/site-packages/werkzeug/serving.py", line 468, in log_request
    self.log("info", '"%s" %s %s', msg, code, size)
  File "/usr/local/lib/python3.11/site-packages/werkzeug/serving.py", line 479, in log
    _log(
  File "/usr/local/lib/python3.11/site-packages/werkzeug/_internal.py", line 97, in _log
    getattr(_logger, type)(message.rstrip(), *args, **kwargs)
Message: '127.0.0.1 - - [25/Sep/2026 08:20:14] "%s" %s %s'
Arguments: ('GET /health HTTP/1.1', '200', '-')
--- Logging error ---
Traceback (most recent call last):
  File "/usr/local/lib/python3.11/logging/__init__.py", line 449, in format
    return self._format(record)
           ^^^^^^^^^^^^^^^^^^^^
  File "/usr/local/lib/python3.11/logging/__init__.py", line 445, in _format
    return self._fmt % values
           ~~~~~~~~~~^~~~~~~~
KeyError: 'request_id'

During handling of the above exception, another exception occurred:

Traceback (most recent call last):
  File "/usr/local/lib/python3.11/logging/__init__.py", line 1110, in emit
    msg = self.format(record)
          ^^^^^^^^^^^^^^^^^^^
  File "/usr/local/lib/python3.11/logging/__init__.py", line 953, in format
    return fmt.format(record)
           ^^^^^^^^^^^^^^^^^^
  File "/usr/local/lib/python3.11/logging/__init__.py", line 690, in format
    s = self.formatMessage(record)
        ^^^^^^^^^^^^^^^^^^^^^^^^^^
  File "/usr/local/lib/python3.11/logging/__init__.py", line 659, in formatMessage
    return self._style.format(record)
           ^^^^^^^^^^^^^^^^^^^^^^^^^^
  File "/usr/local/lib/python3.11/logging/__init__.py", line 451, in format
    raise ValueError('Formatting field not found in record: %s' % e)
ValueError: Formatting field not found in record: 'request_id'
Call stack:
  File "/usr/local/lib/python3.11/threading.py", line 1002, in _bootstrap
    self._bootstrap_inner()
  File "/usr/local/lib/python3.11/threading.py", line 1045, in _bootstrap_inner
    self.run()
  File "/usr/local/lib/python3.11/threading.py", line 982, in run
    self._target(*self._args, **self._kwargs)
  File "/usr/local/lib/python3.11/socketserver.py", line 691, in process_request_thread
    self.finish_request(request, client_address)
  File "/usr/local/lib/python3.11/socketserver.py", line 361, in finish_request
    self.RequestHandlerClass(request, client_address, self)
  File "/usr/local/lib/python3.11/socketserver.py", line 755, in __init__
    self.handle()
  File "/usr/local/lib/python3.11/site-packages/werkzeug/serving.py", line 399, in handle
    super().handle()
  File "/usr/local/lib/python3.11/http/server.py", line 440, in handle
    self.handle_one_request()
  File "/usr/local/lib/python3.11/http/server.py", line 428, in handle_one_request
    method()
  File "/usr/local/lib/python3.11/site-packages/werkzeug/serving.py", line 371, in run_wsgi
    execute(self.server.app)
  File "/usr/local/lib/python3.11/site-packages/werkzeug/serving.py", line 335, in execute
    write(data)
  File "/usr/local/lib/python3.11/site-packages/werkzeug/serving.py", line 272, in write
    self.send_response(code, msg)
  File "/usr/local/lib/python3.11/http/server.py", line 505, in send_response
    self.log_request(code)
  File "/usr/local/lib/python3.11/site-packages/werkzeug/serving.py", line 468, in log_request
    self.log("info", '"%s" %s %s', msg, code, size)
  File "/usr/local/lib/python3.11/site-packages/werkzeug/serving.py", line 479, in log
    _log(
  File "/usr/local/lib/python3.11/site-packages/werkzeug/_internal.py", line 97, in _log
    getattr(_logger, type)(message.rstrip(), *args, **kwargs)
Message: '127.0.0.1 - - [25/Sep/2026 08:20:24] "%s" %s %s'
Arguments: ('GET /health HTTP/1.1', '200', '-')
--- Logging error ---
Traceback (most recent call last):
  File "/usr/local/lib/python3.11/logging/__init__.py", line 449, in format
    return self._format(record)
           ^^^^^^^^^^^^^^^^^^^^
  File "/usr/local/lib/python3.11/logging/__init__.py", line 445, in _format
    return self._fmt % values
           ~~~~~~~~~~^~~~~~~~
KeyError: 'request_id'

During handling of the above exception, another exception occurred:

Traceback (most recent call last):
  File "/usr/local/lib/python3.11/logging/__init__.py", line 1110, in emit
    msg = self.format(record)
          ^^^^^^^^^^^^^^^^^^^
  File "/usr/local/lib/python3.11/logging/__init__.py", line 953, in format
    return fmt.format(record)
           ^^^^^^^^^^^^^^^^^^
  File "/usr/local/lib/python3.11/logging/__init__.py", line 690, in format
    s = self.formatMessage(record)
        ^^^^^^^^^^^^^^^^^^^^^^^^^^
  File "/usr/local/lib/python3.11/logging/__init__.py", line 659, in formatMessage
    return self._style.format(record)
           ^^^^^^^^^^^^^^^^^^^^^^^^^^
  File "/usr/local/lib/python3.11/logging/__init__.py", line 451, in format
    raise ValueError('Formatting field not found in record: %s' % e)
ValueError: Formatting field not found in record: 'request_id'
Call stack:
  File "/usr/local/lib/python3.11/threading.py", line 1002, in _bootstrap
    self._bootstrap_inner()
  File "/usr/local/lib/python3.11/threading.py", line 1045, in _bootstrap_inner
    self.run()
  File "/usr/local/lib/python3.11/threading.py", line 982, in run
    self._target(*self._args, **self._kwargs)
  File "/usr/local/lib/python3.11/socketserver.py", line 691, in process_request_thread
    self.finish_request(request, client_address)
  File "/usr/local/lib/python3.11/socketserver.py", line 361, in finish_request
    self.RequestHandlerClass(request, client_address, self)
  File "/usr/local/lib/python3.11/socketserver.py", line 755, in __init__
    self.handle()
  File "/usr/local/lib/python3.11/site-packages/werkzeug/serving.py", line 399, in handle
    super().handle()
  File "/usr/local/lib/python3.11/http/server.py", line 440, in handle
    self.handle_one_request()
  File "/usr/local/lib/python3.11/http/server.py", line 428, in handle_one_request
    method()
  File "/usr/local/lib/python3.11/site-packages/werkzeug/serving.py", line 371, in run_wsgi
    execute(self.server.app)
  File "/usr/local/lib/python3.11/site-packages/werkzeug/serving.py", line 335, in execute
    write(data)
  File "/usr/local/lib/python3.11/site-packages/werkzeug/serving.py", line 272, in write
    self.send_response(code, msg)
  File "/usr/local/lib/python3.11/http/server.py", line 505, in send_response
    self.log_request(code)
  File "/usr/local/lib/python3.11/site-packages/werkzeug/serving.py", line 468, in log_request
    self.log("info", '"%s" %s %s', msg, code, size)
  File "/usr/local/lib/python3.11/site-packages/werkzeug/serving.py", line 479, in log
    _log(
  File "/usr/local/lib/python3.11/site-packages/werkzeug/_internal.py", line 97, in _log
    getattr(_logger, type)(message.rstrip(), *args, **kwargs)
Message: '127.0.0.1 - - [25/Sep/2026 08:20:34] "%s" %s %s'
Arguments: ('GET /health HTTP/1.1', '200', '-')
--- Logging error ---
Traceback (most recent call last):
  File "/usr/local/lib/python3.11/logging/__init__.py", line 449, in format
    return self._format(record)
           ^^^^^^^^^^^^^^^^^^^^
  File "/usr/local/lib/python3.11/logging/__init__.py", line 445, in _format
    return self._fmt % values
           ~~~~~~~~~~^~~~~~~~
KeyError: 'request_id'

During handling of the above exception, another exception occurred:

Traceback (most recent call last):
  File "/usr/local/lib/python3.11/logging/__init__.py", line 1110, in emit
    msg = self.format(record)
          ^^^^^^^^^^^^^^^^^^^
  File "/usr/local/lib/python3.11/logging/__init__.py", line 953, in format
    return fmt.format(record)
           ^^^^^^^^^^^^^^^^^^
  File "/usr/local/lib/python3.11/logging/__init__.py", line 690, in format
    s = self.formatMessage(record)
        ^^^^^^^^^^^^^^^^^^^^^^^^^^
  File "/usr/local/lib/python3.11/logging/__init__.py", line 659, in formatMessage
    return self._style.format(record)
           ^^^^^^^^^^^^^^^^^^^^^^^^^^
  File "/usr/local/lib/python3.11/logging/__init__.py", line 451, in format
    raise ValueError('Formatting field not found in record: %s' % e)
ValueError: Formatting field not found in record: 'request_id'
Call stack:
  File "/usr/local/lib/python3.11/threading.py", line 1002, in _bootstrap
    self._bootstrap_inner()
  File "/usr/local/lib/python3.11/threading.py", line 1045, in _bootstrap_inner
    self.run()
  File "/usr/local/lib/python3.11/threading.py", line 982, in run
    self._target(*self._args, **self._kwargs)
  File "/usr/local/lib/python3.11/socketserver.py", line 691, in process_request_thread
    self.finish_request(request, client_address)
  File "/usr/local/lib/python3.11/socketserver.py", line 361, in finish_request
    self.RequestHandlerClass(request, client_address, self)
  File "/usr/local/lib/python3.11/socketserver.py", line 755, in __init__
    self.handle()
  File "/usr/local/lib/python3.11/site-packages/werkzeug/serving.py", line 399, in handle
    super().handle()
  File "/usr/local/lib/python3.11/http/server.py", line 440, in handle
    self.handle_one_request()
  File "/usr/local/lib/python3.11/http/server.py", line 428, in handle_one_request
    method()
  File "/usr/local/lib/python3.11/site-packages/werkzeug/serving.py", line 371, in run_wsgi
    execute(self.server.app)
  File "/usr/local/lib/python3.11/site-packages/werkzeug/serving.py", line 335, in execute
    write(data)
  File "/usr/local/lib/python3.11/site-packages/werkzeug/serving.py", line 272, in write
    self.send_response(code, msg)
  File "/usr/local/lib/python3.11/http/server.py", line 505, in send_response
    self.log_request(code)
  File "/usr/local/lib/python3.11/site-packages/werkzeug/serving.py", line 468, in log_request
    self.log("info", '"%s" %s %s', msg, code, size)
  File "/usr/local/lib/python3.11/site-packages/werkzeug/serving.py", line 479, in log
    _log(
  File "/usr/local/lib/python3.11/site-packages/werkzeug/_internal.py", line 97, in _log
    getattr(_logger, type)(message.rstrip(), *args, **kwargs)
Message: '127.0.0.1 - - [25/Sep/2026 08:20:44] "%s" %s %s'
Arguments: ('GET /health HTTP/1.1', '200', '-')
--- Logging error ---
Traceback (most recent call last):
  File "/usr/local/lib/python3.11/logging/__init__.py", line 449, in format
    return self._format(record)
           ^^^^^^^^^^^^^^^^^^^^
  File "/usr/local/lib/python3.11/logging/__init__.py", line 445, in _format
    return self._fmt % values
           ~~~~~~~~~~^~~~~~~~
KeyError: 'request_id'

During handling of the above exception, another exception occurred:

Traceback (most recent call last):
  File "/usr/local/lib/python3.11/logging/__init__.py", line 1110, in emit
    msg = self.format(record)
          ^^^^^^^^^^^^^^^^^^^
  File "/usr/local/lib/python3.11/logging/__init__.py", line 953, in format
    return fmt.format(record)
           ^^^^^^^^^^^^^^^^^^
  File "/usr/local/lib/python3.11/logging/__init__.py", line 690, in format
    s = self.formatMessage(record)
        ^^^^^^^^^^^^^^^^^^^^^^^^^^
  File "/usr/local/lib/python3.11/logging/__init__.py", line 659, in formatMessage
    return self._style.format(record)
           ^^^^^^^^^^^^^^^^^^^^^^^^^^
  File "/usr/local/lib/python3.11/logging/__init__.py", line 451, in format
    raise ValueError('Formatting field not found in record: %s' % e)
ValueError: Formatting field not found in record: 'request_id'
Call stack:
  File "/usr/local/lib/python3.11/threading.py", line 1002, in _bootstrap
    self._bootstrap_inner()
  File "/usr/local/lib/python3.11/threading.py", line 1045, in _bootstrap_inner
    self.run()
  File "/usr/local/lib/python3.11/threading.py", line 982, in run
    self._target(*self._args, **self._kwargs)
  File "/usr/local/lib/python3.11/socketserver.py", line 691, in process_request_thread
    self.finish_request(request, client_address)
  File "/usr/local/lib/python3.11/socketserver.py", line 361, in finish_request
    self.RequestHandlerClass(request, client_address, self)
  File "/usr/local/lib/python3.11/socketserver.py", line 755, in __init__
    self.handle()
  File "/usr/local/lib/python3.11/site-packages/werkzeug/serving.py", line 399, in handle
    super().handle()
  File "/usr/local/lib/python3.11/http/server.py", line 440, in handle
    self.handle_one_request()
  File "/usr/local/lib/python3.11/http/server.py", line 428, in handle_one_request
    method()
  File "/usr/local/lib/python3.11/site-packages/werkzeug/serving.py", line 371, in run_wsgi
    execute(self.server.app)
  File "/usr/local/lib/python3.11/site-packages/werkzeug/serving.py", line 335, in execute
    write(data)
  File "/usr/local/lib/python3.11/site-packages/werkzeug/serving.py", line 272, in write
    self.send_response(code, msg)
  File "/usr/local/lib/python3.11/http/server.py", line 505, in send_response
    self.log_request(code)
  File "/usr/local/lib/python3.11/site-packages/werkzeug/serving.py", line 468, in log_request
    self.log("info", '"%s" %s %s', msg, code, size)
  File "/usr/local/lib/python3.11/site-packages/werkzeug/serving.py", line 479, in log
    _log(
  File "/usr/local/lib/python3.11/site-packages/werkzeug/_internal.py", line 97, in _log
    getattr(_logger, type)(message.rstrip(), *args, **kwargs)
Message: '127.0.0.1 - - [25/Sep/2026 08:20:54] "%s" %s %s'
Arguments: ('GET /health HTTP/1.1', '200', '-')
--- Logging error ---
Traceback (most recent call last):
  File "/usr/local/lib/python3.11/logging/__init__.py", line 449, in format
    return self._format(record)
           ^^^^^^^^^^^^^^^^^^^^
  File "/usr/local/lib/python3.11/logging/__init__.py", line 445, in _format
    return self._fmt % values
           ~~~~~~~~~~^~~~~~~~
KeyError: 'request_id'

During handling of the above exception, another exception occurred:

Traceback (most recent call last):
  File "/usr/local/lib/python3.11/logging/__init__.py", line 1110, in emit
    msg = self.format(record)
          ^^^^^^^^^^^^^^^^^^^
  File "/usr/local/lib/python3.11/logging/__init__.py", line 953, in format
    return fmt.format(record)
           ^^^^^^^^^^^^^^^^^^
  File "/usr/local/lib/python3.11/logging/__init__.py", line 690, in format
    s = self.formatMessage(record)
        ^^^^^^^^^^^^^^^^^^^^^^^^^^
  File "/usr/local/lib/python3.11/logging/__init__.py", line 659, in formatMessage
    return self._style.format(record)
           ^^^^^^^^^^^^^^^^^^^^^^^^^^
  File "/usr/local/lib/python3.11/logging/__init__.py", line 451, in format
    raise ValueError('Formatting field not found in record: %s' % e)
ValueError: Formatting field not found in record: 'request_id'
Call stack:
  File "/usr/local/lib/python3.11/threading.py", line 1002, in _bootstrap
    self._bootstrap_inner()
  File "/usr/local/lib/python3.11/threading.py", line 1045, in _bootstrap_inner
    self.run()
  File "/usr/local/lib/python3.11/threading.py", line 982, in run
    self._target(*self._args, **self._kwargs)
  File "/usr/local/lib/python3.11/socketserver.py", line 691, in process_request_thread
    self.finish_request(request, client_address)
  File "/usr/local/lib/python3.11/socketserver.py", line 361, in finish_request
    self.RequestHandlerClass(request, client_address, self)
  File "/usr/local/lib/python3.11/socketserver.py", line 755, in __init__
    self.handle()
  File "/usr/local/lib/python3.11/site-packages/werkzeug/serving.py", line 399, in handle
    super().handle()
  File "/usr/local/lib/python3.11/http/server.py", line 440, in handle
    self.handle_one_request()
  File "/usr/local/lib/python3.11/http/server.py", line 428, in handle_one_request
    method()
  File "/usr/local/lib/python3.11/site-packages/werkzeug/serving.py", line 371, in run_wsgi
    execute(self.server.app)
  File "/usr/local/lib/python3.11/site-packages/werkzeug/serving.py", line 335, in execute
    write(data)
  File "/usr/local/lib/python3.11/site-packages/werkzeug/serving.py", line 272, in write
    self.send_response(code, msg)
  File "/usr/local/lib/python3.11/http/server.py", line 505, in send_response
    self.log_request(code)
  File "/usr/local/lib/python3.11/site-packages/werkzeug/serving.py", line 468, in log_request
    self.log("info", '"%s" %s %s', msg, code, size)
  File "/usr/local/lib/python3.11/site-packages/werkzeug/serving.py", line 479, in log
    _log(
  File "/usr/local/lib/python3.11/site-packages/werkzeug/_internal.py", line 97, in _log
    getattr(_logger, type)(message.rstrip(), *args, **kwargs)
Message: '127.0.0.1 - - [25/Sep/2026 08:21:04] "%s" %s %s'
Arguments: ('GET /health HTTP/1.1', '200', '-')
--- Logging error ---
Traceback (most recent call last):
  File "/usr/local/lib/python3.11/logging/__init__.py", line 449, in format
    return self._format(record)
           ^^^^^^^^^^^^^^^^^^^^
  File "/usr/local/lib/python3.11/logging/__init__.py", line 445, in _format
    return self._fmt % values
           ~~~~~~~~~~^~~~~~~~
KeyError: 'request_id'

During handling of the above exception, another exception occurred:

Traceback (most recent call last):
  File "/usr/local/lib/python3.11/logging/__init__.py", line 1110, in emit
    msg = self.format(record)
          ^^^^^^^^^^^^^^^^^^^
  File "/usr/local/lib/python3.11/logging/__init__.py", line 953, in format
    return fmt.format(record)
           ^^^^^^^^^^^^^^^^^^
  File "/usr/local/lib/python3.11/logging/__init__.py", line 690, in format
    s = self.formatMessage(record)
        ^^^^^^^^^^^^^^^^^^^^^^^^^^
  File "/usr/local/lib/python3.11/logging/__init__.py", line 659, in formatMessage
    return self._style.format(record)
           ^^^^^^^^^^^^^^^^^^^^^^^^^^
  File "/usr/local/lib/python3.11/logging/__init__.py", line 451, in format
    raise ValueError('Formatting field not found in record: %s' % e)
ValueError: Formatting field not found in record: 'request_id'
Call stack:
  File "/usr/local/lib/python3.11/threading.py", line 1002, in _bootstrap
    self._bootstrap_inner()
  File "/usr/local/lib/python3.11/threading.py", line 1045, in _bootstrap_inner
    self.run()
  File "/usr/local/lib/python3.11/threading.py", line 982, in run
    self._target(*self._args, **self._kwargs)
  File "/usr/local/lib/python3.11/socketserver.py", line 691, in process_request_thread
    self.finish_request(request, client_address)
  File "/usr/local/lib/python3.11/socketserver.py", line 361, in finish_request
    self.RequestHandlerClass(request, client_address, self)
  File "/usr/local/lib/python3.11/socketserver.py", line 755, in __init__
    self.handle()
  File "/usr/local/lib/python3.11/site-packages/werkzeug/serving.py", line 399, in handle
    super().handle()
  File "/usr/local/lib/python3.11/http/server.py", line 440, in handle
    self.handle_one_request()
  File "/usr/local/lib/python3.11/http/server.py", line 428, in handle_one_request
    method()
  File "/usr/local/lib/python3.11/site-packages/werkzeug/serving.py", line 371, in run_wsgi
    execute(self.server.app)
  File "/usr/local/lib/python3.11/site-packages/werkzeug/serving.py", line 335, in execute
    write(data)
  File "/usr/local/lib/python3.11/site-packages/werkzeug/serving.py", line 272, in write
    self.send_response(code, msg)
  File "/usr/local/lib/python3.11/http/server.py", line 505, in send_response
    self.log_request(code)
  File "/usr/local/lib/python3.11/site-packages/werkzeug/serving.py", line 468, in log_request
    self.log("info", '"%s" %s %s', msg, code, size)
  File "/usr/local/lib/python3.11/site-packages/werkzeug/serving.py", line 479, in log
    _log(
  File "/usr/local/lib/python3.11/site-packages/werkzeug/_internal.py", line 97, in _log
    getattr(_logger, type)(message.rstrip(), *args, **kwargs)
Message: '127.0.0.1 - - [25/Sep/2026 08:21:14] "%s" %s %s'
Arguments: ('GET /health HTTP/1.1', '200', '-')
--- Logging error ---
Traceback (most recent call last):
  File "/usr/local/lib/python3.11/logging/__init__.py", line 449, in format
    return self._format(record)
           ^^^^^^^^^^^^^^^^^^^^
  File "/usr/local/lib/python3.11/logging/__init__.py", line 445, in _format
    return self._fmt % values
           ~~~~~~~~~~^~~~~~~~
KeyError: 'request_id'

During handling of the above exception, another exception occurred:

Traceback (most recent call last):
  File "/usr/local/lib/python3.11/logging/__init__.py", line 1110, in emit
    msg = self.format(record)
          ^^^^^^^^^^^^^^^^^^^
  File "/usr/local/lib/python3.11/logging/__init__.py", line 953, in format
    return fmt.format(record)
           ^^^^^^^^^^^^^^^^^^
  File "/usr/local/lib/python3.11/logging/__init__.py", line 690, in format
    s = self.formatMessage(record)
        ^^^^^^^^^^^^^^^^^^^^^^^^^^
  File "/usr/local/lib/python3.11/logging/__init__.py", line 659, in formatMessage
    return self._style.format(record)
           ^^^^^^^^^^^^^^^^^^^^^^^^^^
  File "/usr/local/lib/python3.11/logging/__init__.py", line 451, in format
    raise ValueError('Formatting field not found in record: %s' % e)
ValueError: Formatting field not found in record: 'request_id'
Call stack:
  File "/usr/local/lib/python3.11/threading.py", line 1002, in _bootstrap
    self._bootstrap_inner()
  File "/usr/local/lib/python3.11/threading.py", line 1045, in _bootstrap_inner
    self.run()
  File "/usr/local/lib/python3.11/threading.py", line 982, in run
    self._target(*self._args, **self._kwargs)
  File "/usr/local/lib/python3.11/socketserver.py", line 691, in process_request_thread
    self.finish_request(request, client_address)
  File "/usr/local/lib/python3.11/socketserver.py", line 361, in finish_request
    self.RequestHandlerClass(request, client_address, self)
  File "/usr/local/lib/python3.11/socketserver.py", line 755, in __init__
    self.handle()
  File "/usr/local/lib/python3.11/site-packages/werkzeug/serving.py", line 399, in handle
    super().handle()
  File "/usr/local/lib/python3.11/http/server.py", line 440, in handle
    self.handle_one_request()
  File "/usr/local/lib/python3.11/http/server.py", line 428, in handle_one_request
    method()
  File "/usr/local/lib/python3.11/site-packages/werkzeug/serving.py", line 371, in run_wsgi
    execute(self.server.app)
  File "/usr/local/lib/python3.11/site-packages/werkzeug/serving.py", line 335, in execute
    write(data)
  File "/usr/local/lib/python3.11/site-packages/werkzeug/serving.py", line 272, in write
    self.send_response(code, msg)
  File "/usr/local/lib/python3.11/http/server.py", line 505, in send_response
    self.log_request(code)
  File "/usr/local/lib/python3.11/site-packages/werkzeug/serving.py", line 468, in log_request
    self.log("info", '"%s" %s %s', msg, code, size)
  File "/usr/local/lib/python3.11/site-packages/werkzeug/serving.py", line 479, in log
    _log(
  File "/usr/local/lib/python3.11/site-packages/werkzeug/_internal.py", line 97, in _log
    getattr(_logger, type)(message.rstrip(), *args, **kwargs)
Message: '127.0.0.1 - - [25/Sep/2026 08:21:24] "%s" %s %s'
Arguments: ('GET /health HTTP/1.1', '200', '-')
--- Logging error ---
Traceback (most recent call last):
  File "/usr/local/lib/python3.11/logging/__init__.py", line 449, in format
    return self._format(record)
           ^^^^^^^^^^^^^^^^^^^^
  File "/usr/local/lib/python3.11/logging/__init__.py", line 445, in _format
    return self._fmt % values
           ~~~~~~~~~~^~~~~~~~
KeyError: 'request_id'

During handling of the above exception, another exception occurred:

Traceback (most recent call last):
  File "/usr/local/lib/python3.11/logging/__init__.py", line 1110, in emit
    msg = self.format(record)
          ^^^^^^^^^^^^^^^^^^^
  File "/usr/local/lib/python3.11/logging/__init__.py", line 953, in format
    return fmt.format(record)
           ^^^^^^^^^^^^^^^^^^
  File "/usr/local/lib/python3.11/logging/__init__.py", line 690, in format
    s = self.formatMessage(record)
        ^^^^^^^^^^^^^^^^^^^^^^^^^^
  File "/usr/local/lib/python3.11/logging/__init__.py", line 659, in formatMessage
    return self._style.format(record)
           ^^^^^^^^^^^^^^^^^^^^^^^^^^
  File "/usr/local/lib/python3.11/logging/__init__.py", line 451, in format
    raise ValueError('Formatting field not found in record: %s' % e)
ValueError: Formatting field not found in record: 'request_id'
Call stack:
  File "/usr/local/lib/python3.11/threading.py", line 1002, in _bootstrap
    self._bootstrap_inner()
  File "/usr/local/lib/python3.11/threading.py", line 1045, in _bootstrap_inner
    self.run()
  File "/usr/local/lib/python3.11/threading.py", line 982, in run
    self._target(*self._args, **self._kwargs)
  File "/usr/local/lib/python3.11/socketserver.py", line 691, in process_request_thread
    self.finish_request(request, client_address)
  File "/usr/local/lib/python3.11/socketserver.py", line 361, in finish_request
    self.RequestHandlerClass(request, client_address, self)
  File "/usr/local/lib/python3.11/socketserver.py", line 755, in __init__
    self.handle()
  File "/usr/local/lib/python3.11/site-packages/werkzeug/serving.py", line 399, in handle
    super().handle()
  File "/usr/local/lib/python3.11/http/server.py", line 440, in handle
    self.handle_one_request()
  File "/usr/local/lib/python3.11/http/server.py", line 428, in handle_one_request
    method()
  File "/usr/local/lib/python3.11/site-packages/werkzeug/serving.py", line 371, in run_wsgi
    execute(self.server.app)
  File "/usr/local/lib/python3.11/site-packages/werkzeug/serving.py", line 335, in execute
    write(data)
  File "/usr/local/lib/python3.11/site-packages/werkzeug/serving.py", line 272, in write
    self.send_response(code, msg)
  File "/usr/local/lib/python3.11/http/server.py", line 505, in send_response
    self.log_request(code)
  File "/usr/local/lib/python3.11/site-packages/werkzeug/serving.py", line 468, in log_request
    self.log("info", '"%s" %s %s', msg, code, size)
  File "/usr/local/lib/python3.11/site-packages/werkzeug/serving.py", line 479, in log
    _log(
  File "/usr/local/lib/python3.11/site-packages/werkzeug/_internal.py", line 97, in _log
    getattr(_logger, type)(message.rstrip(), *args, **kwargs)
Message: '127.0.0.1 - - [25/Sep/2026 08:21:34] "%s" %s %s'
Arguments: ('GET /health HTTP/1.1', '200', '-')
--- Logging error ---
Traceback (most recent call last):
  File "/usr/local/lib/python3.11/logging/__init__.py", line 449, in format
    return self._format(record)
           ^^^^^^^^^^^^^^^^^^^^
  File "/usr/local/lib/python3.11/logging/__init__.py", line 445, in _format
    return self._fmt % values
           ~~~~~~~~~~^~~~~~~~
KeyError: 'request_id'

During handling of the above exception, another exception occurred:

Traceback (most recent call last):
  File "/usr/local/lib/python3.11/logging/__init__.py", line 1110, in emit
    msg = self.format(record)
          ^^^^^^^^^^^^^^^^^^^
  File "/usr/local/lib/python3.11/logging/__init__.py", line 953, in format
    return fmt.format(record)
           ^^^^^^^^^^^^^^^^^^
  File "/usr/local/lib/python3.11/logging/__init__.py", line 690, in format
    s = self.formatMessage(record)
        ^^^^^^^^^^^^^^^^^^^^^^^^^^
  File "/usr/local/lib/python3.11/logging/__init__.py", line 659, in formatMessage
    return self._style.format(record)
           ^^^^^^^^^^^^^^^^^^^^^^^^^^
  File "/usr/local/lib/python3.11/logging/__init__.py", line 451, in format
    raise ValueError('Formatting field not found in record: %s' % e)
ValueError: Formatting field not found in record: 'request_id'
Call stack:
  File "/usr/local/lib/python3.11/threading.py", line 1002, in _bootstrap
    self._bootstrap_inner()
  File "/usr/local/lib/python3.11/threading.py", line 1045, in _bootstrap_inner
    self.run()
  File "/usr/local/lib/python3.11/threading.py", line 982, in run
    self._target(*self._args, **self._kwargs)
  File "/usr/local/lib/python3.11/socketserver.py", line 691, in process_request_thread
    self.finish_request(request, client_address)
  File "/usr/local/lib/python3.11/socketserver.py", line 361, in finish_request
    self.RequestHandlerClass(request, client_address, self)
  File "/usr/local/lib/python3.11/socketserver.py", line 755, in __init__
    self.handle()
  File "/usr/local/lib/python3.11/site-packages/werkzeug/serving.py", line 399, in handle
    super().handle()
  File "/usr/local/lib/python3.11/http/server.py", line 440, in handle
    self.handle_one_request()
  File "/usr/local/lib/python3.11/http/server.py", line 428, in handle_one_request
    method()
  File "/usr/local/lib/python3.11/site-packages/werkzeug/serving.py", line 371, in run_wsgi
    execute(self.server.app)
  File "/usr/local/lib/python3.11/site-packages/werkzeug/serving.py", line 335, in execute
    write(data)
  File "/usr/local/lib/python3.11/site-packages/werkzeug/serving.py", line 272, in write
    self.send_response(code, msg)
  File "/usr/local/lib/python3.11/http/server.py", line 505, in send_response
    self.log_request(code)
  File "/usr/local/lib/python3.11/site-packages/werkzeug/serving.py", line 468, in log_request
    self.log("info", '"%s" %s %s', msg, code, size)
  File "/usr/local/lib/python3.11/site-packages/werkzeug/serving.py", line 479, in log
    _log(
  File "/usr/local/lib/python3.11/site-packages/werkzeug/_internal.py", line 97, in _log
    getattr(_logger, type)(message.rstrip(), *args, **kwargs)
Message: '127.0.0.1 - - [25/Sep/2026 08:21:44] "%s" %s %s'
Arguments: ('GET /health HTTP/1.1', '200', '-')
--- Logging error ---
Traceback (most recent call last):
  File "/usr/local/lib/python3.11/logging/__init__.py", line 449, in format
    return self._format(record)
           ^^^^^^^^^^^^^^^^^^^^
  File "/usr/local/lib/python3.11/logging/__init__.py", line 445, in _format
    return self._fmt % values
           ~~~~~~~~~~^~~~~~~~
KeyError: 'request_id'

During handling of the above exception, another exception occurred:

Traceback (most recent call last):
  File "/usr/local/lib/python3.11/logging/__init__.py", line 1110, in emit
    msg = self.format(record)
          ^^^^^^^^^^^^^^^^^^^
  File "/usr/local/lib/python3.11/logging/__init__.py", line 953, in format
    return fmt.format(record)
           ^^^^^^^^^^^^^^^^^^
  File "/usr/local/lib/python3.11/logging/__init__.py", line 690, in format
    s = self.formatMessage(record)
        ^^^^^^^^^^^^^^^^^^^^^^^^^^
  File "/usr/local/lib/python3.11/logging/__init__.py", line 659, in formatMessage
    return self._style.format(record)
           ^^^^^^^^^^^^^^^^^^^^^^^^^^
  File "/usr/local/lib/python3.11/logging/__init__.py", line 451, in format
    raise ValueError('Formatting field not found in record: %s' % e)
ValueError: Formatting field not found in record: 'request_id'
Call stack:
  File "/usr/local/lib/python3.11/threading.py", line 1002, in _bootstrap
    self._bootstrap_inner()
  File "/usr/local/lib/python3.11/threading.py", line 1045, in _bootstrap_inner
    self.run()
  File "/usr/local/lib/python3.11/threading.py", line 982, in run
    self._target(*self._args, **self._kwargs)
  File "/usr/local/lib/python3.11/socketserver.py", line 691, in process_request_thread
    self.finish_request(request, client_address)
  File "/usr/local/lib/python3.11/socketserver.py", line 361, in finish_request
    self.RequestHandlerClass(request, client_address, self)
  File "/usr/local/lib/python3.11/socketserver.py", line 755, in __init__
    self.handle()
  File "/usr/local/lib/python3.11/site-packages/werkzeug/serving.py", line 399, in handle
    super().handle()
  File "/usr/local/lib/python3.11/http/server.py", line 440, in handle
    self.handle_one_request()
  File "/usr/local/lib/python3.11/http/server.py", line 428, in handle_one_request
    method()
  File "/usr/local/lib/python3.11/site-packages/werkzeug/serving.py", line 371, in run_wsgi
    execute(self.server.app)
  File "/usr/local/lib/python3.11/site-packages/werkzeug/serving.py", line 335, in execute
    write(data)
  File "/usr/local/lib/python3.11/site-packages/werkzeug/serving.py", line 272, in write
    self.send_response(code, msg)
  File "/usr/local/lib/python3.11/http/server.py", line 505, in send_response
    self.log_request(code)
  File "/usr/local/lib/python3.11/site-packages/werkzeug/serving.py", line 468, in log_request
    self.log("info", '"%s" %s %s', msg, code, size)
  File "/usr/local/lib/python3.11/site-packages/werkzeug/serving.py", line 479, in log
    _log(
  File "/usr/local/lib/python3.11/site-packages/werkzeug/_internal.py", line 97, in _log
    getattr(_logger, type)(message.rstrip(), *args, **kwargs)
Message: '127.0.0.1 - - [25/Sep/2026 08:21:55] "%s" %s %s'
Arguments: ('GET /health HTTP/1.1', '200', '-')
--- Logging error ---
Traceback (most recent call last):
  File "/usr/local/lib/python3.11/logging/__init__.py", line 449, in format
    return self._format(record)
           ^^^^^^^^^^^^^^^^^^^^
  File "/usr/local/lib/python3.11/logging/__init__.py", line 445, in _format
    return self._fmt % values
           ~~~~~~~~~~^~~~~~~~
KeyError: 'request_id'

During handling of the above exception, another exception occurred:

Traceback (most recent call last):
  File "/usr/local/lib/python3.11/logging/__init__.py", line 1110, in emit
    msg = self.format(record)
          ^^^^^^^^^^^^^^^^^^^
  File "/usr/local/lib/python3.11/logging/__init__.py", line 953, in format
    return fmt.format(record)
           ^^^^^^^^^^^^^^^^^^
  File "/usr/local/lib/python3.11/logging/__init__.py", line 690, in format
    s = self.formatMessage(record)
        ^^^^^^^^^^^^^^^^^^^^^^^^^^
  File "/usr/local/lib/python3.11/logging/__init__.py", line 659, in formatMessage
    return self._style.format(record)
           ^^^^^^^^^^^^^^^^^^^^^^^^^^
  File "/usr/local/lib/python3.11/logging/__init__.py", line 451, in format
    raise ValueError('Formatting field not found in record: %s' % e)
ValueError: Formatting field not found in record: 'request_id'
Call stack:
  File "/usr/local/lib/python3.11/threading.py", line 1002, in _bootstrap
    self._bootstrap_inner()
  File "/usr/local/lib/python3.11/threading.py", line 1045, in _bootstrap_inner
    self.run()
  File "/usr/local/lib/python3.11/threading.py", line 982, in run
    self._target(*self._args, **self._kwargs)
  File "/usr/local/lib/python3.11/socketserver.py", line 691, in process_request_thread
    self.finish_request(request, client_address)
  File "/usr/local/lib/python3.11/socketserver.py", line 361, in finish_request
    self.RequestHandlerClass(request, client_address, self)
  File "/usr/local/lib/python3.11/socketserver.py", line 755, in __init__
    self.handle()
  File "/usr/local/lib/python3.11/site-packages/werkzeug/serving.py", line 399, in handle
    super().handle()
  File "/usr/local/lib/python3.11/http/server.py", line 440, in handle
    self.handle_one_request()
  File "/usr/local/lib/python3.11/http/server.py", line 428, in handle_one_request
    method()
  File "/usr/local/lib/python3.11/site-packages/werkzeug/serving.py", line 371, in run_wsgi
    execute(self.server.app)
  File "/usr/local/lib/python3.11/site-packages/werkzeug/serving.py", line 335, in execute
    write(data)
  File "/usr/local/lib/python3.11/site-packages/werkzeug/serving.py", line 272, in write
    self.send_response(code, msg)
  File "/usr/local/lib/python3.11/http/server.py", line 505, in send_response
    self.log_request(code)
  File "/usr/local/lib/python3.11/site-packages/werkzeug/serving.py", line 468, in log_request
    self.log("info", '"%s" %s %s', msg, code, size)
  File "/usr/local/lib/python3.11/site-packages/werkzeug/serving.py", line 479, in log
    _log(
  File "/usr/local/lib/python3.11/site-packages/werkzeug/_internal.py", line 97, in _log
    getattr(_logger, type)(message.rstrip(), *args, **kwargs)
Message: '127.0.0.1 - - [25/Sep/2026 08:22:05] "%s" %s %s'
Arguments: ('GET /health HTTP/1.1', '200', '-')
--- Logging error ---
Traceback (most recent call last):
  File "/usr/local/lib/python3.11/logging/__init__.py", line 449, in format
    return self._format(record)
           ^^^^^^^^^^^^^^^^^^^^
  File "/usr/local/lib/python3.11/logging/__init__.py", line 445, in _format
    return self._fmt % values
           ~~~~~~~~~~^~~~~~~~
KeyError: 'request_id'

During handling of the above exception, another exception occurred:

Traceback (most recent call last):
  File "/usr/local/lib/python3.11/logging/__init__.py", line 1110, in emit
    msg = self.format(record)
          ^^^^^^^^^^^^^^^^^^^
  File "/usr/local/lib/python3.11/logging/__init__.py", line 953, in format
    return fmt.format(record)
           ^^^^^^^^^^^^^^^^^^
  File "/usr/local/lib/python3.11/logging/__init__.py", line 690, in format
    s = self.formatMessage(record)
        ^^^^^^^^^^^^^^^^^^^^^^^^^^
  File "/usr/local/lib/python3.11/logging/__init__.py", line 659, in formatMessage
    return self._style.format(record)
           ^^^^^^^^^^^^^^^^^^^^^^^^^^
  File "/usr/local/lib/python3.11/logging/__init__.py", line 451, in format
    raise ValueError('Formatting field not found in record: %s' % e)
ValueError: Formatting field not found in record: 'request_id'
Call stack:
  File "/usr/local/lib/python3.11/threading.py", line 1002, in _bootstrap
    self._bootstrap_inner()
  File "/usr/local/lib/python3.11/threading.py", line 1045, in _bootstrap_inner
    self.run()
  File "/usr/local/lib/python3.11/threading.py", line 982, in run
    self._target(*self._args, **self._kwargs)
  File "/usr/local/lib/python3.11/socketserver.py", line 691, in process_request_thread
    self.finish_request(request, client_address)
  File "/usr/local/lib/python3.11/socketserver.py", line 361, in finish_request
    self.RequestHandlerClass(request, client_address, self)
  File "/usr/local/lib/python3.11/socketserver.py", line 755, in __init__
    self.handle()
  File "/usr/local/lib/python3.11/site-packages/werkzeug/serving.py", line 399, in handle
    super().handle()
  File "/usr/local/lib/python3.11/http/server.py", line 440, in handle
    self.handle_one_request()
  File "/usr/local/lib/python3.11/http/server.py", line 428, in handle_one_request
    method()
  File "/usr/local/lib/python3.11/site-packages/werkzeug/serving.py", line 371, in run_wsgi
    execute(self.server.app)
  File "/usr/local/lib/python3.11/site-packages/werkzeug/serving.py", line 335, in execute
    write(data)
  File "/usr/local/lib/python3.11/site-packages/werkzeug/serving.py", line 272, in write
    self.send_response(code, msg)
  File "/usr/local/lib/python3.11/http/server.py", line 505, in send_response
    self.log_request(code)
  File "/usr/local/lib/python3.11/site-packages/werkzeug/serving.py", line 468, in log_request
    self.log("info", '"%s" %s %s', msg, code, size)
  File "/usr/local/lib/python3.11/site-packages/werkzeug/serving.py", line 479, in log
    _log(
  File "/usr/local/lib/python3.11/site-packages/werkzeug/_internal.py", line 97, in _log
    getattr(_logger, type)(message.rstrip(), *args, **kwargs)
Message: '127.0.0.1 - - [25/Sep/2026 08:22:15] "%s" %s %s'
Arguments: ('GET /health HTTP/1.1', '200', '-')
--- Logging error ---
Traceback (most recent call last):
  File "/usr/local/lib/python3.11/logging/__init__.py", line 449, in format
    return self._format(record)
           ^^^^^^^^^^^^^^^^^^^^
  File "/usr/local/lib/python3.11/logging/__init__.py", line 445, in _format
    return self._fmt % values
           ~~~~~~~~~~^~~~~~~~
KeyError: 'request_id'

During handling of the above exception, another exception occurred:

Traceback (most recent call last):
  File "/usr/local/lib/python3.11/logging/__init__.py", line 1110, in emit
    msg = self.format(record)
          ^^^^^^^^^^^^^^^^^^^
  File "/usr/local/lib/python3.11/logging/__init__.py", line 953, in format
    return fmt.format(record)
           ^^^^^^^^^^^^^^^^^^
  File "/usr/local/lib/python3.11/logging/__init__.py", line 690, in format
    s = self.formatMessage(record)
        ^^^^^^^^^^^^^^^^^^^^^^^^^^
  File "/usr/local/lib/python3.11/logging/__init__.py", line 659, in formatMessage
    return self._style.format(record)
           ^^^^^^^^^^^^^^^^^^^^^^^^^^
  File "/usr/local/lib/python3.11/logging/__init__.py", line 451, in format
    raise ValueError('Formatting field not found in record: %s' % e)
ValueError: Formatting field not found in record: 'request_id'
Call stack:
  File "/usr/local/lib/python3.11/threading.py", line 1002, in _bootstrap
    self._bootstrap_inner()
  File "/usr/local/lib/python3.11/threading.py", line 1045, in _bootstrap_inner
    self.run()
  File "/usr/local/lib/python3.11/threading.py", line 982, in run
    self._target(*self._args, **self._kwargs)
  File "/usr/local/lib/python3.11/socketserver.py", line 691, in process_request_thread
    self.finish_request(request, client_address)
  File "/usr/local/lib/python3.11/socketserver.py", line 361, in finish_request
    self.RequestHandlerClass(request, client_address, self)
  File "/usr/local/lib/python3.11/socketserver.py", line 755, in __init__
    self.handle()
  File "/usr/local/lib/python3.11/site-packages/werkzeug/serving.py", line 399, in handle
    super().handle()
  File "/usr/local/lib/python3.11/http/server.py", line 440, in handle
    self.handle_one_request()
  File "/usr/local/lib/python3.11/http/server.py", line 428, in handle_one_request
    method()
  File "/usr/local/lib/python3.11/site-packages/werkzeug/serving.py", line 371, in run_wsgi
    execute(self.server.app)
  File "/usr/local/lib/python3.11/site-packages/werkzeug/serving.py", line 335, in execute
    write(data)
  File "/usr/local/lib/python3.11/site-packages/werkzeug/serving.py", line 272, in write
    self.send_response(code, msg)
  File "/usr/local/lib/python3.11/http/server.py", line 505, in send_response
    self.log_request(code)
  File "/usr/local/lib/python3.11/site-packages/werkzeug/serving.py", line 468, in log_request
    self.log("info", '"%s" %s %s', msg, code, size)
  File "/usr/local/lib/python3.11/site-packages/werkzeug/serving.py", line 479, in log
    _log(
  File "/usr/local/lib/python3.11/site-packages/werkzeug/_internal.py", line 97, in _log
    getattr(_logger, type)(message.rstrip(), *args, **kwargs)
Message: '127.0.0.1 - - [25/Sep/2026 08:22:25] "%s" %s %s'
Arguments: ('GET /health HTTP/1.1', '200', '-')
--- Logging error ---
Traceback (most recent call last):
  File "/usr/local/lib/python3.11/logging/__init__.py", line 449, in format
    return self._format(record)
           ^^^^^^^^^^^^^^^^^^^^
  File "/usr/local/lib/python3.11/logging/__init__.py", line 445, in _format
    return self._fmt % values
           ~~~~~~~~~~^~~~~~~~
KeyError: 'request_id'

During handling of the above exception, another exception occurred:

Traceback (most recent call last):
  File "/usr/local/lib/python3.11/logging/__init__.py", line 1110, in emit
    msg = self.format(record)
          ^^^^^^^^^^^^^^^^^^^
  File "/usr/local/lib/python3.11/logging/__init__.py", line 953, in format
    return fmt.format(record)
           ^^^^^^^^^^^^^^^^^^
  File "/usr/local/lib/python3.11/logging/__init__.py", line 690, in format
    s = self.formatMessage(record)
        ^^^^^^^^^^^^^^^^^^^^^^^^^^
  File "/usr/local/lib/python3.11/logging/__init__.py", line 659, in formatMessage
    return self._style.format(record)
           ^^^^^^^^^^^^^^^^^^^^^^^^^^
  File "/usr/local/lib/python3.11/logging/__init__.py", line 451, in format
    raise ValueError('Formatting field not found in record: %s' % e)
ValueError: Formatting field not found in record: 'request_id'
Call stack:
  File "/usr/local/lib/python3.11/threading.py", line 1002, in _bootstrap
    self._bootstrap_inner()
  File "/usr/local/lib/python3.11/threading.py", line 1045, in _bootstrap_inner
    self.run()
  File "/usr/local/lib/python3.11/threading.py", line 982, in run
    self._target(*self._args, **self._kwargs)
  File "/usr/local/lib/python3.11/socketserver.py", line 691, in process_request_thread
    self.finish_request(request, client_address)
  File "/usr/local/lib/python3.11/socketserver.py", line 361, in finish_request
    self.RequestHandlerClass(request, client_address, self)
  File "/usr/local/lib/python3.11/socketserver.py", line 755, in __init__
    self.handle()
  File "/usr/local/lib/python3.11/site-packages/werkzeug/serving.py", line 399, in handle
    super().handle()
  File "/usr/local/lib/python3.11/http/server.py", line 440, in handle
    self.handle_one_request()
  File "/usr/local/lib/python3.11/http/server.py", line 428, in handle_one_request
    method()
  File "/usr/local/lib/python3.11/site-packages/werkzeug/serving.py", line 371, in run_wsgi
    execute(self.server.app)
  File "/usr/local/lib/python3.11/site-packages/werkzeug/serving.py", line 335, in execute
    write(data)
  File "/usr/local/lib/python3.11/site-packages/werkzeug/serving.py", line 272, in write
    self.send_response(code, msg)
  File "/usr/local/lib/python3.11/http/server.py", line 505, in send_response
    self.log_request(code)
  File "/usr/local/lib/python3.11/site-packages/werkzeug/serving.py", line 468, in log_request
    self.log("info", '"%s" %s %s', msg, code, size)
  File "/usr/local/lib/python3.11/site-packages/werkzeug/serving.py", line 479, in log
    _log(
  File "/usr/local/lib/python3.11/site-packages/werkzeug/_internal.py", line 97, in _log
    getattr(_logger, type)(message.rstrip(), *args, **kwargs)
Message: '127.0.0.1 - - [25/Sep/2026 08:22:35] "%s" %s %s'
Arguments: ('GET /health HTTP/1.1', '200', '-')
--- Logging error ---
Traceback (most recent call last):
  File "/usr/local/lib/python3.11/logging/__init__.py", line 449, in format
    return self._format(record)
           ^^^^^^^^^^^^^^^^^^^^
  File "/usr/local/lib/python3.11/logging/__init__.py", line 445, in _format
    return self._fmt % values
           ~~~~~~~~~~^~~~~~~~
KeyError: 'request_id'

During handling of the above exception, another exception occurred:

Traceback (most recent call last):
  File "/usr/local/lib/python3.11/logging/__init__.py", line 1110, in emit
    msg = self.format(record)
          ^^^^^^^^^^^^^^^^^^^
  File "/usr/local/lib/python3.11/logging/__init__.py", line 953, in format
    return fmt.format(record)
           ^^^^^^^^^^^^^^^^^^
  File "/usr/local/lib/python3.11/logging/__init__.py", line 690, in format
    s = self.formatMessage(record)
        ^^^^^^^^^^^^^^^^^^^^^^^^^^
  File "/usr/local/lib/python3.11/logging/__init__.py", line 659, in formatMessage
    return self._style.format(record)
           ^^^^^^^^^^^^^^^^^^^^^^^^^^
  File "/usr/local/lib/python3.11/logging/__init__.py", line 451, in format
    raise ValueError('Formatting field not found in record: %s' % e)
ValueError: Formatting field not found in record: 'request_id'
Call stack:
  File "/usr/local/lib/python3.11/threading.py", line 1002, in _bootstrap
    self._bootstrap_inner()
  File "/usr/local/lib/python3.11/threading.py", line 1045, in _bootstrap_inner
    self.run()
  File "/usr/local/lib/python3.11/threading.py", line 982, in run
    self._target(*self._args, **self._kwargs)
  File "/usr/local/lib/python3.11/socketserver.py", line 691, in process_request_thread
    self.finish_request(request, client_address)
  File "/usr/local/lib/python3.11/socketserver.py", line 361, in finish_request
    self.RequestHandlerClass(request, client_address, self)
  File "/usr/local/lib/python3.11/socketserver.py", line 755, in __init__
    self.handle()
  File "/usr/local/lib/python3.11/site-packages/werkzeug/serving.py", line 399, in handle
    super().handle()
  File "/usr/local/lib/python3.11/http/server.py", line 440, in handle
    self.handle_one_request()
  File "/usr/local/lib/python3.11/http/server.py", line 428, in handle_one_request
    method()
  File "/usr/local/lib/python3.11/site-packages/werkzeug/serving.py", line 371, in run_wsgi
    execute(self.server.app)
  File "/usr/local/lib/python3.11/site-packages/werkzeug/serving.py", line 335, in execute
    write(data)
  File "/usr/local/lib/python3.11/site-packages/werkzeug/serving.py", line 272, in write
    self.send_response(code, msg)
  File "/usr/local/lib/python3.11/http/server.py", line 505, in send_response
    self.log_request(code)
  File "/usr/local/lib/python3.11/site-packages/werkzeug/serving.py", line 468, in log_request
    self.log("info", '"%s" %s %s', msg, code, size)
  File "/usr/local/lib/python3.11/site-packages/werkzeug/serving.py", line 479, in log
    _log(
  File "/usr/local/lib/python3.11/site-packages/werkzeug/_internal.py", line 97, in _log
    getattr(_logger, type)(message.rstrip(), *args, **kwargs)
Message: '127.0.0.1 - - [25/Sep/2026 08:22:45] "%s" %s %s'
Arguments: ('GET /health HTTP/1.1', '200', '-')
--- Logging error ---
Traceback (most recent call last):
  File "/usr/local/lib/python3.11/logging/__init__.py", line 449, in format
    return self._format(record)
           ^^^^^^^^^^^^^^^^^^^^
  File "/usr/local/lib/python3.11/logging/__init__.py", line 445, in _format
    return self._fmt % values
           ~~~~~~~~~~^~~~~~~~
KeyError: 'request_id'

During handling of the above exception, another exception occurred:

Traceback (most recent call last):
  File "/usr/local/lib/python3.11/logging/__init__.py", line 1110, in emit
    msg = self.format(record)
          ^^^^^^^^^^^^^^^^^^^
  File "/usr/local/lib/python3.11/logging/__init__.py", line 953, in format
    return fmt.format(record)
           ^^^^^^^^^^^^^^^^^^
  File "/usr/local/lib/python3.11/logging/__init__.py", line 690, in format
    s = self.formatMessage(record)
        ^^^^^^^^^^^^^^^^^^^^^^^^^^
  File "/usr/local/lib/python3.11/logging/__init__.py", line 659, in formatMessage
    return self._style.format(record)
           ^^^^^^^^^^^^^^^^^^^^^^^^^^
  File "/usr/local/lib/python3.11/logging/__init__.py", line 451, in format
    raise ValueError('Formatting field not found in record: %s' % e)
ValueError: Formatting field not found in record: 'request_id'
Call stack:
  File "/usr/local/lib/python3.11/threading.py", line 1002, in _bootstrap
    self._bootstrap_inner()
  File "/usr/local/lib/python3.11/threading.py", line 1045, in _bootstrap_inner
    self.run()
  File "/usr/local/lib/python3.11/threading.py", line 982, in run
    self._target(*self._args, **self._kwargs)
  File "/usr/local/lib/python3.11/socketserver.py", line 691, in process_request_thread
    self.finish_request(request, client_address)
  File "/usr/local/lib/python3.11/socketserver.py", line 361, in finish_request
    self.RequestHandlerClass(request, client_address, self)
  File "/usr/local/lib/python3.11/socketserver.py", line 755, in __init__
    self.handle()
  File "/usr/local/lib/python3.11/site-packages/werkzeug/serving.py", line 399, in handle
    super().handle()
  File "/usr/local/lib/python3.11/http/server.py", line 440, in handle
    self.handle_one_request()
  File "/usr/local/lib/python3.11/http/server.py", line 428, in handle_one_request
    method()
  File "/usr/local/lib/python3.11/site-packages/werkzeug/serving.py", line 371, in run_wsgi
    execute(self.server.app)
  File "/usr/local/lib/python3.11/site-packages/werkzeug/serving.py", line 335, in execute
    write(data)
  File "/usr/local/lib/python3.11/site-packages/werkzeug/serving.py", line 272, in write
    self.send_response(code, msg)
  File "/usr/local/lib/python3.11/http/server.py", line 505, in send_response
    self.log_request(code)
  File "/usr/local/lib/python3.11/site-packages/werkzeug/serving.py", line 468, in log_request
    self.log("info", '"%s" %s %s', msg, code, size)
  File "/usr/local/lib/python3.11/site-packages/werkzeug/serving.py", line 479, in log
    _log(
  File "/usr/local/lib/python3.11/site-packages/werkzeug/_internal.py", line 97, in _log
    getattr(_logger, type)(message.rstrip(), *args, **kwargs)
Message: '127.0.0.1 - - [25/Sep/2026 08:22:55] "%s" %s %s'
Arguments: ('GET /health HTTP/1.1', '200', '-')
--- Logging error ---
Traceback (most recent call last):
  File "/usr/local/lib/python3.11/logging/__init__.py", line 449, in format
    return self._format(record)
           ^^^^^^^^^^^^^^^^^^^^
  File "/usr/local/lib/python3.11/logging/__init__.py", line 445, in _format
    return self._fmt % values
           ~~~~~~~~~~^~~~~~~~
KeyError: 'request_id'

During handling of the above exception, another exception occurred:

Traceback (most recent call last):
  File "/usr/local/lib/python3.11/logging/__init__.py", line 1110, in emit
    msg = self.format(record)
          ^^^^^^^^^^^^^^^^^^^
  File "/usr/local/lib/python3.11/logging/__init__.py", line 953, in format
    return fmt.format(record)
           ^^^^^^^^^^^^^^^^^^
  File "/usr/local/lib/python3.11/logging/__init__.py", line 690, in format
    s = self.formatMessage(record)
        ^^^^^^^^^^^^^^^^^^^^^^^^^^
  File "/usr/local/lib/python3.11/logging/__init__.py", line 659, in formatMessage
    return self._style.format(record)
           ^^^^^^^^^^^^^^^^^^^^^^^^^^
  File "/usr/local/lib/python3.11/logging/__init__.py", line 451, in format
    raise ValueError('Formatting field not found in record: %s' % e)
ValueError: Formatting field not found in record: 'request_id'
Call stack:
  File "/usr/local/lib/python3.11/threading.py", line 1002, in _bootstrap
    self._bootstrap_inner()
  File "/usr/local/lib/python3.11/threading.py", line 1045, in _bootstrap_inner
    self.run()
  File "/usr/local/lib/python3.11/threading.py", line 982, in run
    self._target(*self._args, **self._kwargs)
  File "/usr/local/lib/python3.11/socketserver.py", line 691, in process_request_thread
    self.finish_request(request, client_address)
  File "/usr/local/lib/python3.11/socketserver.py", line 361, in finish_request
    self.RequestHandlerClass(request, client_address, self)
  File "/usr/local/lib/python3.11/socketserver.py", line 755, in __init__
    self.handle()
  File "/usr/local/lib/python3.11/site-packages/werkzeug/serving.py", line 399, in handle
    super().handle()
  File "/usr/local/lib/python3.11/http/server.py", line 440, in handle
    self.handle_one_request()
  File "/usr/local/lib/python3.11/http/server.py", line 428, in handle_one_request
    method()
  File "/usr/local/lib/python3.11/site-packages/werkzeug/serving.py", line 371, in run_wsgi
    execute(self.server.app)
  File "/usr/local/lib/python3.11/site-packages/werkzeug/serving.py", line 335, in execute
    write(data)
  File "/usr/local/lib/python3.11/site-packages/werkzeug/serving.py", line 272, in write
    self.send_response(code, msg)
  File "/usr/local/lib/python3.11/http/server.py", line 505, in send_response
    self.log_request(code)
  File "/usr/local/lib/python3.11/site-packages/werkzeug/serving.py", line 468, in log_request
    self.log("info", '"%s" %s %s', msg, code, size)
  File "/usr/local/lib/python3.11/site-packages/werkzeug/serving.py", line 479, in log
    _log(
  File "/usr/local/lib/python3.11/site-packages/werkzeug/_internal.py", line 97, in _log
    getattr(_logger, type)(message.rstrip(), *args, **kwargs)
Message: '127.0.0.1 - - [25/Sep/2026 08:23:05] "%s" %s %s'
Arguments: ('GET /health HTTP/1.1', '200', '-')
--- Logging error ---
Traceback (most recent call last):
  File "/usr/local/lib/python3.11/logging/__init__.py", line 449, in format
    return self._format(record)
           ^^^^^^^^^^^^^^^^^^^^
  File "/usr/local/lib/python3.11/logging/__init__.py", line 445, in _format
    return self._fmt % values
           ~~~~~~~~~~^~~~~~~~
KeyError: 'request_id'

During handling of the above exception, another exception occurred:

Traceback (most recent call last):
  File "/usr/local/lib/python3.11/logging/__init__.py", line 1110, in emit
    msg = self.format(record)
          ^^^^^^^^^^^^^^^^^^^
  File "/usr/local/lib/python3.11/logging/__init__.py", line 953, in format
    return fmt.format(record)
           ^^^^^^^^^^^^^^^^^^
  File "/usr/local/lib/python3.11/logging/__init__.py", line 690, in format
    s = self.formatMessage(record)
        ^^^^^^^^^^^^^^^^^^^^^^^^^^
  File "/usr/local/lib/python3.11/logging/__init__.py", line 659, in formatMessage
    return self._style.format(record)
           ^^^^^^^^^^^^^^^^^^^^^^^^^^
  File "/usr/local/lib/python3.11/logging/__init__.py", line 451, in format
    raise ValueError('Formatting field not found in record: %s' % e)
ValueError: Formatting field not found in record: 'request_id'
Call stack:
  File "/usr/local/lib/python3.11/threading.py", line 1002, in _bootstrap
    self._bootstrap_inner()
  File "/usr/local/lib/python3.11/threading.py", line 1045, in _bootstrap_inner
    self.run()
  File "/usr/local/lib/python3.11/threading.py", line 982, in run
    self._target(*self._args, **self._kwargs)
  File "/usr/local/lib/python3.11/socketserver.py", line 691, in process_request_thread
    self.finish_request(request, client_address)
  File "/usr/local/lib/python3.11/socketserver.py", line 361, in finish_request
    self.RequestHandlerClass(request, client_address, self)
  File "/usr/local/lib/python3.11/socketserver.py", line 755, in __init__
    self.handle()
  File "/usr/local/lib/python3.11/site-packages/werkzeug/serving.py", line 399, in handle
    super().handle()
  File "/usr/local/lib/python3.11/http/server.py", line 440, in handle
    self.handle_one_request()
  File "/usr/local/lib/python3.11/http/server.py", line 428, in handle_one_request
    method()
  File "/usr/local/lib/python3.11/site-packages/werkzeug/serving.py", line 371, in run_wsgi
    execute(self.server.app)
  File "/usr/local/lib/python3.11/site-packages/werkzeug/serving.py", line 335, in execute
    write(data)
  File "/usr/local/lib/python3.11/site-packages/werkzeug/serving.py", line 272, in write
    self.send_response(code, msg)
  File "/usr/local/lib/python3.11/http/server.py", line 505, in send_response
    self.log_request(code)
  File "/usr/local/lib/python3.11/site-packages/werkzeug/serving.py", line 468, in log_request
    self.log("info", '"%s" %s %s', msg, code, size)
  File "/usr/local/lib/python3.11/site-packages/werkzeug/serving.py", line 479, in log
    _log(
  File "/usr/local/lib/python3.11/site-packages/werkzeug/_internal.py", line 97, in _log
    getattr(_logger, type)(message.rstrip(), *args, **kwargs)
Message: '127.0.0.1 - - [25/Sep/2026 08:23:15] "%s" %s %s'
Arguments: ('GET /health HTTP/1.1', '200', '-')
--- Logging error ---
Traceback (most recent call last):
  File "/usr/local/lib/python3.11/logging/__init__.py", line 449, in format
    return self._format(record)
           ^^^^^^^^^^^^^^^^^^^^
  File "/usr/local/lib/python3.11/logging/__init__.py", line 445, in _format
    return self._fmt % values
           ~~~~~~~~~~^~~~~~~~
KeyError: 'request_id'

During handling of the above exception, another exception occurred:

Traceback (most recent call last):
  File "/usr/local/lib/python3.11/logging/__init__.py", line 1110, in emit
    msg = self.format(record)
          ^^^^^^^^^^^^^^^^^^^
  File "/usr/local/lib/python3.11/logging/__init__.py", line 953, in format
    return fmt.format(record)
           ^^^^^^^^^^^^^^^^^^
  File "/usr/local/lib/python3.11/logging/__init__.py", line 690, in format
    s = self.formatMessage(record)
        ^^^^^^^^^^^^^^^^^^^^^^^^^^
  File "/usr/local/lib/python3.11/logging/__init__.py", line 659, in formatMessage
    return self._style.format(record)
           ^^^^^^^^^^^^^^^^^^^^^^^^^^
  File "/usr/local/lib/python3.11/logging/__init__.py", line 451, in format
    raise ValueError('Formatting field not found in record: %s' % e)
ValueError: Formatting field not found in record: 'request_id'
Call stack:
  File "/usr/local/lib/python3.11/threading.py", line 1002, in _bootstrap
    self._bootstrap_inner()
  File "/usr/local/lib/python3.11/threading.py", line 1045, in _bootstrap_inner
    self.run()
  File "/usr/local/lib/python3.11/threading.py", line 982, in run
    self._target(*self._args, **self._kwargs)
  File "/usr/local/lib/python3.11/socketserver.py", line 691, in process_request_thread
    self.finish_request(request, client_address)
  File "/usr/local/lib/python3.11/socketserver.py", line 361, in finish_request
    self.RequestHandlerClass(request, client_address, self)
  File "/usr/local/lib/python3.11/socketserver.py", line 755, in __init__
    self.handle()
  File "/usr/local/lib/python3.11/site-packages/werkzeug/serving.py", line 399, in handle
    super().handle()
  File "/usr/local/lib/python3.11/http/server.py", line 440, in handle
    self.handle_one_request()
  File "/usr/local/lib/python3.11/http/server.py", line 428, in handle_one_request
    method()
  File "/usr/local/lib/python3.11/site-packages/werkzeug/serving.py", line 371, in run_wsgi
    execute(self.server.app)
  File "/usr/local/lib/python3.11/site-packages/werkzeug/serving.py", line 335, in execute
    write(data)
  File "/usr/local/lib/python3.11/site-packages/werkzeug/serving.py", line 272, in write
    self.send_response(code, msg)
  File "/usr/local/lib/python3.11/http/server.py", line 505, in send_response
    self.log_request(code)
  File "/usr/local/lib/python3.11/site-packages/werkzeug/serving.py", line 468, in log_request
    self.log("info", '"%s" %s %s', msg, code, size)
  File "/usr/local/lib/python3.11/site-packages/werkzeug/serving.py", line 479, in log
    _log(
  File "/usr/local/lib/python3.11/site-packages/werkzeug/_internal.py", line 97, in _log
    getattr(_logger, type)(message.rstrip(), *args, **kwargs)
Message: '127.0.0.1 - - [25/Sep/2026 08:23:25] "%s" %s %s'
Arguments: ('GET /health HTTP/1.1', '200', '-')
--- Logging error ---
Traceback (most recent call last):
  File "/usr/local/lib/python3.11/logging/__init__.py", line 449, in format
    return self._format(record)
           ^^^^^^^^^^^^^^^^^^^^
  File "/usr/local/lib/python3.11/logging/__init__.py", line 445, in _format
    return self._fmt % values
           ~~~~~~~~~~^~~~~~~~
KeyError: 'request_id'

During handling of the above exception, another exception occurred:

Traceback (most recent call last):
  File "/usr/local/lib/python3.11/logging/__init__.py", line 1110, in emit
    msg = self.format(record)
          ^^^^^^^^^^^^^^^^^^^
  File "/usr/local/lib/python3.11/logging/__init__.py", line 953, in format
    return fmt.format(record)
           ^^^^^^^^^^^^^^^^^^
  File "/usr/local/lib/python3.11/logging/__init__.py", line 690, in format
    s = self.formatMessage(record)
        ^^^^^^^^^^^^^^^^^^^^^^^^^^
  File "/usr/local/lib/python3.11/logging/__init__.py", line 659, in formatMessage
    return self._style.format(record)
           ^^^^^^^^^^^^^^^^^^^^^^^^^^
  File "/usr/local/lib/python3.11/logging/__init__.py", line 451, in format
    raise ValueError('Formatting field not found in record: %s' % e)
ValueError: Formatting field not found in record: 'request_id'
Call stack:
  File "/usr/local/lib/python3.11/threading.py", line 1002, in _bootstrap
    self._bootstrap_inner()
  File "/usr/local/lib/python3.11/threading.py", line 1045, in _bootstrap_inner
    self.run()
  File "/usr/local/lib/python3.11/threading.py", line 982, in run
    self._target(*self._args, **self._kwargs)
  File "/usr/local/lib/python3.11/socketserver.py", line 691, in process_request_thread
    self.finish_request(request, client_address)
  File "/usr/local/lib/python3.11/socketserver.py", line 361, in finish_request
    self.RequestHandlerClass(request, client_address, self)
  File "/usr/local/lib/python3.11/socketserver.py", line 755, in __init__
    self.handle()
  File "/usr/local/lib/python3.11/site-packages/werkzeug/serving.py", line 399, in handle
    super().handle()
  File "/usr/local/lib/python3.11/http/server.py", line 440, in handle
    self.handle_one_request()
  File "/usr/local/lib/python3.11/http/server.py", line 428, in handle_one_request
    method()
  File "/usr/local/lib/python3.11/site-packages/werkzeug/serving.py", line 371, in run_wsgi
    execute(self.server.app)
  File "/usr/local/lib/python3.11/site-packages/werkzeug/serving.py", line 335, in execute
    write(data)
  File "/usr/local/lib/python3.11/site-packages/werkzeug/serving.py", line 272, in write
    self.send_response(code, msg)
  File "/usr/local/lib/python3.11/http/server.py", line 505, in send_response
    self.log_request(code)
  File "/usr/local/lib/python3.11/site-packages/werkzeug/serving.py", line 468, in log_request
    self.log("info", '"%s" %s %s', msg, code, size)
  File "/usr/local/lib/python3.11/site-packages/werkzeug/serving.py", line 479, in log
    _log(
  File "/usr/local/lib/python3.11/site-packages/werkzeug/_internal.py", line 97, in _log
    getattr(_logger, type)(message.rstrip(), *args, **kwargs)
Message: '127.0.0.1 - - [25/Sep/2026 08:23:36] "%s" %s %s'
Arguments: ('GET /health HTTP/1.1', '200', '-')
--- Logging error ---
Traceback (most recent call last):
  File "/usr/local/lib/python3.11/logging/__init__.py", line 449, in format
    return self._format(record)
           ^^^^^^^^^^^^^^^^^^^^
  File "/usr/local/lib/python3.11/logging/__init__.py", line 445, in _format
    return self._fmt % values
           ~~~~~~~~~~^~~~~~~~
KeyError: 'request_id'

During handling of the above exception, another exception occurred:

Traceback (most recent call last):
  File "/usr/local/lib/python3.11/logging/__init__.py", line 1110, in emit
    msg = self.format(record)
          ^^^^^^^^^^^^^^^^^^^
  File "/usr/local/lib/python3.11/logging/__init__.py", line 953, in format
    return fmt.format(record)
           ^^^^^^^^^^^^^^^^^^
  File "/usr/local/lib/python3.11/logging/__init__.py", line 690, in format
    s = self.formatMessage(record)
        ^^^^^^^^^^^^^^^^^^^^^^^^^^
  File "/usr/local/lib/python3.11/logging/__init__.py", line 659, in formatMessage
    return self._style.format(record)
           ^^^^^^^^^^^^^^^^^^^^^^^^^^
  File "/usr/local/lib/python3.11/logging/__init__.py", line 451, in format
    raise ValueError('Formatting field not found in record: %s' % e)
ValueError: Formatting field not found in record: 'request_id'
Call stack:
  File "/usr/local/lib/python3.11/threading.py", line 1002, in _bootstrap
    self._bootstrap_inner()
  File "/usr/local/lib/python3.11/threading.py", line 1045, in _bootstrap_inner
    self.run()
  File "/usr/local/lib/python3.11/threading.py", line 982, in run
    self._target(*self._args, **self._kwargs)
  File "/usr/local/lib/python3.11/socketserver.py", line 691, in process_request_thread
    self.finish_request(request, client_address)
  File "/usr/local/lib/python3.11/socketserver.py", line 361, in finish_request
    self.RequestHandlerClass(request, client_address, self)
  File "/usr/local/lib/python3.11/socketserver.py", line 755, in __init__
    self.handle()
  File "/usr/local/lib/python3.11/site-packages/werkzeug/serving.py", line 399, in handle
    super().handle()
  File "/usr/local/lib/python3.11/http/server.py", line 440, in handle
    self.handle_one_request()
  File "/usr/local/lib/python3.11/http/server.py", line 428, in handle_one_request
    method()
  File "/usr/local/lib/python3.11/site-packages/werkzeug/serving.py", line 371, in run_wsgi
    execute(self.server.app)
  File "/usr/local/lib/python3.11/site-packages/werkzeug/serving.py", line 335, in execute
    write(data)
  File "/usr/local/lib/python3.11/site-packages/werkzeug/serving.py", line 272, in write
    self.send_response(code, msg)
  File "/usr/local/lib/python3.11/http/server.py", line 505, in send_response
    self.log_request(code)
  File "/usr/local/lib/python3.11/site-packages/werkzeug/serving.py", line 468, in log_request
    self.log("info", '"%s" %s %s', msg, code, size)
  File "/usr/local/lib/python3.11/site-packages/werkzeug/serving.py", line 479, in log
    _log(
  File "/usr/local/lib/python3.11/site-packages/werkzeug/_internal.py", line 97, in _log
    getattr(_logger, type)(message.rstrip(), *args, **kwargs)
Message: '127.0.0.1 - - [25/Sep/2026 08:23:46] "%s" %s %s'
Arguments: ('GET /health HTTP/1.1', '200', '-')
--- Logging error ---
Traceback (most recent call last):
  File "/usr/local/lib/python3.11/logging/__init__.py", line 449, in format
    return self._format(record)
           ^^^^^^^^^^^^^^^^^^^^
  File "/usr/local/lib/python3.11/logging/__init__.py", line 445, in _format
    return self._fmt % values
           ~~~~~~~~~~^~~~~~~~
KeyError: 'request_id'

During handling of the above exception, another exception occurred:

Traceback (most recent call last):
  File "/usr/local/lib/python3.11/logging/__init__.py", line 1110, in emit
    msg = self.format(record)
          ^^^^^^^^^^^^^^^^^^^
  File "/usr/local/lib/python3.11/logging/__init__.py", line 953, in format
    return fmt.format(record)
           ^^^^^^^^^^^^^^^^^^
  File "/usr/local/lib/python3.11/logging/__init__.py", line 690, in format
    s = self.formatMessage(record)
        ^^^^^^^^^^^^^^^^^^^^^^^^^^
  File "/usr/local/lib/python3.11/logging/__init__.py", line 659, in formatMessage
    return self._style.format(record)
           ^^^^^^^^^^^^^^^^^^^^^^^^^^
  File "/usr/local/lib/python3.11/logging/__init__.py", line 451, in format
    raise ValueError('Formatting field not found in record: %s' % e)
ValueError: Formatting field not found in record: 'request_id'
Call stack:
  File "/usr/local/lib/python3.11/threading.py", line 1002, in _bootstrap
    self._bootstrap_inner()
  File "/usr/local/lib/python3.11/threading.py", line 1045, in _bootstrap_inner
    self.run()
  File "/usr/local/lib/python3.11/threading.py", line 982, in run
    self._target(*self._args, **self._kwargs)
  File "/usr/local/lib/python3.11/socketserver.py", line 691, in process_request_thread
    self.finish_request(request, client_address)
  File "/usr/local/lib/python3.11/socketserver.py", line 361, in finish_request
    self.RequestHandlerClass(request, client_address, self)
  File "/usr/local/lib/python3.11/socketserver.py", line 755, in __init__
    self.handle()
  File "/usr/local/lib/python3.11/site-packages/werkzeug/serving.py", line 399, in handle
    super().handle()
  File "/usr/local/lib/python3.11/http/server.py", line 440, in handle
    self.handle_one_request()
  File "/usr/local/lib/python3.11/http/server.py", line 428, in handle_one_request
    method()
  File "/usr/local/lib/python3.11/site-packages/werkzeug/serving.py", line 371, in run_wsgi
    execute(self.server.app)
  File "/usr/local/lib/python3.11/site-packages/werkzeug/serving.py", line 335, in execute
    write(data)
  File "/usr/local/lib/python3.11/site-packages/werkzeug/serving.py", line 272, in write
    self.send_response(code, msg)
  File "/usr/local/lib/python3.11/http/server.py", line 505, in send_response
    self.log_request(code)
  File "/usr/local/lib/python3.11/site-packages/werkzeug/serving.py", line 468, in log_request
    self.log("info", '"%s" %s %s', msg, code, size)
  File "/usr/local/lib/python3.11/site-packages/werkzeug/serving.py", line 479, in log
    _log(
  File "/usr/local/lib/python3.11/site-packages/werkzeug/_internal.py", line 97, in _log
    getattr(_logger, type)(message.rstrip(), *args, **kwargs)
Message: '127.0.0.1 - - [25/Sep/2026 08:23:56] "%s" %s %s'
Arguments: ('GET /health HTTP/1.1', '200', '-')
--- Logging error ---
Traceback (most recent call last):
  File "/usr/local/lib/python3.11/logging/__init__.py", line 449, in format
    return self._format(record)
           ^^^^^^^^^^^^^^^^^^^^
  File "/usr/local/lib/python3.11/logging/__init__.py", line 445, in _format
    return self._fmt % values
           ~~~~~~~~~~^~~~~~~~
KeyError: 'request_id'

During handling of the above exception, another exception occurred:

Traceback (most recent call last):
  File "/usr/local/lib/python3.11/logging/__init__.py", line 1110, in emit
    msg = self.format(record)
          ^^^^^^^^^^^^^^^^^^^
  File "/usr/local/lib/python3.11/logging/__init__.py", line 953, in format
    return fmt.format(record)
           ^^^^^^^^^^^^^^^^^^
  File "/usr/local/lib/python3.11/logging/__init__.py", line 690, in format
    s = self.formatMessage(record)
        ^^^^^^^^^^^^^^^^^^^^^^^^^^
  File "/usr/local/lib/python3.11/logging/__init__.py", line 659, in formatMessage
    return self._style.format(record)
           ^^^^^^^^^^^^^^^^^^^^^^^^^^
  File "/usr/local/lib/python3.11/logging/__init__.py", line 451, in format
    raise ValueError('Formatting field not found in record: %s' % e)
ValueError: Formatting field not found in record: 'request_id'
Call stack:
  File "/usr/local/lib/python3.11/threading.py", line 1002, in _bootstrap
    self._bootstrap_inner()
  File "/usr/local/lib/python3.11/threading.py", line 1045, in _bootstrap_inner
    self.run()
  File "/usr/local/lib/python3.11/threading.py", line 982, in run
    self._target(*self._args, **self._kwargs)
  File "/usr/local/lib/python3.11/socketserver.py", line 691, in process_request_thread
    self.finish_request(request, client_address)
  File "/usr/local/lib/python3.11/socketserver.py", line 361, in finish_request
    self.RequestHandlerClass(request, client_address, self)
  File "/usr/local/lib/python3.11/socketserver.py", line 755, in __init__
    self.handle()
  File "/usr/local/lib/python3.11/site-packages/werkzeug/serving.py", line 399, in handle
    super().handle()
  File "/usr/local/lib/python3.11/http/server.py", line 440, in handle
    self.handle_one_request()
  File "/usr/local/lib/python3.11/http/server.py", line 428, in handle_one_request
    method()
  File "/usr/local/lib/python3.11/site-packages/werkzeug/serving.py", line 371, in run_wsgi
    execute(self.server.app)
  File "/usr/local/lib/python3.11/site-packages/werkzeug/serving.py", line 335, in execute
    write(data)
  File "/usr/local/lib/python3.11/site-packages/werkzeug/serving.py", line 272, in write
    self.send_response(code, msg)
  File "/usr/local/lib/python3.11/http/server.py", line 505, in send_response
    self.log_request(code)
  File "/usr/local/lib/python3.11/site-packages/werkzeug/serving.py", line 468, in log_request
    self.log("info", '"%s" %s %s', msg, code, size)
  File "/usr/local/lib/python3.11/site-packages/werkzeug/serving.py", line 479, in log
    _log(
  File "/usr/local/lib/python3.11/site-packages/werkzeug/_internal.py", line 97, in _log
    getattr(_logger, type)(message.rstrip(), *args, **kwargs)
Message: '127.0.0.1 - - [25/Sep/2026 08:24:06] "%s" %s %s'
Arguments: ('GET /health HTTP/1.1', '200', '-')
--- Logging error ---
Traceback (most recent call last):
  File "/usr/local/lib/python3.11/logging/__init__.py", line 449, in format
    return self._format(record)
           ^^^^^^^^^^^^^^^^^^^^
  File "/usr/local/lib/python3.11/logging/__init__.py", line 445, in _format
    return self._fmt % values
           ~~~~~~~~~~^~~~~~~~
KeyError: 'request_id'

During handling of the above exception, another exception occurred:

Traceback (most recent call last):
  File "/usr/local/lib/python3.11/logging/__init__.py", line 1110, in emit
    msg = self.format(record)
          ^^^^^^^^^^^^^^^^^^^
  File "/usr/local/lib/python3.11/logging/__init__.py", line 953, in format
    return fmt.format(record)
           ^^^^^^^^^^^^^^^^^^
  File "/usr/local/lib/python3.11/logging/__init__.py", line 690, in format
    s = self.formatMessage(record)
        ^^^^^^^^^^^^^^^^^^^^^^^^^^
  File "/usr/local/lib/python3.11/logging/__init__.py", line 659, in formatMessage
    return self._style.format(record)
           ^^^^^^^^^^^^^^^^^^^^^^^^^^
  File "/usr/local/lib/python3.11/logging/__init__.py", line 451, in format
    raise ValueError('Formatting field not found in record: %s' % e)
ValueError: Formatting field not found in record: 'request_id'
Call stack:
  File "/usr/local/lib/python3.11/threading.py", line 1002, in _bootstrap
    self._bootstrap_inner()
  File "/usr/local/lib/python3.11/threading.py", line 1045, in _bootstrap_inner
    self.run()
  File "/usr/local/lib/python3.11/threading.py", line 982, in run
    self._target(*self._args, **self._kwargs)
  File "/usr/local/lib/python3.11/socketserver.py", line 691, in process_request_thread
    self.finish_request(request, client_address)
  File "/usr/local/lib/python3.11/socketserver.py", line 361, in finish_request
    self.RequestHandlerClass(request, client_address, self)
  File "/usr/local/lib/python3.11/socketserver.py", line 755, in __init__
    self.handle()
  File "/usr/local/lib/python3.11/site-packages/werkzeug/serving.py", line 399, in handle
    super().handle()
  File "/usr/local/lib/python3.11/http/server.py", line 440, in handle
    self.handle_one_request()
  File "/usr/local/lib/python3.11/http/server.py", line 428, in handle_one_request
    method()
  File "/usr/local/lib/python3.11/site-packages/werkzeug/serving.py", line 371, in run_wsgi
    execute(self.server.app)
  File "/usr/local/lib/python3.11/site-packages/werkzeug/serving.py", line 335, in execute
    write(data)
  File "/usr/local/lib/python3.11/site-packages/werkzeug/serving.py", line 272, in write
    self.send_response(code, msg)
  File "/usr/local/lib/python3.11/http/server.py", line 505, in send_response
    self.log_request(code)
  File "/usr/local/lib/python3.11/site-packages/werkzeug/serving.py", line 468, in log_request
    self.log("info", '"%s" %s %s', msg, code, size)
  File "/usr/local/lib/python3.11/site-packages/werkzeug/serving.py", line 479, in log
    _log(
  File "/usr/local/lib/python3.11/site-packages/werkzeug/_internal.py", line 97, in _log
    getattr(_logger, type)(message.rstrip(), *args, **kwargs)
Message: '127.0.0.1 - - [25/Sep/2026 08:24:16] "%s" %s %s'
Arguments: ('GET /health HTTP/1.1', '200', '-')
--- Logging error ---
Traceback (most recent call last):
  File "/usr/local/lib/python3.11/logging/__init__.py", line 449, in format
    return self._format(record)
           ^^^^^^^^^^^^^^^^^^^^
  File "/usr/local/lib/python3.11/logging/__init__.py", line 445, in _format
    return self._fmt % values
           ~~~~~~~~~~^~~~~~~~
KeyError: 'request_id'

During handling of the above exception, another exception occurred:

Traceback (most recent call last):
  File "/usr/local/lib/python3.11/logging/__init__.py", line 1110, in emit
    msg = self.format(record)
          ^^^^^^^^^^^^^^^^^^^
  File "/usr/local/lib/python3.11/logging/__init__.py", line 953, in format
    return fmt.format(record)
           ^^^^^^^^^^^^^^^^^^
  File "/usr/local/lib/python3.11/logging/__init__.py", line 690, in format
    s = self.formatMessage(record)
        ^^^^^^^^^^^^^^^^^^^^^^^^^^
  File "/usr/local/lib/python3.11/logging/__init__.py", line 659, in formatMessage
    return self._style.format(record)
           ^^^^^^^^^^^^^^^^^^^^^^^^^^
  File "/usr/local/lib/python3.11/logging/__init__.py", line 451, in format
    raise ValueError('Formatting field not found in record: %s' % e)
ValueError: Formatting field not found in record: 'request_id'
Call stack:
  File "/usr/local/lib/python3.11/threading.py", line 1002, in _bootstrap
    self._bootstrap_inner()
  File "/usr/local/lib/python3.11/threading.py", line 1045, in _bootstrap_inner
    self.run()
  File "/usr/local/lib/python3.11/threading.py", line 982, in run
    self._target(*self._args, **self._kwargs)
  File "/usr/local/lib/python3.11/socketserver.py", line 691, in process_request_thread
    self.finish_request(request, client_address)
  File "/usr/local/lib/python3.11/socketserver.py", line 361, in finish_request
    self.RequestHandlerClass(request, client_address, self)
  File "/usr/local/lib/python3.11/socketserver.py", line 755, in __init__
    self.handle()
  File "/usr/local/lib/python3.11/site-packages/werkzeug/serving.py", line 399, in handle
    super().handle()
  File "/usr/local/lib/python3.11/http/server.py", line 440, in handle
    self.handle_one_request()
  File "/usr/local/lib/python3.11/http/server.py", line 428, in handle_one_request
    method()
  File "/usr/local/lib/python3.11/site-packages/werkzeug/serving.py", line 371, in run_wsgi
    execute(self.server.app)
  File "/usr/local/lib/python3.11/site-packages/werkzeug/serving.py", line 335, in execute
    write(data)
  File "/usr/local/lib/python3.11/site-packages/werkzeug/serving.py", line 272, in write
    self.send_response(code, msg)
  File "/usr/local/lib/python3.11/http/server.py", line 505, in send_response
    self.log_request(code)
  File "/usr/local/lib/python3.11/site-packages/werkzeug/serving.py", line 468, in log_request
    self.log("info", '"%s" %s %s', msg, code, size)
  File "/usr/local/lib/python3.11/site-packages/werkzeug/serving.py", line 479, in log
    _log(
  File "/usr/local/lib/python3.11/site-packages/werkzeug/_internal.py", line 97, in _log
    getattr(_logger, type)(message.rstrip(), *args, **kwargs)
Message: '127.0.0.1 - - [25/Sep/2026 08:24:26] "%s" %s %s'
Arguments: ('GET /health HTTP/1.1', '200', '-')
--- Logging error ---
Traceback (most recent call last):
  File "/usr/local/lib/python3.11/logging/__init__.py", line 449, in format
    return self._format(record)
           ^^^^^^^^^^^^^^^^^^^^
  File "/usr/local/lib/python3.11/logging/__init__.py", line 445, in _format
    return self._fmt % values
           ~~~~~~~~~~^~~~~~~~
KeyError: 'request_id'

During handling of the above exception, another exception occurred:

Traceback (most recent call last):
  File "/usr/local/lib/python3.11/logging/__init__.py", line 1110, in emit
    msg = self.format(record)
          ^^^^^^^^^^^^^^^^^^^
  File "/usr/local/lib/python3.11/logging/__init__.py", line 953, in format
    return fmt.format(record)
           ^^^^^^^^^^^^^^^^^^
  File "/usr/local/lib/python3.11/logging/__init__.py", line 690, in format
    s = self.formatMessage(record)
        ^^^^^^^^^^^^^^^^^^^^^^^^^^
  File "/usr/local/lib/python3.11/logging/__init__.py", line 659, in formatMessage
    return self._style.format(record)
           ^^^^^^^^^^^^^^^^^^^^^^^^^^
  File "/usr/local/lib/python3.11/logging/__init__.py", line 451, in format
    raise ValueError('Formatting field not found in record: %s' % e)
ValueError: Formatting field not found in record: 'request_id'
Call stack:
  File "/usr/local/lib/python3.11/threading.py", line 1002, in _bootstrap
    self._bootstrap_inner()
  File "/usr/local/lib/python3.11/threading.py", line 1045, in _bootstrap_inner
    self.run()
  File "/usr/local/lib/python3.11/threading.py", line 982, in run
    self._target(*self._args, **self._kwargs)
  File "/usr/local/lib/python3.11/socketserver.py", line 691, in process_request_thread
    self.finish_request(request, client_address)
  File "/usr/local/lib/python3.11/socketserver.py", line 361, in finish_request
    self.RequestHandlerClass(request, client_address, self)
  File "/usr/local/lib/python3.11/socketserver.py", line 755, in __init__
    self.handle()
  File "/usr/local/lib/python3.11/site-packages/werkzeug/serving.py", line 399, in handle
    super().handle()
  File "/usr/local/lib/python3.11/http/server.py", line 440, in handle
    self.handle_one_request()
  File "/usr/local/lib/python3.11/http/server.py", line 428, in handle_one_request
    method()
  File "/usr/local/lib/python3.11/site-packages/werkzeug/serving.py", line 371, in run_wsgi
    execute(self.server.app)
  File "/usr/local/lib/python3.11/site-packages/werkzeug/serving.py", line 335, in execute
    write(data)
  File "/usr/local/lib/python3.11/site-packages/werkzeug/serving.py", line 272, in write
    self.send_response(code, msg)
  File "/usr/local/lib/python3.11/http/server.py", line 505, in send_response
    self.log_request(code)
  File "/usr/local/lib/python3.11/site-packages/werkzeug/serving.py", line 468, in log_request
    self.log("info", '"%s" %s %s', msg, code, size)
  File "/usr/local/lib/python3.11/site-packages/werkzeug/serving.py", line 479, in log
    _log(
  File "/usr/local/lib/python3.11/site-packages/werkzeug/_internal.py", line 97, in _log
    getattr(_logger, type)(message.rstrip(), *args, **kwargs)
Message: '127.0.0.1 - - [25/Sep/2026 08:24:36] "%s" %s %s'
Arguments: ('GET /health HTTP/1.1', '200', '-')
--- Logging error ---
Traceback (most recent call last):
  File "/usr/local/lib/python3.11/logging/__init__.py", line 449, in format
    return self._format(record)
           ^^^^^^^^^^^^^^^^^^^^
  File "/usr/local/lib/python3.11/logging/__init__.py", line 445, in _format
    return self._fmt % values
           ~~~~~~~~~~^~~~~~~~
KeyError: 'request_id'

During handling of the above exception, another exception occurred:

Traceback (most recent call last):
  File "/usr/local/lib/python3.11/logging/__init__.py", line 1110, in emit
    msg = self.format(record)
          ^^^^^^^^^^^^^^^^^^^
  File "/usr/local/lib/python3.11/logging/__init__.py", line 953, in format
    return fmt.format(record)
           ^^^^^^^^^^^^^^^^^^
  File "/usr/local/lib/python3.11/logging/__init__.py", line 690, in format
    s = self.formatMessage(record)
        ^^^^^^^^^^^^^^^^^^^^^^^^^^
  File "/usr/local/lib/python3.11/logging/__init__.py", line 659, in formatMessage
    return self._style.format(record)
           ^^^^^^^^^^^^^^^^^^^^^^^^^^
  File "/usr/local/lib/python3.11/logging/__init__.py", line 451, in format
    raise ValueError('Formatting field not found in record: %s' % e)
ValueError: Formatting field not found in record: 'request_id'
Call stack:
  File "/usr/local/lib/python3.11/threading.py", line 1002, in _bootstrap
    self._bootstrap_inner()
  File "/usr/local/lib/python3.11/threading.py", line 1045, in _bootstrap_inner
    self.run()
  File "/usr/local/lib/python3.11/threading.py", line 982, in run
    self._target(*self._args, **self._kwargs)
  File "/usr/local/lib/python3.11/socketserver.py", line 691, in process_request_thread
    self.finish_request(request, client_address)
  File "/usr/local/lib/python3.11/socketserver.py", line 361, in finish_request
    self.RequestHandlerClass(request, client_address, self)
  File "/usr/local/lib/python3.11/socketserver.py", line 755, in __init__
    self.handle()
  File "/usr/local/lib/python3.11/site-packages/werkzeug/serving.py", line 399, in handle
    super().handle()
  File "/usr/local/lib/python3.11/http/server.py", line 440, in handle
    self.handle_one_request()
  File "/usr/local/lib/python3.11/http/server.py", line 428, in handle_one_request
    method()
  File "/usr/local/lib/python3.11/site-packages/werkzeug/serving.py", line 371, in run_wsgi
    execute(self.server.app)
  File "/usr/local/lib/python3.11/site-packages/werkzeug/serving.py", line 335, in execute
    write(data)
  File "/usr/local/lib/python3.11/site-packages/werkzeug/serving.py", line 272, in write
    self.send_response(code, msg)
  File "/usr/local/lib/python3.11/http/server.py", line 505, in send_response
    self.log_request(code)
  File "/usr/local/lib/python3.11/site-packages/werkzeug/serving.py", line 468, in log_request
    self.log("info", '"%s" %s %s', msg, code, size)
  File "/usr/local/lib/python3.11/site-packages/werkzeug/serving.py", line 479, in log
    _log(
  File "/usr/local/lib/python3.11/site-packages/werkzeug/_internal.py", line 97, in _log
    getattr(_logger, type)(message.rstrip(), *args, **kwargs)
Message: '127.0.0.1 - - [25/Sep/2026 08:24:46] "%s" %s %s'
Arguments: ('GET /health HTTP/1.1', '200', '-')
--- Logging error ---
Traceback (most recent call last):
  File "/usr/local/lib/python3.11/logging/__init__.py", line 449, in format
    return self._format(record)
           ^^^^^^^^^^^^^^^^^^^^
  File "/usr/local/lib/python3.11/logging/__init__.py", line 445, in _format
    return self._fmt % values
           ~~~~~~~~~~^~~~~~~~
KeyError: 'request_id'

During handling of the above exception, another exception occurred:

Traceback (most recent call last):
  File "/usr/local/lib/python3.11/logging/__init__.py", line 1110, in emit
    msg = self.format(record)
          ^^^^^^^^^^^^^^^^^^^
  File "/usr/local/lib/python3.11/logging/__init__.py", line 953, in format
    return fmt.format(record)
           ^^^^^^^^^^^^^^^^^^
  File "/usr/local/lib/python3.11/logging/__init__.py", line 690, in format
    s = self.formatMessage(record)
        ^^^^^^^^^^^^^^^^^^^^^^^^^^
  File "/usr/local/lib/python3.11/logging/__init__.py", line 659, in formatMessage
    return self._style.format(record)
           ^^^^^^^^^^^^^^^^^^^^^^^^^^
  File "/usr/local/lib/python3.11/logging/__init__.py", line 451, in format
    raise ValueError('Formatting field not found in record: %s' % e)
ValueError: Formatting field not found in record: 'request_id'
Call stack:
  File "/usr/local/lib/python3.11/threading.py", line 1002, in _bootstrap
    self._bootstrap_inner()
  File "/usr/local/lib/python3.11/threading.py", line 1045, in _bootstrap_inner
    self.run()
  File "/usr/local/lib/python3.11/threading.py", line 982, in run
    self._target(*self._args, **self._kwargs)
  File "/usr/local/lib/python3.11/socketserver.py", line 691, in process_request_thread
    self.finish_request(request, client_address)
  File "/usr/local/lib/python3.11/socketserver.py", line 361, in finish_request
    self.RequestHandlerClass(request, client_address, self)
  File "/usr/local/lib/python3.11/socketserver.py", line 755, in __init__
    self.handle()
  File "/usr/local/lib/python3.11/site-packages/werkzeug/serving.py", line 399, in handle
    super().handle()
  File "/usr/local/lib/python3.11/http/server.py", line 440, in handle
    self.handle_one_request()
  File "/usr/local/lib/python3.11/http/server.py", line 428, in handle_one_request
    method()
  File "/usr/local/lib/python3.11/site-packages/werkzeug/serving.py", line 371, in run_wsgi
    execute(self.server.app)
  File "/usr/local/lib/python3.11/site-packages/werkzeug/serving.py", line 335, in execute
    write(data)
  File "/usr/local/lib/python3.11/site-packages/werkzeug/serving.py", line 272, in write
    self.send_response(code, msg)
  File "/usr/local/lib/python3.11/http/server.py", line 505, in send_response
    self.log_request(code)
  File "/usr/local/lib/python3.11/site-packages/werkzeug/serving.py", line 468, in log_request
    self.log("info", '"%s" %s %s', msg, code, size)
  File "/usr/local/lib/python3.11/site-packages/werkzeug/serving.py", line 479, in log
    _log(
  File "/usr/local/lib/python3.11/site-packages/werkzeug/_internal.py", line 97, in _log
    getattr(_logger, type)(message.rstrip(), *args, **kwargs)
Message: '127.0.0.1 - - [25/Sep/2026 08:24:56] "%s" %s %s'
Arguments: ('GET /health HTTP/1.1', '200', '-')
--- Logging error ---
Traceback (most recent call last):
  File "/usr/local/lib/python3.11/logging/__init__.py", line 449, in format
    return self._format(record)
           ^^^^^^^^^^^^^^^^^^^^
  File "/usr/local/lib/python3.11/logging/__init__.py", line 445, in _format
    return self._fmt % values
           ~~~~~~~~~~^~~~~~~~
KeyError: 'request_id'

During handling of the above exception, another exception occurred:

Traceback (most recent call last):
  File "/usr/local/lib/python3.11/logging/__init__.py", line 1110, in emit
    msg = self.format(record)
          ^^^^^^^^^^^^^^^^^^^
  File "/usr/local/lib/python3.11/logging/__init__.py", line 953, in format
    return fmt.format(record)
           ^^^^^^^^^^^^^^^^^^
  File "/usr/local/lib/python3.11/logging/__init__.py", line 690, in format
    s = self.formatMessage(record)
        ^^^^^^^^^^^^^^^^^^^^^^^^^^
  File "/usr/local/lib/python3.11/logging/__init__.py", line 659, in formatMessage
    return self._style.format(record)
           ^^^^^^^^^^^^^^^^^^^^^^^^^^
  File "/usr/local/lib/python3.11/logging/__init__.py", line 451, in format
    raise ValueError('Formatting field not found in record: %s' % e)
ValueError: Formatting field not found in record: 'request_id'
Call stack:
  File "/usr/local/lib/python3.11/threading.py", line 1002, in _bootstrap
    self._bootstrap_inner()
  File "/usr/local/lib/python3.11/threading.py", line 1045, in _bootstrap_inner
    self.run()
  File "/usr/local/lib/python3.11/threading.py", line 982, in run
    self._target(*self._args, **self._kwargs)
  File "/usr/local/lib/python3.11/socketserver.py", line 691, in process_request_thread
    self.finish_request(request, client_address)
  File "/usr/local/lib/python3.11/socketserver.py", line 361, in finish_request
    self.RequestHandlerClass(request, client_address, self)
  File "/usr/local/lib/python3.11/socketserver.py", line 755, in __init__
    self.handle()
  File "/usr/local/lib/python3.11/site-packages/werkzeug/serving.py", line 399, in handle
    super().handle()
  File "/usr/local/lib/python3.11/http/server.py", line 440, in handle
    self.handle_one_request()
  File "/usr/local/lib/python3.11/http/server.py", line 428, in handle_one_request
    method()
  File "/usr/local/lib/python3.11/site-packages/werkzeug/serving.py", line 371, in run_wsgi
    execute(self.server.app)
  File "/usr/local/lib/python3.11/site-packages/werkzeug/serving.py", line 335, in execute
    write(data)
  File "/usr/local/lib/python3.11/site-packages/werkzeug/serving.py", line 272, in write
    self.send_response(code, msg)
  File "/usr/local/lib/python3.11/http/server.py", line 505, in send_response
    self.log_request(code)
  File "/usr/local/lib/python3.11/site-packages/werkzeug/serving.py", line 468, in log_request
    self.log("info", '"%s" %s %s', msg, code, size)
  File "/usr/local/lib/python3.11/site-packages/werkzeug/serving.py", line 479, in log
    _log(
  File "/usr/local/lib/python3.11/site-packages/werkzeug/_internal.py", line 97, in _log
    getattr(_logger, type)(message.rstrip(), *args, **kwargs)
Message: '127.0.0.1 - - [25/Sep/2026 08:25:06] "%s" %s %s'
Arguments: ('GET /health HTTP/1.1', '200', '-')
--- Logging error ---
Traceback (most recent call last):
  File "/usr/local/lib/python3.11/logging/__init__.py", line 449, in format
    return self._format(record)
           ^^^^^^^^^^^^^^^^^^^^
  File "/usr/local/lib/python3.11/logging/__init__.py", line 445, in _format
    return self._fmt % values
           ~~~~~~~~~~^~~~~~~~
KeyError: 'request_id'

During handling of the above exception, another exception occurred:

Traceback (most recent call last):
  File "/usr/local/lib/python3.11/logging/__init__.py", line 1110, in emit
    msg = self.format(record)
          ^^^^^^^^^^^^^^^^^^^
  File "/usr/local/lib/python3.11/logging/__init__.py", line 953, in format
    return fmt.format(record)
           ^^^^^^^^^^^^^^^^^^
  File "/usr/local/lib/python3.11/logging/__init__.py", line 690, in format
    s = self.formatMessage(record)
        ^^^^^^^^^^^^^^^^^^^^^^^^^^
  File "/usr/local/lib/python3.11/logging/__init__.py", line 659, in formatMessage
    return self._style.format(record)
           ^^^^^^^^^^^^^^^^^^^^^^^^^^
  File "/usr/local/lib/python3.11/logging/__init__.py", line 451, in format
    raise ValueError('Formatting field not found in record: %s' % e)
ValueError: Formatting field not found in record: 'request_id'
Call stack:
  File "/usr/local/lib/python3.11/threading.py", line 1002, in _bootstrap
    self._bootstrap_inner()
  File "/usr/local/lib/python3.11/threading.py", line 1045, in _bootstrap_inner
    self.run()
  File "/usr/local/lib/python3.11/threading.py", line 982, in run
    self._target(*self._args, **self._kwargs)
  File "/usr/local/lib/python3.11/socketserver.py", line 691, in process_request_thread
    self.finish_request(request, client_address)
  File "/usr/local/lib/python3.11/socketserver.py", line 361, in finish_request
    self.RequestHandlerClass(request, client_address, self)
  File "/usr/local/lib/python3.11/socketserver.py", line 755, in __init__
    self.handle()
  File "/usr/local/lib/python3.11/site-packages/werkzeug/serving.py", line 399, in handle
    super().handle()
  File "/usr/local/lib/python3.11/http/server.py", line 440, in handle
    self.handle_one_request()
  File "/usr/local/lib/python3.11/http/server.py", line 428, in handle_one_request
    method()
  File "/usr/local/lib/python3.11/site-packages/werkzeug/serving.py", line 371, in run_wsgi
    execute(self.server.app)
  File "/usr/local/lib/python3.11/site-packages/werkzeug/serving.py", line 335, in execute
    write(data)
  File "/usr/local/lib/python3.11/site-packages/werkzeug/serving.py", line 272, in write
    self.send_response(code, msg)
  File "/usr/local/lib/python3.11/http/server.py", line 505, in send_response
    self.log_request(code)
  File "/usr/local/lib/python3.11/site-packages/werkzeug/serving.py", line 468, in log_request
    self.log("info", '"%s" %s %s', msg, code, size)
  File "/usr/local/lib/python3.11/site-packages/werkzeug/serving.py", line 479, in log
    _log(
  File "/usr/local/lib/python3.11/site-packages/werkzeug/_internal.py", line 97, in _log
    getattr(_logger, type)(message.rstrip(), *args, **kwargs)
Message: '127.0.0.1 - - [25/Sep/2026 08:25:16] "%s" %s %s'
Arguments: ('GET /health HTTP/1.1', '200', '-')
--- Logging error ---
Traceback (most recent call last):
  File "/usr/local/lib/python3.11/logging/__init__.py", line 449, in format
    return self._format(record)
           ^^^^^^^^^^^^^^^^^^^^
  File "/usr/local/lib/python3.11/logging/__init__.py", line 445, in _format
    return self._fmt % values
           ~~~~~~~~~~^~~~~~~~
KeyError: 'request_id'

During handling of the above exception, another exception occurred:

Traceback (most recent call last):
  File "/usr/local/lib/python3.11/logging/__init__.py", line 1110, in emit
    msg = self.format(record)
          ^^^^^^^^^^^^^^^^^^^
  File "/usr/local/lib/python3.11/logging/__init__.py", line 953, in format
    return fmt.format(record)
           ^^^^^^^^^^^^^^^^^^
  File "/usr/local/lib/python3.11/logging/__init__.py", line 690, in format
    s = self.formatMessage(record)
        ^^^^^^^^^^^^^^^^^^^^^^^^^^
  File "/usr/local/lib/python3.11/logging/__init__.py", line 659, in formatMessage
    return self._style.format(record)
           ^^^^^^^^^^^^^^^^^^^^^^^^^^
  File "/usr/local/lib/python3.11/logging/__init__.py", line 451, in format
    raise ValueError('Formatting field not found in record: %s' % e)
ValueError: Formatting field not found in record: 'request_id'
Call stack:
  File "/usr/local/lib/python3.11/threading.py", line 1002, in _bootstrap
    self._bootstrap_inner()
  File "/usr/local/lib/python3.11/threading.py", line 1045, in _bootstrap_inner
    self.run()
  File "/usr/local/lib/python3.11/threading.py", line 982, in run
    self._target(*self._args, **self._kwargs)
  File "/usr/local/lib/python3.11/socketserver.py", line 691, in process_request_thread
    self.finish_request(request, client_address)
  File "/usr/local/lib/python3.11/socketserver.py", line 361, in finish_request
    self.RequestHandlerClass(request, client_address, self)
  File "/usr/local/lib/python3.11/socketserver.py", line 755, in __init__
    self.handle()
  File "/usr/local/lib/python3.11/site-packages/werkzeug/serving.py", line 399, in handle
    super().handle()
  File "/usr/local/lib/python3.11/http/server.py", line 440, in handle
    self.handle_one_request()
  File "/usr/local/lib/python3.11/http/server.py", line 428, in handle_one_request
    method()
  File "/usr/local/lib/python3.11/site-packages/werkzeug/serving.py", line 371, in run_wsgi
    execute(self.server.app)
  File "/usr/local/lib/python3.11/site-packages/werkzeug/serving.py", line 335, in execute
    write(data)
  File "/usr/local/lib/python3.11/site-packages/werkzeug/serving.py", line 272, in write
    self.send_response(code, msg)
  File "/usr/local/lib/python3.11/http/server.py", line 505, in send_response
    self.log_request(code)
  File "/usr/local/lib/python3.11/site-packages/werkzeug/serving.py", line 468, in log_request
    self.log("info", '"%s" %s %s', msg, code, size)
  File "/usr/local/lib/python3.11/site-packages/werkzeug/serving.py", line 479, in log
    _log(
  File "/usr/local/lib/python3.11/site-packages/werkzeug/_internal.py", line 97, in _log
    getattr(_logger, type)(message.rstrip(), *args, **kwargs)
Message: '127.0.0.1 - - [25/Sep/2026 08:25:27] "%s" %s %s'
Arguments: ('GET /health HTTP/1.1', '200', '-')
--- Logging error ---
Traceback (most recent call last):
  File "/usr/local/lib/python3.11/logging/__init__.py", line 449, in format
    return self._format(record)
           ^^^^^^^^^^^^^^^^^^^^
  File "/usr/local/lib/python3.11/logging/__init__.py", line 445, in _format
    return self._fmt % values
           ~~~~~~~~~~^~~~~~~~
KeyError: 'request_id'

During handling of the above exception, another exception occurred:

Traceback (most recent call last):
  File "/usr/local/lib/python3.11/logging/__init__.py", line 1110, in emit
    msg = self.format(record)
          ^^^^^^^^^^^^^^^^^^^
  File "/usr/local/lib/python3.11/logging/__init__.py", line 953, in format
    return fmt.format(record)
           ^^^^^^^^^^^^^^^^^^
  File "/usr/local/lib/python3.11/logging/__init__.py", line 690, in format
    s = self.formatMessage(record)
        ^^^^^^^^^^^^^^^^^^^^^^^^^^
  File "/usr/local/lib/python3.11/logging/__init__.py", line 659, in formatMessage
    return self._style.format(record)
           ^^^^^^^^^^^^^^^^^^^^^^^^^^
  File "/usr/local/lib/python3.11/logging/__init__.py", line 451, in format
    raise ValueError('Formatting field not found in record: %s' % e)
ValueError: Formatting field not found in record: 'request_id'
Call stack:
  File "/usr/local/lib/python3.11/threading.py", line 1002, in _bootstrap
    self._bootstrap_inner()
  File "/usr/local/lib/python3.11/threading.py", line 1045, in _bootstrap_inner
    self.run()
  File "/usr/local/lib/python3.11/threading.py", line 982, in run
    self._target(*self._args, **self._kwargs)
  File "/usr/local/lib/python3.11/socketserver.py", line 691, in process_request_thread
    self.finish_request(request, client_address)
  File "/usr/local/lib/python3.11/socketserver.py", line 361, in finish_request
    self.RequestHandlerClass(request, client_address, self)
  File "/usr/local/lib/python3.11/socketserver.py", line 755, in __init__
    self.handle()
  File "/usr/local/lib/python3.11/site-packages/werkzeug/serving.py", line 399, in handle
    super().handle()
  File "/usr/local/lib/python3.11/http/server.py", line 440, in handle
    self.handle_one_request()
  File "/usr/local/lib/python3.11/http/server.py", line 428, in handle_one_request
    method()
  File "/usr/local/lib/python3.11/site-packages/werkzeug/serving.py", line 371, in run_wsgi
    execute(self.server.app)
  File "/usr/local/lib/python3.11/site-packages/werkzeug/serving.py", line 335, in execute
    write(data)
  File "/usr/local/lib/python3.11/site-packages/werkzeug/serving.py", line 272, in write
    self.send_response(code, msg)
  File "/usr/local/lib/python3.11/http/server.py", line 505, in send_response
    self.log_request(code)
  File "/usr/local/lib/python3.11/site-packages/werkzeug/serving.py", line 468, in log_request
    self.log("info", '"%s" %s %s', msg, code, size)
  File "/usr/local/lib/python3.11/site-packages/werkzeug/serving.py", line 479, in log
    _log(
  File "/usr/local/lib/python3.11/site-packages/werkzeug/_internal.py", line 97, in _log
    getattr(_logger, type)(message.rstrip(), *args, **kwargs)
Message: '127.0.0.1 - - [25/Sep/2026 08:25:37] "%s" %s %s'
Arguments: ('GET /health HTTP/1.1', '200', '-')
--- Logging error ---
Traceback (most recent call last):
  File "/usr/local/lib/python3.11/logging/__init__.py", line 449, in format
    return self._format(record)
           ^^^^^^^^^^^^^^^^^^^^
  File "/usr/local/lib/python3.11/logging/__init__.py", line 445, in _format
    return self._fmt % values
           ~~~~~~~~~~^~~~~~~~
KeyError: 'request_id'

During handling of the above exception, another exception occurred:

Traceback (most recent call last):
  File "/usr/local/lib/python3.11/logging/__init__.py", line 1110, in emit
    msg = self.format(record)
          ^^^^^^^^^^^^^^^^^^^
  File "/usr/local/lib/python3.11/logging/__init__.py", line 953, in format
    return fmt.format(record)
           ^^^^^^^^^^^^^^^^^^
  File "/usr/local/lib/python3.11/logging/__init__.py", line 690, in format
    s = self.formatMessage(record)
        ^^^^^^^^^^^^^^^^^^^^^^^^^^
  File "/usr/local/lib/python3.11/logging/__init__.py", line 659, in formatMessage
    return self._style.format(record)
           ^^^^^^^^^^^^^^^^^^^^^^^^^^
  File "/usr/local/lib/python3.11/logging/__init__.py", line 451, in format
    raise ValueError('Formatting field not found in record: %s' % e)
ValueError: Formatting field not found in record: 'request_id'
Call stack:
  File "/usr/local/lib/python3.11/threading.py", line 1002, in _bootstrap
    self._bootstrap_inner()
  File "/usr/local/lib/python3.11/threading.py", line 1045, in _bootstrap_inner
    self.run()
  File "/usr/local/lib/python3.11/threading.py", line 982, in run
    self._target(*self._args, **self._kwargs)
  File "/usr/local/lib/python3.11/socketserver.py", line 691, in process_request_thread
    self.finish_request(request, client_address)
  File "/usr/local/lib/python3.11/socketserver.py", line 361, in finish_request
    self.RequestHandlerClass(request, client_address, self)
  File "/usr/local/lib/python3.11/socketserver.py", line 755, in __init__
    self.handle()
  File "/usr/local/lib/python3.11/site-packages/werkzeug/serving.py", line 399, in handle
    super().handle()
  File "/usr/local/lib/python3.11/http/server.py", line 440, in handle
    self.handle_one_request()
  File "/usr/local/lib/python3.11/http/server.py", line 428, in handle_one_request
    method()
  File "/usr/local/lib/python3.11/site-packages/werkzeug/serving.py", line 371, in run_wsgi
    execute(self.server.app)
  File "/usr/local/lib/python3.11/site-packages/werkzeug/serving.py", line 335, in execute
    write(data)
  File "/usr/local/lib/python3.11/site-packages/werkzeug/serving.py", line 272, in write
    self.send_response(code, msg)
  File "/usr/local/lib/python3.11/http/server.py", line 505, in send_response
    self.log_request(code)
  File "/usr/local/lib/python3.11/site-packages/werkzeug/serving.py", line 468, in log_request
    self.log("info", '"%s" %s %s', msg, code, size)
  File "/usr/local/lib/python3.11/site-packages/werkzeug/serving.py", line 479, in log
    _log(
  File "/usr/local/lib/python3.11/site-packages/werkzeug/_internal.py", line 97, in _log
    getattr(_logger, type)(message.rstrip(), *args, **kwargs)
Message: '127.0.0.1 - - [25/Sep/2026 08:25:47] "%s" %s %s'
Arguments: ('GET /health HTTP/1.1', '200', '-')
--- Logging error ---
Traceback (most recent call last):
  File "/usr/local/lib/python3.11/logging/__init__.py", line 449, in format
    return self._format(record)
           ^^^^^^^^^^^^^^^^^^^^
  File "/usr/local/lib/python3.11/logging/__init__.py", line 445, in _format
    return self._fmt % values
           ~~~~~~~~~~^~~~~~~~
KeyError: 'request_id'

During handling of the above exception, another exception occurred:

Traceback (most recent call last):
  File "/usr/local/lib/python3.11/logging/__init__.py", line 1110, in emit
    msg = self.format(record)
          ^^^^^^^^^^^^^^^^^^^
  File "/usr/local/lib/python3.11/logging/__init__.py", line 953, in format
    return fmt.format(record)
           ^^^^^^^^^^^^^^^^^^
  File "/usr/local/lib/python3.11/logging/__init__.py", line 690, in format
    s = self.formatMessage(record)
        ^^^^^^^^^^^^^^^^^^^^^^^^^^
  File "/usr/local/lib/python3.11/logging/__init__.py", line 659, in formatMessage
    return self._style.format(record)
           ^^^^^^^^^^^^^^^^^^^^^^^^^^
  File "/usr/local/lib/python3.11/logging/__init__.py", line 451, in format
    raise ValueError('Formatting field not found in record: %s' % e)
ValueError: Formatting field not found in record: 'request_id'
Call stack:
  File "/usr/local/lib/python3.11/threading.py", line 1002, in _bootstrap
    self._bootstrap_inner()
  File "/usr/local/lib/python3.11/threading.py", line 1045, in _bootstrap_inner
    self.run()
  File "/usr/local/lib/python3.11/threading.py", line 982, in run
    self._target(*self._args, **self._kwargs)
  File "/usr/local/lib/python3.11/socketserver.py", line 691, in process_request_thread
    self.finish_request(request, client_address)
  File "/usr/local/lib/python3.11/socketserver.py", line 361, in finish_request
    self.RequestHandlerClass(request, client_address, self)
  File "/usr/local/lib/python3.11/socketserver.py", line 755, in __init__
    self.handle()
  File "/usr/local/lib/python3.11/site-packages/werkzeug/serving.py", line 399, in handle
    super().handle()
  File "/usr/local/lib/python3.11/http/server.py", line 440, in handle
    self.handle_one_request()
  File "/usr/local/lib/python3.11/http/server.py", line 428, in handle_one_request
    method()
  File "/usr/local/lib/python3.11/site-packages/werkzeug/serving.py", line 371, in run_wsgi
    execute(self.server.app)
  File "/usr/local/lib/python3.11/site-packages/werkzeug/serving.py", line 335, in execute
    write(data)
  File "/usr/local/lib/python3.11/site-packages/werkzeug/serving.py", line 272, in write
    self.send_response(code, msg)
  File "/usr/local/lib/python3.11/http/server.py", line 505, in send_response
    self.log_request(code)
  File "/usr/local/lib/python3.11/site-packages/werkzeug/serving.py", line 468, in log_request
    self.log("info", '"%s" %s %s', msg, code, size)
  File "/usr/local/lib/python3.11/site-packages/werkzeug/serving.py", line 479, in log
    _log(
  File "/usr/local/lib/python3.11/site-packages/werkzeug/_internal.py", line 97, in _log
    getattr(_logger, type)(message.rstrip(), *args, **kwargs)
Message: '127.0.0.1 - - [25/Sep/2026 08:25:57] "%s" %s %s'
Arguments: ('GET /health HTTP/1.1', '200', '-')
--- Logging error ---
Traceback (most recent call last):
  File "/usr/local/lib/python3.11/logging/__init__.py", line 449, in format
    return self._format(record)
           ^^^^^^^^^^^^^^^^^^^^
  File "/usr/local/lib/python3.11/logging/__init__.py", line 445, in _format
    return self._fmt % values
           ~~~~~~~~~~^~~~~~~~
KeyError: 'request_id'

During handling of the above exception, another exception occurred:

Traceback (most recent call last):
  File "/usr/local/lib/python3.11/logging/__init__.py", line 1110, in emit
    msg = self.format(record)
          ^^^^^^^^^^^^^^^^^^^
  File "/usr/local/lib/python3.11/logging/__init__.py", line 953, in format
    return fmt.format(record)
           ^^^^^^^^^^^^^^^^^^
  File "/usr/local/lib/python3.11/logging/__init__.py", line 690, in format
    s = self.formatMessage(record)
        ^^^^^^^^^^^^^^^^^^^^^^^^^^
  File "/usr/local/lib/python3.11/logging/__init__.py", line 659, in formatMessage
    return self._style.format(record)
           ^^^^^^^^^^^^^^^^^^^^^^^^^^
  File "/usr/local/lib/python3.11/logging/__init__.py", line 451, in format
    raise ValueError('Formatting field not found in record: %s' % e)
ValueError: Formatting field not found in record: 'request_id'
Call stack:
  File "/usr/local/lib/python3.11/threading.py", line 1002, in _bootstrap
    self._bootstrap_inner()
  File "/usr/local/lib/python3.11/threading.py", line 1045, in _bootstrap_inner
    self.run()
  File "/usr/local/lib/python3.11/threading.py", line 982, in run
    self._target(*self._args, **self._kwargs)
  File "/usr/local/lib/python3.11/socketserver.py", line 691, in process_request_thread
    self.finish_request(request, client_address)
  File "/usr/local/lib/python3.11/socketserver.py", line 361, in finish_request
    self.RequestHandlerClass(request, client_address, self)
  File "/usr/local/lib/python3.11/socketserver.py", line 755, in __init__
    self.handle()
  File "/usr/local/lib/python3.11/site-packages/werkzeug/serving.py", line 399, in handle
    super().handle()
  File "/usr/local/lib/python3.11/http/server.py", line 440, in handle
    self.handle_one_request()
  File "/usr/local/lib/python3.11/http/server.py", line 428, in handle_one_request
    method()
  File "/usr/local/lib/python3.11/site-packages/werkzeug/serving.py", line 371, in run_wsgi
    execute(self.server.app)
  File "/usr/local/lib/python3.11/site-packages/werkzeug/serving.py", line 335, in execute
    write(data)
  File "/usr/local/lib/python3.11/site-packages/werkzeug/serving.py", line 272, in write
    self.send_response(code, msg)
  File "/usr/local/lib/python3.11/http/server.py", line 505, in send_response
    self.log_request(code)
  File "/usr/local/lib/python3.11/site-packages/werkzeug/serving.py", line 468, in log_request
    self.log("info", '"%s" %s %s', msg, code, size)
  File "/usr/local/lib/python3.11/site-packages/werkzeug/serving.py", line 479, in log
    _log(
  File "/usr/local/lib/python3.11/site-packages/werkzeug/_internal.py", line 97, in _log
    getattr(_logger, type)(message.rstrip(), *args, **kwargs)
Message: '127.0.0.1 - - [25/Sep/2026 08:26:07] "%s" %s %s'
Arguments: ('GET /health HTTP/1.1', '200', '-')
--- Logging error ---
Traceback (most recent call last):
  File "/usr/local/lib/python3.11/logging/__init__.py", line 449, in format
    return self._format(record)
           ^^^^^^^^^^^^^^^^^^^^
  File "/usr/local/lib/python3.11/logging/__init__.py", line 445, in _format
    return self._fmt % values
           ~~~~~~~~~~^~~~~~~~
KeyError: 'request_id'

During handling of the above exception, another exception occurred:

Traceback (most recent call last):
  File "/usr/local/lib/python3.11/logging/__init__.py", line 1110, in emit
    msg = self.format(record)
          ^^^^^^^^^^^^^^^^^^^
  File "/usr/local/lib/python3.11/logging/__init__.py", line 953, in format
    return fmt.format(record)
           ^^^^^^^^^^^^^^^^^^
  File "/usr/local/lib/python3.11/logging/__init__.py", line 690, in format
    s = self.formatMessage(record)
        ^^^^^^^^^^^^^^^^^^^^^^^^^^
  File "/usr/local/lib/python3.11/logging/__init__.py", line 659, in formatMessage
    return self._style.format(record)
           ^^^^^^^^^^^^^^^^^^^^^^^^^^
  File "/usr/local/lib/python3.11/logging/__init__.py", line 451, in format
    raise ValueError('Formatting field not found in record: %s' % e)
ValueError: Formatting field not found in record: 'request_id'
Call stack:
  File "/usr/local/lib/python3.11/threading.py", line 1002, in _bootstrap
    self._bootstrap_inner()
  File "/usr/local/lib/python3.11/threading.py", line 1045, in _bootstrap_inner
    self.run()
  File "/usr/local/lib/python3.11/threading.py", line 982, in run
    self._target(*self._args, **self._kwargs)
  File "/usr/local/lib/python3.11/socketserver.py", line 691, in process_request_thread
    self.finish_request(request, client_address)
  File "/usr/local/lib/python3.11/socketserver.py", line 361, in finish_request
    self.RequestHandlerClass(request, client_address, self)
  File "/usr/local/lib/python3.11/socketserver.py", line 755, in __init__
    self.handle()
  File "/usr/local/lib/python3.11/site-packages/werkzeug/serving.py", line 399, in handle
    super().handle()
  File "/usr/local/lib/python3.11/http/server.py", line 440, in handle
    self.handle_one_request()
  File "/usr/local/lib/python3.11/http/server.py", line 428, in handle_one_request
    method()
  File "/usr/local/lib/python3.11/site-packages/werkzeug/serving.py", line 371, in run_wsgi
    execute(self.server.app)
  File "/usr/local/lib/python3.11/site-packages/werkzeug/serving.py", line 335, in execute
    write(data)
  File "/usr/local/lib/python3.11/site-packages/werkzeug/serving.py", line 272, in write
    self.send_response(code, msg)
  File "/usr/local/lib/python3.11/http/server.py", line 505, in send_response
    self.log_request(code)
  File "/usr/local/lib/python3.11/site-packages/werkzeug/serving.py", line 468, in log_request
    self.log("info", '"%s" %s %s', msg, code, size)
  File "/usr/local/lib/python3.11/site-packages/werkzeug/serving.py", line 479, in log
    _log(
  File "/usr/local/lib/python3.11/site-packages/werkzeug/_internal.py", line 97, in _log
    getattr(_logger, type)(message.rstrip(), *args, **kwargs)
Message: '127.0.0.1 - - [25/Sep/2026 08:26:18] "%s" %s %s'
Arguments: ('GET /health HTTP/1.1', '200', '-')
--- Logging error ---
Traceback (most recent call last):
  File "/usr/local/lib/python3.11/logging/__init__.py", line 449, in format
    return self._format(record)
           ^^^^^^^^^^^^^^^^^^^^
  File "/usr/local/lib/python3.11/logging/__init__.py", line 445, in _format
    return self._fmt % values
           ~~~~~~~~~~^~~~~~~~
KeyError: 'request_id'

During handling of the above exception, another exception occurred:

Traceback (most recent call last):
  File "/usr/local/lib/python3.11/logging/__init__.py", line 1110, in emit
    msg = self.format(record)
          ^^^^^^^^^^^^^^^^^^^
  File "/usr/local/lib/python3.11/logging/__init__.py", line 953, in format
    return fmt.format(record)
           ^^^^^^^^^^^^^^^^^^
  File "/usr/local/lib/python3.11/logging/__init__.py", line 690, in format
    s = self.formatMessage(record)
        ^^^^^^^^^^^^^^^^^^^^^^^^^^
  File "/usr/local/lib/python3.11/logging/__init__.py", line 659, in formatMessage
    return self._style.format(record)
           ^^^^^^^^^^^^^^^^^^^^^^^^^^
  File "/usr/local/lib/python3.11/logging/__init__.py", line 451, in format
    raise ValueError('Formatting field not found in record: %s' % e)
ValueError: Formatting field not found in record: 'request_id'
Call stack:
  File "/usr/local/lib/python3.11/threading.py", line 1002, in _bootstrap
    self._bootstrap_inner()
  File "/usr/local/lib/python3.11/threading.py", line 1045, in _bootstrap_inner
    self.run()
  File "/usr/local/lib/python3.11/threading.py", line 982, in run
    self._target(*self._args, **self._kwargs)
  File "/usr/local/lib/python3.11/socketserver.py", line 691, in process_request_thread
    self.finish_request(request, client_address)
  File "/usr/local/lib/python3.11/socketserver.py", line 361, in finish_request
    self.RequestHandlerClass(request, client_address, self)
  File "/usr/local/lib/python3.11/socketserver.py", line 755, in __init__
    self.handle()
  File "/usr/local/lib/python3.11/site-packages/werkzeug/serving.py", line 399, in handle
    super().handle()
  File "/usr/local/lib/python3.11/http/server.py", line 440, in handle
    self.handle_one_request()
  File "/usr/local/lib/python3.11/http/server.py", line 428, in handle_one_request
    method()
  File "/usr/local/lib/python3.11/site-packages/werkzeug/serving.py", line 371, in run_wsgi
    execute(self.server.app)
  File "/usr/local/lib/python3.11/site-packages/werkzeug/serving.py", line 335, in execute
    write(data)
  File "/usr/local/lib/python3.11/site-packages/werkzeug/serving.py", line 272, in write
    self.send_response(code, msg)
  File "/usr/local/lib/python3.11/http/server.py", line 505, in send_response
    self.log_request(code)
  File "/usr/local/lib/python3.11/site-packages/werkzeug/serving.py", line 468, in log_request
    self.log("info", '"%s" %s %s', msg, code, size)
  File "/usr/local/lib/python3.11/site-packages/werkzeug/serving.py", line 479, in log
    _log(
  File "/usr/local/lib/python3.11/site-packages/werkzeug/_internal.py", line 97, in _log
    getattr(_logger, type)(message.rstrip(), *args, **kwargs)
Message: '127.0.0.1 - - [25/Sep/2026 08:26:28] "%s" %s %s'
Arguments: ('GET /health HTTP/1.1', '200', '-')
--- Logging error ---
Traceback (most recent call last):
  File "/usr/local/lib/python3.11/logging/__init__.py", line 449, in format
    return self._format(record)
           ^^^^^^^^^^^^^^^^^^^^
  File "/usr/local/lib/python3.11/logging/__init__.py", line 445, in _format
    return self._fmt % values
           ~~~~~~~~~~^~~~~~~~
KeyError: 'request_id'

During handling of the above exception, another exception occurred:

Traceback (most recent call last):
  File "/usr/local/lib/python3.11/logging/__init__.py", line 1110, in emit
    msg = self.format(record)
          ^^^^^^^^^^^^^^^^^^^
  File "/usr/local/lib/python3.11/logging/__init__.py", line 953, in format
    return fmt.format(record)
           ^^^^^^^^^^^^^^^^^^
  File "/usr/local/lib/python3.11/logging/__init__.py", line 690, in format
    s = self.formatMessage(record)
        ^^^^^^^^^^^^^^^^^^^^^^^^^^
  File "/usr/local/lib/python3.11/logging/__init__.py", line 659, in formatMessage
    return self._style.format(record)
           ^^^^^^^^^^^^^^^^^^^^^^^^^^
  File "/usr/local/lib/python3.11/logging/__init__.py", line 451, in format
    raise ValueError('Formatting field not found in record: %s' % e)
ValueError: Formatting field not found in record: 'request_id'
Call stack:
  File "/usr/local/lib/python3.11/threading.py", line 1002, in _bootstrap
    self._bootstrap_inner()
  File "/usr/local/lib/python3.11/threading.py", line 1045, in _bootstrap_inner
    self.run()
  File "/usr/local/lib/python3.11/threading.py", line 982, in run
    self._target(*self._args, **self._kwargs)
  File "/usr/local/lib/python3.11/socketserver.py", line 691, in process_request_thread
    self.finish_request(request, client_address)
  File "/usr/local/lib/python3.11/socketserver.py", line 361, in finish_request
    self.RequestHandlerClass(request, client_address, self)
  File "/usr/local/lib/python3.11/socketserver.py", line 755, in __init__
    self.handle()
  File "/usr/local/lib/python3.11/site-packages/werkzeug/serving.py", line 399, in handle
    super().handle()
  File "/usr/local/lib/python3.11/http/server.py", line 440, in handle
    self.handle_one_request()
  File "/usr/local/lib/python3.11/http/server.py", line 428, in handle_one_request
    method()
  File "/usr/local/lib/python3.11/site-packages/werkzeug/serving.py", line 371, in run_wsgi
    execute(self.server.app)
  File "/usr/local/lib/python3.11/site-packages/werkzeug/serving.py", line 335, in execute
    write(data)
  File "/usr/local/lib/python3.11/site-packages/werkzeug/serving.py", line 272, in write
    self.send_response(code, msg)
  File "/usr/local/lib/python3.11/http/server.py", line 505, in send_response
    self.log_request(code)
  File "/usr/local/lib/python3.11/site-packages/werkzeug/serving.py", line 468, in log_request
    self.log("info", '"%s" %s %s', msg, code, size)
  File "/usr/local/lib/python3.11/site-packages/werkzeug/serving.py", line 479, in log
    _log(
  File "/usr/local/lib/python3.11/site-packages/werkzeug/_internal.py", line 97, in _log
    getattr(_logger, type)(message.rstrip(), *args, **kwargs)
Message: '127.0.0.1 - - [25/Sep/2026 08:26:38] "%s" %s %s'
Arguments: ('GET /health HTTP/1.1', '200', '-')
--- Logging error ---
Traceback (most recent call last):
  File "/usr/local/lib/python3.11/logging/__init__.py", line 449, in format
    return self._format(record)
           ^^^^^^^^^^^^^^^^^^^^
  File "/usr/local/lib/python3.11/logging/__init__.py", line 445, in _format
    return self._fmt % values
           ~~~~~~~~~~^~~~~~~~
KeyError: 'request_id'

During handling of the above exception, another exception occurred:

Traceback (most recent call last):
  File "/usr/local/lib/python3.11/logging/__init__.py", line 1110, in emit
    msg = self.format(record)
          ^^^^^^^^^^^^^^^^^^^
  File "/usr/local/lib/python3.11/logging/__init__.py", line 953, in format
    return fmt.format(record)
           ^^^^^^^^^^^^^^^^^^
  File "/usr/local/lib/python3.11/logging/__init__.py", line 690, in format
    s = self.formatMessage(record)
        ^^^^^^^^^^^^^^^^^^^^^^^^^^
  File "/usr/local/lib/python3.11/logging/__init__.py", line 659, in formatMessage
    return self._style.format(record)
           ^^^^^^^^^^^^^^^^^^^^^^^^^^
  File "/usr/local/lib/python3.11/logging/__init__.py", line 451, in format
    raise ValueError('Formatting field not found in record: %s' % e)
ValueError: Formatting field not found in record: 'request_id'
Call stack:
  File "/usr/local/lib/python3.11/threading.py", line 1002, in _bootstrap
    self._bootstrap_inner()
  File "/usr/local/lib/python3.11/threading.py", line 1045, in _bootstrap_inner
    self.run()
  File "/usr/local/lib/python3.11/threading.py", line 982, in run
    self._target(*self._args, **self._kwargs)
  File "/usr/local/lib/python3.11/socketserver.py", line 691, in process_request_thread
    self.finish_request(request, client_address)
  File "/usr/local/lib/python3.11/socketserver.py", line 361, in finish_request
    self.RequestHandlerClass(request, client_address, self)
  File "/usr/local/lib/python3.11/socketserver.py", line 755, in __init__
    self.handle()
  File "/usr/local/lib/python3.11/site-packages/werkzeug/serving.py", line 399, in handle
    super().handle()
  File "/usr/local/lib/python3.11/http/server.py", line 440, in handle
    self.handle_one_request()
  File "/usr/local/lib/python3.11/http/server.py", line 428, in handle_one_request
    method()
  File "/usr/local/lib/python3.11/site-packages/werkzeug/serving.py", line 371, in run_wsgi
    execute(self.server.app)
  File "/usr/local/lib/python3.11/site-packages/werkzeug/serving.py", line 335, in execute
    write(data)
  File "/usr/local/lib/python3.11/site-packages/werkzeug/serving.py", line 272, in write
    self.send_response(code, msg)
  File "/usr/local/lib/python3.11/http/server.py", line 505, in send_response
    self.log_request(code)
  File "/usr/local/lib/python3.11/site-packages/werkzeug/serving.py", line 468, in log_request
    self.log("info", '"%s" %s %s', msg, code, size)
  File "/usr/local/lib/python3.11/site-packages/werkzeug/serving.py", line 479, in log
    _log(
  File "/usr/local/lib/python3.11/site-packages/werkzeug/_internal.py", line 97, in _log
    getattr(_logger, type)(message.rstrip(), *args, **kwargs)
Message: '127.0.0.1 - - [25/Sep/2026 08:26:48] "%s" %s %s'
Arguments: ('GET /health HTTP/1.1', '200', '-')
--- Logging error ---
Traceback (most recent call last):
  File "/usr/local/lib/python3.11/logging/__init__.py", line 449, in format
    return self._format(record)
           ^^^^^^^^^^^^^^^^^^^^
  File "/usr/local/lib/python3.11/logging/__init__.py", line 445, in _format
    return self._fmt % values
           ~~~~~~~~~~^~~~~~~~
KeyError: 'request_id'

During handling of the above exception, another exception occurred:

Traceback (most recent call last):
  File "/usr/local/lib/python3.11/logging/__init__.py", line 1110, in emit
    msg = self.format(record)
          ^^^^^^^^^^^^^^^^^^^
  File "/usr/local/lib/python3.11/logging/__init__.py", line 953, in format
    return fmt.format(record)
           ^^^^^^^^^^^^^^^^^^
  File "/usr/local/lib/python3.11/logging/__init__.py", line 690, in format
    s = self.formatMessage(record)
        ^^^^^^^^^^^^^^^^^^^^^^^^^^
  File "/usr/local/lib/python3.11/logging/__init__.py", line 659, in formatMessage
    return self._style.format(record)
           ^^^^^^^^^^^^^^^^^^^^^^^^^^
  File "/usr/local/lib/python3.11/logging/__init__.py", line 451, in format
    raise ValueError('Formatting field not found in record: %s' % e)
ValueError: Formatting field not found in record: 'request_id'
Call stack:
  File "/usr/local/lib/python3.11/threading.py", line 1002, in _bootstrap
    self._bootstrap_inner()
  File "/usr/local/lib/python3.11/threading.py", line 1045, in _bootstrap_inner
    self.run()
  File "/usr/local/lib/python3.11/threading.py", line 982, in run
    self._target(*self._args, **self._kwargs)
  File "/usr/local/lib/python3.11/socketserver.py", line 691, in process_request_thread
    self.finish_request(request, client_address)
  File "/usr/local/lib/python3.11/socketserver.py", line 361, in finish_request
    self.RequestHandlerClass(request, client_address, self)
  File "/usr/local/lib/python3.11/socketserver.py", line 755, in __init__
    self.handle()
  File "/usr/local/lib/python3.11/site-packages/werkzeug/serving.py", line 399, in handle
    super().handle()
  File "/usr/local/lib/python3.11/http/server.py", line 440, in handle
    self.handle_one_request()
  File "/usr/local/lib/python3.11/http/server.py", line 428, in handle_one_request
    method()
  File "/usr/local/lib/python3.11/site-packages/werkzeug/serving.py", line 371, in run_wsgi
    execute(self.server.app)
  File "/usr/local/lib/python3.11/site-packages/werkzeug/serving.py", line 335, in execute
    write(data)
  File "/usr/local/lib/python3.11/site-packages/werkzeug/serving.py", line 272, in write
    self.send_response(code, msg)
  File "/usr/local/lib/python3.11/http/server.py", line 505, in send_response
    self.log_request(code)
  File "/usr/local/lib/python3.11/site-packages/werkzeug/serving.py", line 468, in log_request
    self.log("info", '"%s" %s %s', msg, code, size)
  File "/usr/local/lib/python3.11/site-packages/werkzeug/serving.py", line 479, in log
    _log(
  File "/usr/local/lib/python3.11/site-packages/werkzeug/_internal.py", line 97, in _log
    getattr(_logger, type)(message.rstrip(), *args, **kwargs)
Message: '127.0.0.1 - - [25/Sep/2026 08:26:58] "%s" %s %s'
Arguments: ('GET /health HTTP/1.1', '200', '-')
--- Logging error ---
Traceback (most recent call last):
  File "/usr/local/lib/python3.11/logging/__init__.py", line 449, in format
    return self._format(record)
           ^^^^^^^^^^^^^^^^^^^^
  File "/usr/local/lib/python3.11/logging/__init__.py", line 445, in _format
    return self._fmt % values
           ~~~~~~~~~~^~~~~~~~
KeyError: 'request_id'

During handling of the above exception, another exception occurred:

Traceback (most recent call last):
  File "/usr/local/lib/python3.11/logging/__init__.py", line 1110, in emit
    msg = self.format(record)
          ^^^^^^^^^^^^^^^^^^^
  File "/usr/local/lib/python3.11/logging/__init__.py", line 953, in format
    return fmt.format(record)
           ^^^^^^^^^^^^^^^^^^
  File "/usr/local/lib/python3.11/logging/__init__.py", line 690, in format
    s = self.formatMessage(record)
        ^^^^^^^^^^^^^^^^^^^^^^^^^^
  File "/usr/local/lib/python3.11/logging/__init__.py", line 659, in formatMessage
    return self._style.format(record)
           ^^^^^^^^^^^^^^^^^^^^^^^^^^
  File "/usr/local/lib/python3.11/logging/__init__.py", line 451, in format
    raise ValueError('Formatting field not found in record: %s' % e)
ValueError: Formatting field not found in record: 'request_id'
Call stack:
  File "/usr/local/lib/python3.11/threading.py", line 1002, in _bootstrap
    self._bootstrap_inner()
  File "/usr/local/lib/python3.11/threading.py", line 1045, in _bootstrap_inner
    self.run()
  File "/usr/local/lib/python3.11/threading.py", line 982, in run
    self._target(*self._args, **self._kwargs)
  File "/usr/local/lib/python3.11/socketserver.py", line 691, in process_request_thread
    self.finish_request(request, client_address)
  File "/usr/local/lib/python3.11/socketserver.py", line 361, in finish_request
    self.RequestHandlerClass(request, client_address, self)
  File "/usr/local/lib/python3.11/socketserver.py", line 755, in __init__
    self.handle()
  File "/usr/local/lib/python3.11/site-packages/werkzeug/serving.py", line 399, in handle
    super().handle()
  File "/usr/local/lib/python3.11/http/server.py", line 440, in handle
    self.handle_one_request()
  File "/usr/local/lib/python3.11/http/server.py", line 428, in handle_one_request
    method()
  File "/usr/local/lib/python3.11/site-packages/werkzeug/serving.py", line 371, in run_wsgi
    execute(self.server.app)
  File "/usr/local/lib/python3.11/site-packages/werkzeug/serving.py", line 335, in execute
    write(data)
  File "/usr/local/lib/python3.11/site-packages/werkzeug/serving.py", line 272, in write
    self.send_response(code, msg)
  File "/usr/local/lib/python3.11/http/server.py", line 505, in send_response
    self.log_request(code)
  File "/usr/local/lib/python3.11/site-packages/werkzeug/serving.py", line 468, in log_request
    self.log("info", '"%s" %s %s', msg, code, size)
  File "/usr/local/lib/python3.11/site-packages/werkzeug/serving.py", line 479, in log
    _log(
  File "/usr/local/lib/python3.11/site-packages/werkzeug/_internal.py", line 97, in _log
    getattr(_logger, type)(message.rstrip(), *args, **kwargs)
Message: '127.0.0.1 - - [25/Sep/2026 08:27:08] "%s" %s %s'
Arguments: ('GET /health HTTP/1.1', '200', '-')
--- Logging error ---
Traceback (most recent call last):
  File "/usr/local/lib/python3.11/logging/__init__.py", line 449, in format
    return self._format(record)
           ^^^^^^^^^^^^^^^^^^^^
  File "/usr/local/lib/python3.11/logging/__init__.py", line 445, in _format
    return self._fmt % values
           ~~~~~~~~~~^~~~~~~~
KeyError: 'request_id'

During handling of the above exception, another exception occurred:

Traceback (most recent call last):
  File "/usr/local/lib/python3.11/logging/__init__.py", line 1110, in emit
    msg = self.format(record)
          ^^^^^^^^^^^^^^^^^^^
  File "/usr/local/lib/python3.11/logging/__init__.py", line 953, in format
    return fmt.format(record)
           ^^^^^^^^^^^^^^^^^^
  File "/usr/local/lib/python3.11/logging/__init__.py", line 690, in format
    s = self.formatMessage(record)
        ^^^^^^^^^^^^^^^^^^^^^^^^^^
  File "/usr/local/lib/python3.11/logging/__init__.py", line 659, in formatMessage
    return self._style.format(record)
           ^^^^^^^^^^^^^^^^^^^^^^^^^^
  File "/usr/local/lib/python3.11/logging/__init__.py", line 451, in format
    raise ValueError('Formatting field not found in record: %s' % e)
ValueError: Formatting field not found in record: 'request_id'
Call stack:
  File "/usr/local/lib/python3.11/threading.py", line 1002, in _bootstrap
    self._bootstrap_inner()
  File "/usr/local/lib/python3.11/threading.py", line 1045, in _bootstrap_inner
    self.run()
  File "/usr/local/lib/python3.11/threading.py", line 982, in run
    self._target(*self._args, **self._kwargs)
  File "/usr/local/lib/python3.11/socketserver.py", line 691, in process_request_thread
    self.finish_request(request, client_address)
  File "/usr/local/lib/python3.11/socketserver.py", line 361, in finish_request
    self.RequestHandlerClass(request, client_address, self)
  File "/usr/local/lib/python3.11/socketserver.py", line 755, in __init__
    self.handle()
  File "/usr/local/lib/python3.11/site-packages/werkzeug/serving.py", line 399, in handle
    super().handle()
  File "/usr/local/lib/python3.11/http/server.py", line 440, in handle
    self.handle_one_request()
  File "/usr/local/lib/python3.11/http/server.py", line 428, in handle_one_request
    method()
  File "/usr/local/lib/python3.11/site-packages/werkzeug/serving.py", line 371, in run_wsgi
    execute(self.server.app)
  File "/usr/local/lib/python3.11/site-packages/werkzeug/serving.py", line 335, in execute
    write(data)
  File "/usr/local/lib/python3.11/site-packages/werkzeug/serving.py", line 272, in write
    self.send_response(code, msg)
  File "/usr/local/lib/python3.11/http/server.py", line 505, in send_response
    self.log_request(code)
  File "/usr/local/lib/python3.11/site-packages/werkzeug/serving.py", line 468, in log_request
    self.log("info", '"%s" %s %s', msg, code, size)
  File "/usr/local/lib/python3.11/site-packages/werkzeug/serving.py", line 479, in log
    _log(
  File "/usr/local/lib/python3.11/site-packages/werkzeug/_internal.py", line 97, in _log
    getattr(_logger, type)(message.rstrip(), *args, **kwargs)
Message: '127.0.0.1 - - [25/Sep/2026 08:27:18] "%s" %s %s'
Arguments: ('GET /health HTTP/1.1', '200', '-')
--- Logging error ---
Traceback (most recent call last):
  File "/usr/local/lib/python3.11/logging/__init__.py", line 449, in format
    return self._format(record)
           ^^^^^^^^^^^^^^^^^^^^
  File "/usr/local/lib/python3.11/logging/__init__.py", line 445, in _format
    return self._fmt % values
           ~~~~~~~~~~^~~~~~~~
KeyError: 'request_id'

During handling of the above exception, another exception occurred:

Traceback (most recent call last):
  File "/usr/local/lib/python3.11/logging/__init__.py", line 1110, in emit
    msg = self.format(record)
          ^^^^^^^^^^^^^^^^^^^
  File "/usr/local/lib/python3.11/logging/__init__.py", line 953, in format
    return fmt.format(record)
           ^^^^^^^^^^^^^^^^^^
  File "/usr/local/lib/python3.11/logging/__init__.py", line 690, in format
    s = self.formatMessage(record)
        ^^^^^^^^^^^^^^^^^^^^^^^^^^
  File "/usr/local/lib/python3.11/logging/__init__.py", line 659, in formatMessage
    return self._style.format(record)
           ^^^^^^^^^^^^^^^^^^^^^^^^^^
  File "/usr/local/lib/python3.11/logging/__init__.py", line 451, in format
    raise ValueError('Formatting field not found in record: %s' % e)
ValueError: Formatting field not found in record: 'request_id'
Call stack:
  File "/usr/local/lib/python3.11/threading.py", line 1002, in _bootstrap
    self._bootstrap_inner()
  File "/usr/local/lib/python3.11/threading.py", line 1045, in _bootstrap_inner
    self.run()
  File "/usr/local/lib/python3.11/threading.py", line 982, in run
    self._target(*self._args, **self._kwargs)
  File "/usr/local/lib/python3.11/socketserver.py", line 691, in process_request_thread
    self.finish_request(request, client_address)
  File "/usr/local/lib/python3.11/socketserver.py", line 361, in finish_request
    self.RequestHandlerClass(request, client_address, self)
  File "/usr/local/lib/python3.11/socketserver.py", line 755, in __init__
    self.handle()
  File "/usr/local/lib/python3.11/site-packages/werkzeug/serving.py", line 399, in handle
    super().handle()
  File "/usr/local/lib/python3.11/http/server.py", line 440, in handle
    self.handle_one_request()
  File "/usr/local/lib/python3.11/http/server.py", line 428, in handle_one_request
    method()
  File "/usr/local/lib/python3.11/site-packages/werkzeug/serving.py", line 371, in run_wsgi
    execute(self.server.app)
  File "/usr/local/lib/python3.11/site-packages/werkzeug/serving.py", line 335, in execute
    write(data)
  File "/usr/local/lib/python3.11/site-packages/werkzeug/serving.py", line 272, in write
    self.send_response(code, msg)
  File "/usr/local/lib/python3.11/http/server.py", line 505, in send_response
    self.log_request(code)
  File "/usr/local/lib/python3.11/site-packages/werkzeug/serving.py", line 468, in log_request
    self.log("info", '"%s" %s %s', msg, code, size)
  File "/usr/local/lib/python3.11/site-packages/werkzeug/serving.py", line 479, in log
    _log(
  File "/usr/local/lib/python3.11/site-packages/werkzeug/_internal.py", line 97, in _log
    getattr(_logger, type)(message.rstrip(), *args, **kwargs)
Message: '127.0.0.1 - - [25/Sep/2026 08:27:28] "%s" %s %s'
Arguments: ('GET /health HTTP/1.1', '200', '-')
--- Logging error ---
Traceback (most recent call last):
  File "/usr/local/lib/python3.11/logging/__init__.py", line 449, in format
    return self._format(record)
           ^^^^^^^^^^^^^^^^^^^^
  File "/usr/local/lib/python3.11/logging/__init__.py", line 445, in _format
    return self._fmt % values
           ~~~~~~~~~~^~~~~~~~
KeyError: 'request_id'

During handling of the above exception, another exception occurred:

Traceback (most recent call last):
  File "/usr/local/lib/python3.11/logging/__init__.py", line 1110, in emit
    msg = self.format(record)
          ^^^^^^^^^^^^^^^^^^^
  File "/usr/local/lib/python3.11/logging/__init__.py", line 953, in format
    return fmt.format(record)
           ^^^^^^^^^^^^^^^^^^
  File "/usr/local/lib/python3.11/logging/__init__.py", line 690, in format
    s = self.formatMessage(record)
        ^^^^^^^^^^^^^^^^^^^^^^^^^^
  File "/usr/local/lib/python3.11/logging/__init__.py", line 659, in formatMessage
    return self._style.format(record)
           ^^^^^^^^^^^^^^^^^^^^^^^^^^
  File "/usr/local/lib/python3.11/logging/__init__.py", line 451, in format
    raise ValueError('Formatting field not found in record: %s' % e)
ValueError: Formatting field not found in record: 'request_id'
Call stack:
  File "/usr/local/lib/python3.11/threading.py", line 1002, in _bootstrap
    self._bootstrap_inner()
  File "/usr/local/lib/python3.11/threading.py", line 1045, in _bootstrap_inner
    self.run()
  File "/usr/local/lib/python3.11/threading.py", line 982, in run
    self._target(*self._args, **self._kwargs)
  File "/usr/local/lib/python3.11/socketserver.py", line 691, in process_request_thread
    self.finish_request(request, client_address)
  File "/usr/local/lib/python3.11/socketserver.py", line 361, in finish_request
    self.RequestHandlerClass(request, client_address, self)
  File "/usr/local/lib/python3.11/socketserver.py", line 755, in __init__
    self.handle()
  File "/usr/local/lib/python3.11/site-packages/werkzeug/serving.py", line 399, in handle
    super().handle()
  File "/usr/local/lib/python3.11/http/server.py", line 440, in handle
    self.handle_one_request()
  File "/usr/local/lib/python3.11/http/server.py", line 428, in handle_one_request
    method()
  File "/usr/local/lib/python3.11/site-packages/werkzeug/serving.py", line 371, in run_wsgi
    execute(self.server.app)
  File "/usr/local/lib/python3.11/site-packages/werkzeug/serving.py", line 335, in execute
    write(data)
  File "/usr/local/lib/python3.11/site-packages/werkzeug/serving.py", line 272, in write
    self.send_response(code, msg)
  File "/usr/local/lib/python3.11/http/server.py", line 505, in send_response
    self.log_request(code)
  File "/usr/local/lib/python3.11/site-packages/werkzeug/serving.py", line 468, in log_request
    self.log("info", '"%s" %s %s', msg, code, size)
  File "/usr/local/lib/python3.11/site-packages/werkzeug/serving.py", line 479, in log
    _log(
  File "/usr/local/lib/python3.11/site-packages/werkzeug/_internal.py", line 97, in _log
    getattr(_logger, type)(message.rstrip(), *args, **kwargs)
Message: '127.0.0.1 - - [25/Sep/2026 08:27:39] "%s" %s %s'
Arguments: ('GET /health HTTP/1.1', '200', '-')
--- Logging error ---
Traceback (most recent call last):
  File "/usr/local/lib/python3.11/logging/__init__.py", line 449, in format
    return self._format(record)
           ^^^^^^^^^^^^^^^^^^^^
  File "/usr/local/lib/python3.11/logging/__init__.py", line 445, in _format
    return self._fmt % values
           ~~~~~~~~~~^~~~~~~~
KeyError: 'request_id'

During handling of the above exception, another exception occurred:

Traceback (most recent call last):
  File "/usr/local/lib/python3.11/logging/__init__.py", line 1110, in emit
    msg = self.format(record)
          ^^^^^^^^^^^^^^^^^^^
  File "/usr/local/lib/python3.11/logging/__init__.py", line 953, in format
    return fmt.format(record)
           ^^^^^^^^^^^^^^^^^^
  File "/usr/local/lib/python3.11/logging/__init__.py", line 690, in format
    s = self.formatMessage(record)
        ^^^^^^^^^^^^^^^^^^^^^^^^^^
  File "/usr/local/lib/python3.11/logging/__init__.py", line 659, in formatMessage
    return self._style.format(record)
           ^^^^^^^^^^^^^^^^^^^^^^^^^^
  File "/usr/local/lib/python3.11/logging/__init__.py", line 451, in format
    raise ValueError('Formatting field not found in record: %s' % e)
ValueError: Formatting field not found in record: 'request_id'
Call stack:
  File "/usr/local/lib/python3.11/threading.py", line 1002, in _bootstrap
    self._bootstrap_inner()
  File "/usr/local/lib/python3.11/threading.py", line 1045, in _bootstrap_inner
    self.run()
  File "/usr/local/lib/python3.11/threading.py", line 982, in run
    self._target(*self._args, **self._kwargs)
  File "/usr/local/lib/python3.11/socketserver.py", line 691, in process_request_thread
    self.finish_request(request, client_address)
  File "/usr/local/lib/python3.11/socketserver.py", line 361, in finish_request
    self.RequestHandlerClass(request, client_address, self)
  File "/usr/local/lib/python3.11/socketserver.py", line 755, in __init__
    self.handle()
  File "/usr/local/lib/python3.11/site-packages/werkzeug/serving.py", line 399, in handle
    super().handle()
  File "/usr/local/lib/python3.11/http/server.py", line 440, in handle
    self.handle_one_request()
  File "/usr/local/lib/python3.11/http/server.py", line 428, in handle_one_request
    method()
  File "/usr/local/lib/python3.11/site-packages/werkzeug/serving.py", line 371, in run_wsgi
    execute(self.server.app)
  File "/usr/local/lib/python3.11/site-packages/werkzeug/serving.py", line 335, in execute
    write(data)
  File "/usr/local/lib/python3.11/site-packages/werkzeug/serving.py", line 272, in write
    self.send_response(code, msg)
  File "/usr/local/lib/python3.11/http/server.py", line 505, in send_response
    self.log_request(code)
  File "/usr/local/lib/python3.11/site-packages/werkzeug/serving.py", line 468, in log_request
    self.log("info", '"%s" %s %s', msg, code, size)
  File "/usr/local/lib/python3.11/site-packages/werkzeug/serving.py", line 479, in log
    _log(
  File "/usr/local/lib/python3.11/site-packages/werkzeug/_internal.py", line 97, in _log
    getattr(_logger, type)(message.rstrip(), *args, **kwargs)
Message: '127.0.0.1 - - [25/Sep/2026 08:27:49] "%s" %s %s'
Arguments: ('GET /health HTTP/1.1', '200', '-')
--- Logging error ---
Traceback (most recent call last):
  File "/usr/local/lib/python3.11/logging/__init__.py", line 449, in format
    return self._format(record)
           ^^^^^^^^^^^^^^^^^^^^
  File "/usr/local/lib/python3.11/logging/__init__.py", line 445, in _format
    return self._fmt % values
           ~~~~~~~~~~^~~~~~~~
KeyError: 'request_id'

During handling of the above exception, another exception occurred:

Traceback (most recent call last):
  File "/usr/local/lib/python3.11/logging/__init__.py", line 1110, in emit
    msg = self.format(record)
          ^^^^^^^^^^^^^^^^^^^
  File "/usr/local/lib/python3.11/logging/__init__.py", line 953, in format
    return fmt.format(record)
           ^^^^^^^^^^^^^^^^^^
  File "/usr/local/lib/python3.11/logging/__init__.py", line 690, in format
    s = self.formatMessage(record)
        ^^^^^^^^^^^^^^^^^^^^^^^^^^
  File "/usr/local/lib/python3.11/logging/__init__.py", line 659, in formatMessage
    return self._style.format(record)
           ^^^^^^^^^^^^^^^^^^^^^^^^^^
  File "/usr/local/lib/python3.11/logging/__init__.py", line 451, in format
    raise ValueError('Formatting field not found in record: %s' % e)
ValueError: Formatting field not found in record: 'request_id'
Call stack:
  File "/usr/local/lib/python3.11/threading.py", line 1002, in _bootstrap
    self._bootstrap_inner()
  File "/usr/local/lib/python3.11/threading.py", line 1045, in _bootstrap_inner
    self.run()
  File "/usr/local/lib/python3.11/threading.py", line 982, in run
    self._target(*self._args, **self._kwargs)
  File "/usr/local/lib/python3.11/socketserver.py", line 691, in process_request_thread
    self.finish_request(request, client_address)
  File "/usr/local/lib/python3.11/socketserver.py", line 361, in finish_request
    self.RequestHandlerClass(request, client_address, self)
  File "/usr/local/lib/python3.11/socketserver.py", line 755, in __init__
    self.handle()
  File "/usr/local/lib/python3.11/site-packages/werkzeug/serving.py", line 399, in handle
    super().handle()
  File "/usr/local/lib/python3.11/http/server.py", line 440, in handle
    self.handle_one_request()
  File "/usr/local/lib/python3.11/http/server.py", line 428, in handle_one_request
    method()
  File "/usr/local/lib/python3.11/site-packages/werkzeug/serving.py", line 371, in run_wsgi
    execute(self.server.app)
  File "/usr/local/lib/python3.11/site-packages/werkzeug/serving.py", line 335, in execute
    write(data)
  File "/usr/local/lib/python3.11/site-packages/werkzeug/serving.py", line 272, in write
    self.send_response(code, msg)
  File "/usr/local/lib/python3.11/http/server.py", line 505, in send_response
    self.log_request(code)
  File "/usr/local/lib/python3.11/site-packages/werkzeug/serving.py", line 468, in log_request
    self.log("info", '"%s" %s %s', msg, code, size)
  File "/usr/local/lib/python3.11/site-packages/werkzeug/serving.py", line 479, in log
    _log(
  File "/usr/local/lib/python3.11/site-packages/werkzeug/_internal.py", line 97, in _log
    getattr(_logger, type)(message.rstrip(), *args, **kwargs)
Message: '127.0.0.1 - - [25/Sep/2026 08:27:59] "%s" %s %s'
Arguments: ('GET /health HTTP/1.1', '200', '-')
--- Logging error ---
Traceback (most recent call last):
  File "/usr/local/lib/python3.11/logging/__init__.py", line 449, in format
    return self._format(record)
           ^^^^^^^^^^^^^^^^^^^^
  File "/usr/local/lib/python3.11/logging/__init__.py", line 445, in _format
    return self._fmt % values
           ~~~~~~~~~~^~~~~~~~
KeyError: 'request_id'

During handling of the above exception, another exception occurred:

Traceback (most recent call last):
  File "/usr/local/lib/python3.11/logging/__init__.py", line 1110, in emit
    msg = self.format(record)
          ^^^^^^^^^^^^^^^^^^^
  File "/usr/local/lib/python3.11/logging/__init__.py", line 953, in format
    return fmt.format(record)
           ^^^^^^^^^^^^^^^^^^
  File "/usr/local/lib/python3.11/logging/__init__.py", line 690, in format
    s = self.formatMessage(record)
        ^^^^^^^^^^^^^^^^^^^^^^^^^^
  File "/usr/local/lib/python3.11/logging/__init__.py", line 659, in formatMessage
    return self._style.format(record)
           ^^^^^^^^^^^^^^^^^^^^^^^^^^
  File "/usr/local/lib/python3.11/logging/__init__.py", line 451, in format
    raise ValueError('Formatting field not found in record: %s' % e)
ValueError: Formatting field not found in record: 'request_id'
Call stack:
  File "/usr/local/lib/python3.11/threading.py", line 1002, in _bootstrap
    self._bootstrap_inner()
  File "/usr/local/lib/python3.11/threading.py", line 1045, in _bootstrap_inner
    self.run()
  File "/usr/local/lib/python3.11/threading.py", line 982, in run
    self._target(*self._args, **self._kwargs)
  File "/usr/local/lib/python3.11/socketserver.py", line 691, in process_request_thread
    self.finish_request(request, client_address)
  File "/usr/local/lib/python3.11/socketserver.py", line 361, in finish_request
    self.RequestHandlerClass(request, client_address, self)
  File "/usr/local/lib/python3.11/socketserver.py", line 755, in __init__
    self.handle()
  File "/usr/local/lib/python3.11/site-packages/werkzeug/serving.py", line 399, in handle
    super().handle()
  File "/usr/local/lib/python3.11/http/server.py", line 440, in handle
    self.handle_one_request()
  File "/usr/local/lib/python3.11/http/server.py", line 428, in handle_one_request
    method()
  File "/usr/local/lib/python3.11/site-packages/werkzeug/serving.py", line 371, in run_wsgi
    execute(self.server.app)
  File "/usr/local/lib/python3.11/site-packages/werkzeug/serving.py", line 335, in execute
    write(data)
  File "/usr/local/lib/python3.11/site-packages/werkzeug/serving.py", line 272, in write
    self.send_response(code, msg)
  File "/usr/local/lib/python3.11/http/server.py", line 505, in send_response
    self.log_request(code)
  File "/usr/local/lib/python3.11/site-packages/werkzeug/serving.py", line 468, in log_request
    self.log("info", '"%s" %s %s', msg, code, size)
  File "/usr/local/lib/python3.11/site-packages/werkzeug/serving.py", line 479, in log
    _log(
  File "/usr/local/lib/python3.11/site-packages/werkzeug/_internal.py", line 97, in _log
    getattr(_logger, type)(message.rstrip(), *args, **kwargs)
Message: '127.0.0.1 - - [25/Sep/2026 08:28:09] "%s" %s %s'
Arguments: ('GET /health HTTP/1.1', '200', '-')
--- Logging error ---
Traceback (most recent call last):
  File "/usr/local/lib/python3.11/logging/__init__.py", line 449, in format
    return self._format(record)
           ^^^^^^^^^^^^^^^^^^^^
  File "/usr/local/lib/python3.11/logging/__init__.py", line 445, in _format
    return self._fmt % values
           ~~~~~~~~~~^~~~~~~~
KeyError: 'request_id'

During handling of the above exception, another exception occurred:

Traceback (most recent call last):
  File "/usr/local/lib/python3.11/logging/__init__.py", line 1110, in emit
    msg = self.format(record)
          ^^^^^^^^^^^^^^^^^^^
  File "/usr/local/lib/python3.11/logging/__init__.py", line 953, in format
    return fmt.format(record)
           ^^^^^^^^^^^^^^^^^^
  File "/usr/local/lib/python3.11/logging/__init__.py", line 690, in format
    s = self.formatMessage(record)
        ^^^^^^^^^^^^^^^^^^^^^^^^^^
  File "/usr/local/lib/python3.11/logging/__init__.py", line 659, in formatMessage
    return self._style.format(record)
           ^^^^^^^^^^^^^^^^^^^^^^^^^^
  File "/usr/local/lib/python3.11/logging/__init__.py", line 451, in format
    raise ValueError('Formatting field not found in record: %s' % e)
ValueError: Formatting field not found in record: 'request_id'
Call stack:
  File "/usr/local/lib/python3.11/threading.py", line 1002, in _bootstrap
    self._bootstrap_inner()
  File "/usr/local/lib/python3.11/threading.py", line 1045, in _bootstrap_inner
    self.run()
  File "/usr/local/lib/python3.11/threading.py", line 982, in run
    self._target(*self._args, **self._kwargs)
  File "/usr/local/lib/python3.11/socketserver.py", line 691, in process_request_thread
    self.finish_request(request, client_address)
  File "/usr/local/lib/python3.11/socketserver.py", line 361, in finish_request
    self.RequestHandlerClass(request, client_address, self)
  File "/usr/local/lib/python3.11/socketserver.py", line 755, in __init__
    self.handle()
  File "/usr/local/lib/python3.11/site-packages/werkzeug/serving.py", line 399, in handle
    super().handle()
  File "/usr/local/lib/python3.11/http/server.py", line 440, in handle
    self.handle_one_request()
  File "/usr/local/lib/python3.11/http/server.py", line 428, in handle_one_request
    method()
  File "/usr/local/lib/python3.11/site-packages/werkzeug/serving.py", line 371, in run_wsgi
    execute(self.server.app)
  File "/usr/local/lib/python3.11/site-packages/werkzeug/serving.py", line 335, in execute
    write(data)
  File "/usr/local/lib/python3.11/site-packages/werkzeug/serving.py", line 272, in write
    self.send_response(code, msg)
  File "/usr/local/lib/python3.11/http/server.py", line 505, in send_response
    self.log_request(code)
  File "/usr/local/lib/python3.11/site-packages/werkzeug/serving.py", line 468, in log_request
    self.log("info", '"%s" %s %s', msg, code, size)
  File "/usr/local/lib/python3.11/site-packages/werkzeug/serving.py", line 479, in log
    _log(
  File "/usr/local/lib/python3.11/site-packages/werkzeug/_internal.py", line 97, in _log
    getattr(_logger, type)(message.rstrip(), *args, **kwargs)
Message: '127.0.0.1 - - [25/Sep/2026 08:28:19] "%s" %s %s'
Arguments: ('GET /health HTTP/1.1', '200', '-')
--- Logging error ---
Traceback (most recent call last):
  File "/usr/local/lib/python3.11/logging/__init__.py", line 449, in format
    return self._format(record)
           ^^^^^^^^^^^^^^^^^^^^
  File "/usr/local/lib/python3.11/logging/__init__.py", line 445, in _format
    return self._fmt % values
           ~~~~~~~~~~^~~~~~~~
KeyError: 'request_id'

During handling of the above exception, another exception occurred:

Traceback (most recent call last):
  File "/usr/local/lib/python3.11/logging/__init__.py", line 1110, in emit
    msg = self.format(record)
          ^^^^^^^^^^^^^^^^^^^
  File "/usr/local/lib/python3.11/logging/__init__.py", line 953, in format
    return fmt.format(record)
           ^^^^^^^^^^^^^^^^^^
  File "/usr/local/lib/python3.11/logging/__init__.py", line 690, in format
    s = self.formatMessage(record)
        ^^^^^^^^^^^^^^^^^^^^^^^^^^
  File "/usr/local/lib/python3.11/logging/__init__.py", line 659, in formatMessage
    return self._style.format(record)
           ^^^^^^^^^^^^^^^^^^^^^^^^^^
  File "/usr/local/lib/python3.11/logging/__init__.py", line 451, in format
    raise ValueError('Formatting field not found in record: %s' % e)
ValueError: Formatting field not found in record: 'request_id'
Call stack:
  File "/usr/local/lib/python3.11/threading.py", line 1002, in _bootstrap
    self._bootstrap_inner()
  File "/usr/local/lib/python3.11/threading.py", line 1045, in _bootstrap_inner
    self.run()
  File "/usr/local/lib/python3.11/threading.py", line 982, in run
    self._target(*self._args, **self._kwargs)
  File "/usr/local/lib/python3.11/socketserver.py", line 691, in process_request_thread
    self.finish_request(request, client_address)
  File "/usr/local/lib/python3.11/socketserver.py", line 361, in finish_request
    self.RequestHandlerClass(request, client_address, self)
  File "/usr/local/lib/python3.11/socketserver.py", line 755, in __init__
    self.handle()
  File "/usr/local/lib/python3.11/site-packages/werkzeug/serving.py", line 399, in handle
    super().handle()
  File "/usr/local/lib/python3.11/http/server.py", line 440, in handle
    self.handle_one_request()
  File "/usr/local/lib/python3.11/http/server.py", line 428, in handle_one_request
    method()
  File "/usr/local/lib/python3.11/site-packages/werkzeug/serving.py", line 371, in run_wsgi
    execute(self.server.app)
  File "/usr/local/lib/python3.11/site-packages/werkzeug/serving.py", line 335, in execute
    write(data)
  File "/usr/local/lib/python3.11/site-packages/werkzeug/serving.py", line 272, in write
    self.send_response(code, msg)
  File "/usr/local/lib/python3.11/http/server.py", line 505, in send_response
    self.log_request(code)
  File "/usr/local/lib/python3.11/site-packages/werkzeug/serving.py", line 468, in log_request
    self.log("info", '"%s" %s %s', msg, code, size)
  File "/usr/local/lib/python3.11/site-packages/werkzeug/serving.py", line 479, in log
    _log(
  File "/usr/local/lib/python3.11/site-packages/werkzeug/_internal.py", line 97, in _log
    getattr(_logger, type)(message.rstrip(), *args, **kwargs)
Message: '127.0.0.1 - - [25/Sep/2026 08:28:29] "%s" %s %s'
Arguments: ('GET /health HTTP/1.1', '200', '-')
--- Logging error ---
Traceback (most recent call last):
  File "/usr/local/lib/python3.11/logging/__init__.py", line 449, in format
    return self._format(record)
           ^^^^^^^^^^^^^^^^^^^^
  File "/usr/local/lib/python3.11/logging/__init__.py", line 445, in _format
    return self._fmt % values
           ~~~~~~~~~~^~~~~~~~
KeyError: 'request_id'

During handling of the above exception, another exception occurred:

Traceback (most recent call last):
  File "/usr/local/lib/python3.11/logging/__init__.py", line 1110, in emit
    msg = self.format(record)
          ^^^^^^^^^^^^^^^^^^^
  File "/usr/local/lib/python3.11/logging/__init__.py", line 953, in format
    return fmt.format(record)
           ^^^^^^^^^^^^^^^^^^
  File "/usr/local/lib/python3.11/logging/__init__.py", line 690, in format
    s = self.formatMessage(record)
        ^^^^^^^^^^^^^^^^^^^^^^^^^^
  File "/usr/local/lib/python3.11/logging/__init__.py", line 659, in formatMessage
    return self._style.format(record)
           ^^^^^^^^^^^^^^^^^^^^^^^^^^
  File "/usr/local/lib/python3.11/logging/__init__.py", line 451, in format
    raise ValueError('Formatting field not found in record: %s' % e)
ValueError: Formatting field not found in record: 'request_id'
Call stack:
  File "/usr/local/lib/python3.11/threading.py", line 1002, in _bootstrap
    self._bootstrap_inner()
  File "/usr/local/lib/python3.11/threading.py", line 1045, in _bootstrap_inner
    self.run()
  File "/usr/local/lib/python3.11/threading.py", line 982, in run
    self._target(*self._args, **self._kwargs)
  File "/usr/local/lib/python3.11/socketserver.py", line 691, in process_request_thread
    self.finish_request(request, client_address)
  File "/usr/local/lib/python3.11/socketserver.py", line 361, in finish_request
    self.RequestHandlerClass(request, client_address, self)
  File "/usr/local/lib/python3.11/socketserver.py", line 755, in __init__
    self.handle()
  File "/usr/local/lib/python3.11/site-packages/werkzeug/serving.py", line 399, in handle
    super().handle()
  File "/usr/local/lib/python3.11/http/server.py", line 440, in handle
    self.handle_one_request()
  File "/usr/local/lib/python3.11/http/server.py", line 428, in handle_one_request
    method()
  File "/usr/local/lib/python3.11/site-packages/werkzeug/serving.py", line 371, in run_wsgi
    execute(self.server.app)
  File "/usr/local/lib/python3.11/site-packages/werkzeug/serving.py", line 335, in execute
    write(data)
  File "/usr/local/lib/python3.11/site-packages/werkzeug/serving.py", line 272, in write
    self.send_response(code, msg)
  File "/usr/local/lib/python3.11/http/server.py", line 505, in send_response
    self.log_request(code)
  File "/usr/local/lib/python3.11/site-packages/werkzeug/serving.py", line 468, in log_request
    self.log("info", '"%s" %s %s', msg, code, size)
  File "/usr/local/lib/python3.11/site-packages/werkzeug/serving.py", line 479, in log
    _log(
  File "/usr/local/lib/python3.11/site-packages/werkzeug/_internal.py", line 97, in _log
    getattr(_logger, type)(message.rstrip(), *args, **kwargs)
Message: '127.0.0.1 - - [25/Sep/2026 08:28:39] "%s" %s %s'
Arguments: ('GET /health HTTP/1.1', '200', '-')
--- Logging error ---
Traceback (most recent call last):
  File "/usr/local/lib/python3.11/logging/__init__.py", line 449, in format
    return self._format(record)
           ^^^^^^^^^^^^^^^^^^^^
  File "/usr/local/lib/python3.11/logging/__init__.py", line 445, in _format
    return self._fmt % values
           ~~~~~~~~~~^~~~~~~~
KeyError: 'request_id'

During handling of the above exception, another exception occurred:

Traceback (most recent call last):
  File "/usr/local/lib/python3.11/logging/__init__.py", line 1110, in emit
    msg = self.format(record)
          ^^^^^^^^^^^^^^^^^^^
  File "/usr/local/lib/python3.11/logging/__init__.py", line 953, in format
    return fmt.format(record)
           ^^^^^^^^^^^^^^^^^^
  File "/usr/local/lib/python3.11/logging/__init__.py", line 690, in format
    s = self.formatMessage(record)
        ^^^^^^^^^^^^^^^^^^^^^^^^^^
  File "/usr/local/lib/python3.11/logging/__init__.py", line 659, in formatMessage
    return self._style.format(record)
           ^^^^^^^^^^^^^^^^^^^^^^^^^^
  File "/usr/local/lib/python3.11/logging/__init__.py", line 451, in format
    raise ValueError('Formatting field not found in record: %s' % e)
ValueError: Formatting field not found in record: 'request_id'
Call stack:
  File "/usr/local/lib/python3.11/threading.py", line 1002, in _bootstrap
    self._bootstrap_inner()
  File "/usr/local/lib/python3.11/threading.py", line 1045, in _bootstrap_inner
    self.run()
  File "/usr/local/lib/python3.11/threading.py", line 982, in run
    self._target(*self._args, **self._kwargs)
  File "/usr/local/lib/python3.11/socketserver.py", line 691, in process_request_thread
    self.finish_request(request, client_address)
  File "/usr/local/lib/python3.11/socketserver.py", line 361, in finish_request
    self.RequestHandlerClass(request, client_address, self)
  File "/usr/local/lib/python3.11/socketserver.py", line 755, in __init__
    self.handle()
  File "/usr/local/lib/python3.11/site-packages/werkzeug/serving.py", line 399, in handle
    super().handle()
  File "/usr/local/lib/python3.11/http/server.py", line 440, in handle
    self.handle_one_request()
  File "/usr/local/lib/python3.11/http/server.py", line 428, in handle_one_request
    method()
  File "/usr/local/lib/python3.11/site-packages/werkzeug/serving.py", line 371, in run_wsgi
    execute(self.server.app)
  File "/usr/local/lib/python3.11/site-packages/werkzeug/serving.py", line 335, in execute
    write(data)
  File "/usr/local/lib/python3.11/site-packages/werkzeug/serving.py", line 272, in write
    self.send_response(code, msg)
  File "/usr/local/lib/python3.11/http/server.py", line 505, in send_response
    self.log_request(code)
  File "/usr/local/lib/python3.11/site-packages/werkzeug/serving.py", line 468, in log_request
    self.log("info", '"%s" %s %s', msg, code, size)
  File "/usr/local/lib/python3.11/site-packages/werkzeug/serving.py", line 479, in log
    _log(
  File "/usr/local/lib/python3.11/site-packages/werkzeug/_internal.py", line 97, in _log
    getattr(_logger, type)(message.rstrip(), *args, **kwargs)
Message: '127.0.0.1 - - [25/Sep/2026 08:28:49] "%s" %s %s'
Arguments: ('GET /health HTTP/1.1', '200', '-')
--- Logging error ---
Traceback (most recent call last):
  File "/usr/local/lib/python3.11/logging/__init__.py", line 449, in format
    return self._format(record)
           ^^^^^^^^^^^^^^^^^^^^
  File "/usr/local/lib/python3.11/logging/__init__.py", line 445, in _format
    return self._fmt % values
           ~~~~~~~~~~^~~~~~~~
KeyError: 'request_id'

During handling of the above exception, another exception occurred:

Traceback (most recent call last):
  File "/usr/local/lib/python3.11/logging/__init__.py", line 1110, in emit
    msg = self.format(record)
          ^^^^^^^^^^^^^^^^^^^
  File "/usr/local/lib/python3.11/logging/__init__.py", line 953, in format
    return fmt.format(record)
           ^^^^^^^^^^^^^^^^^^
  File "/usr/local/lib/python3.11/logging/__init__.py", line 690, in format
    s = self.formatMessage(record)
        ^^^^^^^^^^^^^^^^^^^^^^^^^^
  File "/usr/local/lib/python3.11/logging/__init__.py", line 659, in formatMessage
    return self._style.format(record)
           ^^^^^^^^^^^^^^^^^^^^^^^^^^
  File "/usr/local/lib/python3.11/logging/__init__.py", line 451, in format
    raise ValueError('Formatting field not found in record: %s' % e)
ValueError: Formatting field not found in record: 'request_id'
Call stack:
  File "/usr/local/lib/python3.11/threading.py", line 1002, in _bootstrap
    self._bootstrap_inner()
  File "/usr/local/lib/python3.11/threading.py", line 1045, in _bootstrap_inner
    self.run()
  File "/usr/local/lib/python3.11/threading.py", line 982, in run
    self._target(*self._args, **self._kwargs)
  File "/usr/local/lib/python3.11/socketserver.py", line 691, in process_request_thread
    self.finish_request(request, client_address)
  File "/usr/local/lib/python3.11/socketserver.py", line 361, in finish_request
    self.RequestHandlerClass(request, client_address, self)
  File "/usr/local/lib/python3.11/socketserver.py", line 755, in __init__
    self.handle()
  File "/usr/local/lib/python3.11/site-packages/werkzeug/serving.py", line 399, in handle
    super().handle()
  File "/usr/local/lib/python3.11/http/server.py", line 440, in handle
    self.handle_one_request()
  File "/usr/local/lib/python3.11/http/server.py", line 428, in handle_one_request
    method()
  File "/usr/local/lib/python3.11/site-packages/werkzeug/serving.py", line 371, in run_wsgi
    execute(self.server.app)
  File "/usr/local/lib/python3.11/site-packages/werkzeug/serving.py", line 335, in execute
    write(data)
  File "/usr/local/lib/python3.11/site-packages/werkzeug/serving.py", line 272, in write
    self.send_response(code, msg)
  File "/usr/local/lib/python3.11/http/server.py", line 505, in send_response
    self.log_request(code)
  File "/usr/local/lib/python3.11/site-packages/werkzeug/serving.py", line 468, in log_request
    self.log("info", '"%s" %s %s', msg, code, size)
  File "/usr/local/lib/python3.11/site-packages/werkzeug/serving.py", line 479, in log
    _log(
  File "/usr/local/lib/python3.11/site-packages/werkzeug/_internal.py", line 97, in _log
    getattr(_logger, type)(message.rstrip(), *args, **kwargs)
Message: '127.0.0.1 - - [25/Sep/2026 08:28:59] "%s" %s %s'
Arguments: ('GET /health HTTP/1.1', '200', '-')
--- Logging error ---
Traceback (most recent call last):
  File "/usr/local/lib/python3.11/logging/__init__.py", line 449, in format
    return self._format(record)
           ^^^^^^^^^^^^^^^^^^^^
  File "/usr/local/lib/python3.11/logging/__init__.py", line 445, in _format
    return self._fmt % values
           ~~~~~~~~~~^~~~~~~~
KeyError: 'request_id'

During handling of the above exception, another exception occurred:

Traceback (most recent call last):
  File "/usr/local/lib/python3.11/logging/__init__.py", line 1110, in emit
    msg = self.format(record)
          ^^^^^^^^^^^^^^^^^^^
  File "/usr/local/lib/python3.11/logging/__init__.py", line 953, in format
    return fmt.format(record)
           ^^^^^^^^^^^^^^^^^^
  File "/usr/local/lib/python3.11/logging/__init__.py", line 690, in format
    s = self.formatMessage(record)
        ^^^^^^^^^^^^^^^^^^^^^^^^^^
  File "/usr/local/lib/python3.11/logging/__init__.py", line 659, in formatMessage
    return self._style.format(record)
           ^^^^^^^^^^^^^^^^^^^^^^^^^^
  File "/usr/local/lib/python3.11/logging/__init__.py", line 451, in format
    raise ValueError('Formatting field not found in record: %s' % e)
ValueError: Formatting field not found in record: 'request_id'
Call stack:
  File "/usr/local/lib/python3.11/threading.py", line 1002, in _bootstrap
    self._bootstrap_inner()
  File "/usr/local/lib/python3.11/threading.py", line 1045, in _bootstrap_inner
    self.run()
  File "/usr/local/lib/python3.11/threading.py", line 982, in run
    self._target(*self._args, **self._kwargs)
  File "/usr/local/lib/python3.11/socketserver.py", line 691, in process_request_thread
    self.finish_request(request, client_address)
  File "/usr/local/lib/python3.11/socketserver.py", line 361, in finish_request
    self.RequestHandlerClass(request, client_address, self)
  File "/usr/local/lib/python3.11/socketserver.py", line 755, in __init__
    self.handle()
  File "/usr/local/lib/python3.11/site-packages/werkzeug/serving.py", line 399, in handle
    super().handle()
  File "/usr/local/lib/python3.11/http/server.py", line 440, in handle
    self.handle_one_request()
  File "/usr/local/lib/python3.11/http/server.py", line 428, in handle_one_request
    method()
  File "/usr/local/lib/python3.11/site-packages/werkzeug/serving.py", line 371, in run_wsgi
    execute(self.server.app)
  File "/usr/local/lib/python3.11/site-packages/werkzeug/serving.py", line 335, in execute
    write(data)
  File "/usr/local/lib/python3.11/site-packages/werkzeug/serving.py", line 272, in write
    self.send_response(code, msg)
  File "/usr/local/lib/python3.11/http/server.py", line 505, in send_response
    self.log_request(code)
  File "/usr/local/lib/python3.11/site-packages/werkzeug/serving.py", line 468, in log_request
    self.log("info", '"%s" %s %s', msg, code, size)
  File "/usr/local/lib/python3.11/site-packages/werkzeug/serving.py", line 479, in log
    _log(
  File "/usr/local/lib/python3.11/site-packages/werkzeug/_internal.py", line 97, in _log
    getattr(_logger, type)(message.rstrip(), *args, **kwargs)
Message: '127.0.0.1 - - [25/Sep/2026 08:29:09] "%s" %s %s'
Arguments: ('GET /health HTTP/1.1', '200', '-')
--- Logging error ---
Traceback (most recent call last):
  File "/usr/local/lib/python3.11/logging/__init__.py", line 449, in format
    return self._format(record)
           ^^^^^^^^^^^^^^^^^^^^
  File "/usr/local/lib/python3.11/logging/__init__.py", line 445, in _format
    return self._fmt % values
           ~~~~~~~~~~^~~~~~~~
KeyError: 'request_id'

During handling of the above exception, another exception occurred:

Traceback (most recent call last):
  File "/usr/local/lib/python3.11/logging/__init__.py", line 1110, in emit
    msg = self.format(record)
          ^^^^^^^^^^^^^^^^^^^
  File "/usr/local/lib/python3.11/logging/__init__.py", line 953, in format
    return fmt.format(record)
           ^^^^^^^^^^^^^^^^^^
  File "/usr/local/lib/python3.11/logging/__init__.py", line 690, in format
    s = self.formatMessage(record)
        ^^^^^^^^^^^^^^^^^^^^^^^^^^
  File "/usr/local/lib/python3.11/logging/__init__.py", line 659, in formatMessage
    return self._style.format(record)
           ^^^^^^^^^^^^^^^^^^^^^^^^^^
  File "/usr/local/lib/python3.11/logging/__init__.py", line 451, in format
    raise ValueError('Formatting field not found in record: %s' % e)
ValueError: Formatting field not found in record: 'request_id'
Call stack:
  File "/usr/local/lib/python3.11/threading.py", line 1002, in _bootstrap
    self._bootstrap_inner()
  File "/usr/local/lib/python3.11/threading.py", line 1045, in _bootstrap_inner
    self.run()
  File "/usr/local/lib/python3.11/threading.py", line 982, in run
    self._target(*self._args, **self._kwargs)
  File "/usr/local/lib/python3.11/socketserver.py", line 691, in process_request_thread
    self.finish_request(request, client_address)
  File "/usr/local/lib/python3.11/socketserver.py", line 361, in finish_request
    self.RequestHandlerClass(request, client_address, self)
  File "/usr/local/lib/python3.11/socketserver.py", line 755, in __init__
    self.handle()
  File "/usr/local/lib/python3.11/site-packages/werkzeug/serving.py", line 399, in handle
    super().handle()
  File "/usr/local/lib/python3.11/http/server.py", line 440, in handle
    self.handle_one_request()
  File "/usr/local/lib/python3.11/http/server.py", line 428, in handle_one_request
    method()
  File "/usr/local/lib/python3.11/site-packages/werkzeug/serving.py", line 371, in run_wsgi
    execute(self.server.app)
  File "/usr/local/lib/python3.11/site-packages/werkzeug/serving.py", line 335, in execute
    write(data)
  File "/usr/local/lib/python3.11/site-packages/werkzeug/serving.py", line 272, in write
    self.send_response(code, msg)
  File "/usr/local/lib/python3.11/http/server.py", line 505, in send_response
    self.log_request(code)
  File "/usr/local/lib/python3.11/site-packages/werkzeug/serving.py", line 468, in log_request
    self.log("info", '"%s" %s %s', msg, code, size)
  File "/usr/local/lib/python3.11/site-packages/werkzeug/serving.py", line 479, in log
    _log(
  File "/usr/local/lib/python3.11/site-packages/werkzeug/_internal.py", line 97, in _log
    getattr(_logger, type)(message.rstrip(), *args, **kwargs)
Message: '127.0.0.1 - - [25/Sep/2026 08:29:20] "%s" %s %s'
Arguments: ('GET /health HTTP/1.1', '200', '-')
--- Logging error ---
Traceback (most recent call last):
  File "/usr/local/lib/python3.11/logging/__init__.py", line 449, in format
    return self._format(record)
           ^^^^^^^^^^^^^^^^^^^^
  File "/usr/local/lib/python3.11/logging/__init__.py", line 445, in _format
    return self._fmt % values
           ~~~~~~~~~~^~~~~~~~
KeyError: 'request_id'

During handling of the above exception, another exception occurred:

Traceback (most recent call last):
  File "/usr/local/lib/python3.11/logging/__init__.py", line 1110, in emit
    msg = self.format(record)
          ^^^^^^^^^^^^^^^^^^^
  File "/usr/local/lib/python3.11/logging/__init__.py", line 953, in format
    return fmt.format(record)
           ^^^^^^^^^^^^^^^^^^
  File "/usr/local/lib/python3.11/logging/__init__.py", line 690, in format
    s = self.formatMessage(record)
        ^^^^^^^^^^^^^^^^^^^^^^^^^^
  File "/usr/local/lib/python3.11/logging/__init__.py", line 659, in formatMessage
    return self._style.format(record)
           ^^^^^^^^^^^^^^^^^^^^^^^^^^
  File "/usr/local/lib/python3.11/logging/__init__.py", line 451, in format
    raise ValueError('Formatting field not found in record: %s' % e)
ValueError: Formatting field not found in record: 'request_id'
Call stack:
  File "/usr/local/lib/python3.11/threading.py", line 1002, in _bootstrap
    self._bootstrap_inner()
  File "/usr/local/lib/python3.11/threading.py", line 1045, in _bootstrap_inner
    self.run()
  File "/usr/local/lib/python3.11/threading.py", line 982, in run
    self._target(*self._args, **self._kwargs)
  File "/usr/local/lib/python3.11/socketserver.py", line 691, in process_request_thread
    self.finish_request(request, client_address)
  File "/usr/local/lib/python3.11/socketserver.py", line 361, in finish_request
    self.RequestHandlerClass(request, client_address, self)
  File "/usr/local/lib/python3.11/socketserver.py", line 755, in __init__
    self.handle()
  File "/usr/local/lib/python3.11/site-packages/werkzeug/serving.py", line 399, in handle
    super().handle()
  File "/usr/local/lib/python3.11/http/server.py", line 440, in handle
    self.handle_one_request()
  File "/usr/local/lib/python3.11/http/server.py", line 428, in handle_one_request
    method()
  File "/usr/local/lib/python3.11/site-packages/werkzeug/serving.py", line 371, in run_wsgi
    execute(self.server.app)
  File "/usr/local/lib/python3.11/site-packages/werkzeug/serving.py", line 335, in execute
    write(data)
  File "/usr/local/lib/python3.11/site-packages/werkzeug/serving.py", line 272, in write
    self.send_response(code, msg)
  File "/usr/local/lib/python3.11/http/server.py", line 505, in send_response
    self.log_request(code)
  File "/usr/local/lib/python3.11/site-packages/werkzeug/serving.py", line 468, in log_request
    self.log("info", '"%s" %s %s', msg, code, size)
  File "/usr/local/lib/python3.11/site-packages/werkzeug/serving.py", line 479, in log
    _log(
  File "/usr/local/lib/python3.11/site-packages/werkzeug/_internal.py", line 97, in _log
    getattr(_logger, type)(message.rstrip(), *args, **kwargs)
Message: '127.0.0.1 - - [25/Sep/2026 08:29:30] "%s" %s %s'
Arguments: ('GET /health HTTP/1.1', '200', '-')
--- Logging error ---
Traceback (most recent call last):
  File "/usr/local/lib/python3.11/logging/__init__.py", line 449, in format
    return self._format(record)
           ^^^^^^^^^^^^^^^^^^^^
  File "/usr/local/lib/python3.11/logging/__init__.py", line 445, in _format
    return self._fmt % values
           ~~~~~~~~~~^~~~~~~~
KeyError: 'request_id'

During handling of the above exception, another exception occurred:

Traceback (most recent call last):
  File "/usr/local/lib/python3.11/logging/__init__.py", line 1110, in emit
    msg = self.format(record)
          ^^^^^^^^^^^^^^^^^^^
  File "/usr/local/lib/python3.11/logging/__init__.py", line 953, in format
    return fmt.format(record)
           ^^^^^^^^^^^^^^^^^^
  File "/usr/local/lib/python3.11/logging/__init__.py", line 690, in format
    s = self.formatMessage(record)
        ^^^^^^^^^^^^^^^^^^^^^^^^^^
  File "/usr/local/lib/python3.11/logging/__init__.py", line 659, in formatMessage
    return self._style.format(record)
           ^^^^^^^^^^^^^^^^^^^^^^^^^^
  File "/usr/local/lib/python3.11/logging/__init__.py", line 451, in format
    raise ValueError('Formatting field not found in record: %s' % e)
ValueError: Formatting field not found in record: 'request_id'
Call stack:
  File "/usr/local/lib/python3.11/threading.py", line 1002, in _bootstrap
    self._bootstrap_inner()
  File "/usr/local/lib/python3.11/threading.py", line 1045, in _bootstrap_inner
    self.run()
  File "/usr/local/lib/python3.11/threading.py", line 982, in run
    self._target(*self._args, **self._kwargs)
  File "/usr/local/lib/python3.11/socketserver.py", line 691, in process_request_thread
    self.finish_request(request, client_address)
  File "/usr/local/lib/python3.11/socketserver.py", line 361, in finish_request
    self.RequestHandlerClass(request, client_address, self)
  File "/usr/local/lib/python3.11/socketserver.py", line 755, in __init__
    self.handle()
  File "/usr/local/lib/python3.11/site-packages/werkzeug/serving.py", line 399, in handle
    super().handle()
  File "/usr/local/lib/python3.11/http/server.py", line 440, in handle
    self.handle_one_request()
  File "/usr/local/lib/python3.11/http/server.py", line 428, in handle_one_request
    method()
  File "/usr/local/lib/python3.11/site-packages/werkzeug/serving.py", line 371, in run_wsgi
    execute(self.server.app)
  File "/usr/local/lib/python3.11/site-packages/werkzeug/serving.py", line 335, in execute
    write(data)
  File "/usr/local/lib/python3.11/site-packages/werkzeug/serving.py", line 272, in write
    self.send_response(code, msg)
  File "/usr/local/lib/python3.11/http/server.py", line 505, in send_response
    self.log_request(code)
  File "/usr/local/lib/python3.11/site-packages/werkzeug/serving.py", line 468, in log_request
    self.log("info", '"%s" %s %s', msg, code, size)
  File "/usr/local/lib/python3.11/site-packages/werkzeug/serving.py", line 479, in log
    _log(
  File "/usr/local/lib/python3.11/site-packages/werkzeug/_internal.py", line 97, in _log
    getattr(_logger, type)(message.rstrip(), *args, **kwargs)
Message: '127.0.0.1 - - [25/Sep/2026 08:29:40] "%s" %s %s'
Arguments: ('GET /health HTTP/1.1', '200', '-')
--- Logging error ---
Traceback (most recent call last):
  File "/usr/local/lib/python3.11/logging/__init__.py", line 449, in format
    return self._format(record)
           ^^^^^^^^^^^^^^^^^^^^
  File "/usr/local/lib/python3.11/logging/__init__.py", line 445, in _format
    return self._fmt % values
           ~~~~~~~~~~^~~~~~~~
KeyError: 'request_id'

During handling of the above exception, another exception occurred:

Traceback (most recent call last):
  File "/usr/local/lib/python3.11/logging/__init__.py", line 1110, in emit
    msg = self.format(record)
          ^^^^^^^^^^^^^^^^^^^
  File "/usr/local/lib/python3.11/logging/__init__.py", line 953, in format
    return fmt.format(record)
           ^^^^^^^^^^^^^^^^^^
  File "/usr/local/lib/python3.11/logging/__init__.py", line 690, in format
    s = self.formatMessage(record)
        ^^^^^^^^^^^^^^^^^^^^^^^^^^
  File "/usr/local/lib/python3.11/logging/__init__.py", line 659, in formatMessage
    return self._style.format(record)
           ^^^^^^^^^^^^^^^^^^^^^^^^^^
  File "/usr/local/lib/python3.11/logging/__init__.py", line 451, in format
    raise ValueError('Formatting field not found in record: %s' % e)
ValueError: Formatting field not found in record: 'request_id'
Call stack:
  File "/usr/local/lib/python3.11/threading.py", line 1002, in _bootstrap
    self._bootstrap_inner()
  File "/usr/local/lib/python3.11/threading.py", line 1045, in _bootstrap_inner
    self.run()
  File "/usr/local/lib/python3.11/threading.py", line 982, in run
    self._target(*self._args, **self._kwargs)
  File "/usr/local/lib/python3.11/socketserver.py", line 691, in process_request_thread
    self.finish_request(request, client_address)
  File "/usr/local/lib/python3.11/socketserver.py", line 361, in finish_request
    self.RequestHandlerClass(request, client_address, self)
  File "/usr/local/lib/python3.11/socketserver.py", line 755, in __init__
    self.handle()
  File "/usr/local/lib/python3.11/site-packages/werkzeug/serving.py", line 399, in handle
    super().handle()
  File "/usr/local/lib/python3.11/http/server.py", line 440, in handle
    self.handle_one_request()
  File "/usr/local/lib/python3.11/http/server.py", line 428, in handle_one_request
    method()
  File "/usr/local/lib/python3.11/site-packages/werkzeug/serving.py", line 371, in run_wsgi
    execute(self.server.app)
  File "/usr/local/lib/python3.11/site-packages/werkzeug/serving.py", line 335, in execute
    write(data)
  File "/usr/local/lib/python3.11/site-packages/werkzeug/serving.py", line 272, in write
    self.send_response(code, msg)
  File "/usr/local/lib/python3.11/http/server.py", line 505, in send_response
    self.log_request(code)
  File "/usr/local/lib/python3.11/site-packages/werkzeug/serving.py", line 468, in log_request
    self.log("info", '"%s" %s %s', msg, code, size)
  File "/usr/local/lib/python3.11/site-packages/werkzeug/serving.py", line 479, in log
    _log(
  File "/usr/local/lib/python3.11/site-packages/werkzeug/_internal.py", line 97, in _log
    getattr(_logger, type)(message.rstrip(), *args, **kwargs)
Message: '127.0.0.1 - - [25/Sep/2026 08:29:50] "%s" %s %s'
Arguments: ('GET /health HTTP/1.1', '200', '-')
--- Logging error ---
Traceback (most recent call last):
  File "/usr/local/lib/python3.11/logging/__init__.py", line 449, in format
    return self._format(record)
           ^^^^^^^^^^^^^^^^^^^^
  File "/usr/local/lib/python3.11/logging/__init__.py", line 445, in _format
    return self._fmt % values
           ~~~~~~~~~~^~~~~~~~
KeyError: 'request_id'

During handling of the above exception, another exception occurred:

Traceback (most recent call last):
  File "/usr/local/lib/python3.11/logging/__init__.py", line 1110, in emit
    msg = self.format(record)
          ^^^^^^^^^^^^^^^^^^^
  File "/usr/local/lib/python3.11/logging/__init__.py", line 953, in format
    return fmt.format(record)
           ^^^^^^^^^^^^^^^^^^
  File "/usr/local/lib/python3.11/logging/__init__.py", line 690, in format
    s = self.formatMessage(record)
        ^^^^^^^^^^^^^^^^^^^^^^^^^^
  File "/usr/local/lib/python3.11/logging/__init__.py", line 659, in formatMessage
    return self._style.format(record)
           ^^^^^^^^^^^^^^^^^^^^^^^^^^
  File "/usr/local/lib/python3.11/logging/__init__.py", line 451, in format
    raise ValueError('Formatting field not found in record: %s' % e)
ValueError: Formatting field not found in record: 'request_id'
Call stack:
  File "/usr/local/lib/python3.11/threading.py", line 1002, in _bootstrap
    self._bootstrap_inner()
  File "/usr/local/lib/python3.11/threading.py", line 1045, in _bootstrap_inner
    self.run()
  File "/usr/local/lib/python3.11/threading.py", line 982, in run
    self._target(*self._args, **self._kwargs)
  File "/usr/local/lib/python3.11/socketserver.py", line 691, in process_request_thread
    self.finish_request(request, client_address)
  File "/usr/local/lib/python3.11/socketserver.py", line 361, in finish_request
    self.RequestHandlerClass(request, client_address, self)
  File "/usr/local/lib/python3.11/socketserver.py", line 755, in __init__
    self.handle()
  File "/usr/local/lib/python3.11/site-packages/werkzeug/serving.py", line 399, in handle
    super().handle()
  File "/usr/local/lib/python3.11/http/server.py", line 440, in handle
    self.handle_one_request()
  File "/usr/local/lib/python3.11/http/server.py", line 428, in handle_one_request
    method()
  File "/usr/local/lib/python3.11/site-packages/werkzeug/serving.py", line 371, in run_wsgi
    execute(self.server.app)
  File "/usr/local/lib/python3.11/site-packages/werkzeug/serving.py", line 335, in execute
    write(data)
  File "/usr/local/lib/python3.11/site-packages/werkzeug/serving.py", line 272, in write
    self.send_response(code, msg)
  File "/usr/local/lib/python3.11/http/server.py", line 505, in send_response
    self.log_request(code)
  File "/usr/local/lib/python3.11/site-packages/werkzeug/serving.py", line 468, in log_request
    self.log("info", '"%s" %s %s', msg, code, size)
  File "/usr/local/lib/python3.11/site-packages/werkzeug/serving.py", line 479, in log
    _log(
  File "/usr/local/lib/python3.11/site-packages/werkzeug/_internal.py", line 97, in _log
    getattr(_logger, type)(message.rstrip(), *args, **kwargs)
Message: '127.0.0.1 - - [25/Sep/2026 08:30:00] "%s" %s %s'
Arguments: ('GET /health HTTP/1.1', '200', '-')
--- Logging error ---
Traceback (most recent call last):
  File "/usr/local/lib/python3.11/logging/__init__.py", line 449, in format
    return self._format(record)
           ^^^^^^^^^^^^^^^^^^^^
  File "/usr/local/lib/python3.11/logging/__init__.py", line 445, in _format
    return self._fmt % values
           ~~~~~~~~~~^~~~~~~~
KeyError: 'request_id'

During handling of the above exception, another exception occurred:

Traceback (most recent call last):
  File "/usr/local/lib/python3.11/logging/__init__.py", line 1110, in emit
    msg = self.format(record)
          ^^^^^^^^^^^^^^^^^^^
  File "/usr/local/lib/python3.11/logging/__init__.py", line 953, in format
    return fmt.format(record)
           ^^^^^^^^^^^^^^^^^^
  File "/usr/local/lib/python3.11/logging/__init__.py", line 690, in format
    s = self.formatMessage(record)
        ^^^^^^^^^^^^^^^^^^^^^^^^^^
  File "/usr/local/lib/python3.11/logging/__init__.py", line 659, in formatMessage
    return self._style.format(record)
           ^^^^^^^^^^^^^^^^^^^^^^^^^^
  File "/usr/local/lib/python3.11/logging/__init__.py", line 451, in format
    raise ValueError('Formatting field not found in record: %s' % e)
ValueError: Formatting field not found in record: 'request_id'
Call stack:
  File "/usr/local/lib/python3.11/threading.py", line 1002, in _bootstrap
    self._bootstrap_inner()
  File "/usr/local/lib/python3.11/threading.py", line 1045, in _bootstrap_inner
    self.run()
  File "/usr/local/lib/python3.11/threading.py", line 982, in run
    self._target(*self._args, **self._kwargs)
  File "/usr/local/lib/python3.11/socketserver.py", line 691, in process_request_thread
    self.finish_request(request, client_address)
  File "/usr/local/lib/python3.11/socketserver.py", line 361, in finish_request
    self.RequestHandlerClass(request, client_address, self)
  File "/usr/local/lib/python3.11/socketserver.py", line 755, in __init__
    self.handle()
  File "/usr/local/lib/python3.11/site-packages/werkzeug/serving.py", line 399, in handle
    super().handle()
  File "/usr/local/lib/python3.11/http/server.py", line 440, in handle
    self.handle_one_request()
  File "/usr/local/lib/python3.11/http/server.py", line 428, in handle_one_request
    method()
  File "/usr/local/lib/python3.11/site-packages/werkzeug/serving.py", line 371, in run_wsgi
    execute(self.server.app)
  File "/usr/local/lib/python3.11/site-packages/werkzeug/serving.py", line 335, in execute
    write(data)
  File "/usr/local/lib/python3.11/site-packages/werkzeug/serving.py", line 272, in write
    self.send_response(code, msg)
  File "/usr/local/lib/python3.11/http/server.py", line 505, in send_response
    self.log_request(code)
  File "/usr/local/lib/python3.11/site-packages/werkzeug/serving.py", line 468, in log_request
    self.log("info", '"%s" %s %s', msg, code, size)
  File "/usr/local/lib/python3.11/site-packages/werkzeug/serving.py", line 479, in log
    _log(
  File "/usr/local/lib/python3.11/site-packages/werkzeug/_internal.py", line 97, in _log
    getattr(_logger, type)(message.rstrip(), *args, **kwargs)
Message: '127.0.0.1 - - [25/Sep/2026 08:30:10] "%s" %s %s'
Arguments: ('GET /health HTTP/1.1', '200', '-')
--- Logging error ---
Traceback (most recent call last):
  File "/usr/local/lib/python3.11/logging/__init__.py", line 449, in format
    return self._format(record)
           ^^^^^^^^^^^^^^^^^^^^
  File "/usr/local/lib/python3.11/logging/__init__.py", line 445, in _format
    return self._fmt % values
           ~~~~~~~~~~^~~~~~~~
KeyError: 'request_id'

During handling of the above exception, another exception occurred:

Traceback (most recent call last):
  File "/usr/local/lib/python3.11/logging/__init__.py", line 1110, in emit
    msg = self.format(record)
          ^^^^^^^^^^^^^^^^^^^
  File "/usr/local/lib/python3.11/logging/__init__.py", line 953, in format
    return fmt.format(record)
           ^^^^^^^^^^^^^^^^^^
  File "/usr/local/lib/python3.11/logging/__init__.py", line 690, in format
    s = self.formatMessage(record)
        ^^^^^^^^^^^^^^^^^^^^^^^^^^
  File "/usr/local/lib/python3.11/logging/__init__.py", line 659, in formatMessage
    return self._style.format(record)
           ^^^^^^^^^^^^^^^^^^^^^^^^^^
  File "/usr/local/lib/python3.11/logging/__init__.py", line 451, in format
    raise ValueError('Formatting field not found in record: %s' % e)
ValueError: Formatting field not found in record: 'request_id'
Call stack:
  File "/usr/local/lib/python3.11/threading.py", line 1002, in _bootstrap
    self._bootstrap_inner()
  File "/usr/local/lib/python3.11/threading.py", line 1045, in _bootstrap_inner
    self.run()
  File "/usr/local/lib/python3.11/threading.py", line 982, in run
    self._target(*self._args, **self._kwargs)
  File "/usr/local/lib/python3.11/socketserver.py", line 691, in process_request_thread
    self.finish_request(request, client_address)
  File "/usr/local/lib/python3.11/socketserver.py", line 361, in finish_request
    self.RequestHandlerClass(request, client_address, self)
  File "/usr/local/lib/python3.11/socketserver.py", line 755, in __init__
    self.handle()
  File "/usr/local/lib/python3.11/site-packages/werkzeug/serving.py", line 399, in handle
    super().handle()
  File "/usr/local/lib/python3.11/http/server.py", line 440, in handle
    self.handle_one_request()
  File "/usr/local/lib/python3.11/http/server.py", line 428, in handle_one_request
    method()
  File "/usr/local/lib/python3.11/site-packages/werkzeug/serving.py", line 371, in run_wsgi
    execute(self.server.app)
  File "/usr/local/lib/python3.11/site-packages/werkzeug/serving.py", line 335, in execute
    write(data)
  File "/usr/local/lib/python3.11/site-packages/werkzeug/serving.py", line 272, in write
    self.send_response(code, msg)
  File "/usr/local/lib/python3.11/http/server.py", line 505, in send_response
    self.log_request(code)
  File "/usr/local/lib/python3.11/site-packages/werkzeug/serving.py", line 468, in log_request
    self.log("info", '"%s" %s %s', msg, code, size)
  File "/usr/local/lib/python3.11/site-packages/werkzeug/serving.py", line 479, in log
    _log(
  File "/usr/local/lib/python3.11/site-packages/werkzeug/_internal.py", line 97, in _log
    getattr(_logger, type)(message.rstrip(), *args, **kwargs)
Message: '127.0.0.1 - - [25/Sep/2026 08:30:20] "%s" %s %s'
Arguments: ('GET /health HTTP/1.1', '200', '-')
--- Logging error ---
Traceback (most recent call last):
  File "/usr/local/lib/python3.11/logging/__init__.py", line 449, in format
    return self._format(record)
           ^^^^^^^^^^^^^^^^^^^^
  File "/usr/local/lib/python3.11/logging/__init__.py", line 445, in _format
    return self._fmt % values
           ~~~~~~~~~~^~~~~~~~
KeyError: 'request_id'

During handling of the above exception, another exception occurred:

Traceback (most recent call last):
  File "/usr/local/lib/python3.11/logging/__init__.py", line 1110, in emit
    msg = self.format(record)
          ^^^^^^^^^^^^^^^^^^^
  File "/usr/local/lib/python3.11/logging/__init__.py", line 953, in format
    return fmt.format(record)
           ^^^^^^^^^^^^^^^^^^
  File "/usr/local/lib/python3.11/logging/__init__.py", line 690, in format
    s = self.formatMessage(record)
        ^^^^^^^^^^^^^^^^^^^^^^^^^^
  File "/usr/local/lib/python3.11/logging/__init__.py", line 659, in formatMessage
    return self._style.format(record)
           ^^^^^^^^^^^^^^^^^^^^^^^^^^
  File "/usr/local/lib/python3.11/logging/__init__.py", line 451, in format
    raise ValueError('Formatting field not found in record: %s' % e)
ValueError: Formatting field not found in record: 'request_id'
Call stack:
  File "/usr/local/lib/python3.11/threading.py", line 1002, in _bootstrap
    self._bootstrap_inner()
  File "/usr/local/lib/python3.11/threading.py", line 1045, in _bootstrap_inner
    self.run()
  File "/usr/local/lib/python3.11/threading.py", line 982, in run
    self._target(*self._args, **self._kwargs)
  File "/usr/local/lib/python3.11/socketserver.py", line 691, in process_request_thread
    self.finish_request(request, client_address)
  File "/usr/local/lib/python3.11/socketserver.py", line 361, in finish_request
    self.RequestHandlerClass(request, client_address, self)
  File "/usr/local/lib/python3.11/socketserver.py", line 755, in __init__
    self.handle()
  File "/usr/local/lib/python3.11/site-packages/werkzeug/serving.py", line 399, in handle
    super().handle()
  File "/usr/local/lib/python3.11/http/server.py", line 440, in handle
    self.handle_one_request()
  File "/usr/local/lib/python3.11/http/server.py", line 428, in handle_one_request
    method()
  File "/usr/local/lib/python3.11/site-packages/werkzeug/serving.py", line 371, in run_wsgi
    execute(self.server.app)
  File "/usr/local/lib/python3.11/site-packages/werkzeug/serving.py", line 335, in execute
    write(data)
  File "/usr/local/lib/python3.11/site-packages/werkzeug/serving.py", line 272, in write
    self.send_response(code, msg)
  File "/usr/local/lib/python3.11/http/server.py", line 505, in send_response
    self.log_request(code)
  File "/usr/local/lib/python3.11/site-packages/werkzeug/serving.py", line 468, in log_request
    self.log("info", '"%s" %s %s', msg, code, size)
  File "/usr/local/lib/python3.11/site-packages/werkzeug/serving.py", line 479, in log
    _log(
  File "/usr/local/lib/python3.11/site-packages/werkzeug/_internal.py", line 97, in _log
    getattr(_logger, type)(message.rstrip(), *args, **kwargs)
Message: '127.0.0.1 - - [25/Sep/2026 08:30:30] "%s" %s %s'
Arguments: ('GET /health HTTP/1.1', '200', '-')
--- Logging error ---
Traceback (most recent call last):
  File "/usr/local/lib/python3.11/logging/__init__.py", line 449, in format
    return self._format(record)
           ^^^^^^^^^^^^^^^^^^^^
  File "/usr/local/lib/python3.11/logging/__init__.py", line 445, in _format
    return self._fmt % values
           ~~~~~~~~~~^~~~~~~~
KeyError: 'request_id'

During handling of the above exception, another exception occurred:

Traceback (most recent call last):
  File "/usr/local/lib/python3.11/logging/__init__.py", line 1110, in emit
    msg = self.format(record)
          ^^^^^^^^^^^^^^^^^^^
  File "/usr/local/lib/python3.11/logging/__init__.py", line 953, in format
    return fmt.format(record)
           ^^^^^^^^^^^^^^^^^^
  File "/usr/local/lib/python3.11/logging/__init__.py", line 690, in format
    s = self.formatMessage(record)
        ^^^^^^^^^^^^^^^^^^^^^^^^^^
  File "/usr/local/lib/python3.11/logging/__init__.py", line 659, in formatMessage
    return self._style.format(record)
           ^^^^^^^^^^^^^^^^^^^^^^^^^^
  File "/usr/local/lib/python3.11/logging/__init__.py", line 451, in format
    raise ValueError('Formatting field not found in record: %s' % e)
ValueError: Formatting field not found in record: 'request_id'
Call stack:
  File "/usr/local/lib/python3.11/threading.py", line 1002, in _bootstrap
    self._bootstrap_inner()
  File "/usr/local/lib/python3.11/threading.py", line 1045, in _bootstrap_inner
    self.run()
  File "/usr/local/lib/python3.11/threading.py", line 982, in run
    self._target(*self._args, **self._kwargs)
  File "/usr/local/lib/python3.11/socketserver.py", line 691, in process_request_thread
    self.finish_request(request, client_address)
  File "/usr/local/lib/python3.11/socketserver.py", line 361, in finish_request
    self.RequestHandlerClass(request, client_address, self)
  File "/usr/local/lib/python3.11/socketserver.py", line 755, in __init__
    self.handle()
  File "/usr/local/lib/python3.11/site-packages/werkzeug/serving.py", line 399, in handle
    super().handle()
  File "/usr/local/lib/python3.11/http/server.py", line 440, in handle
    self.handle_one_request()
  File "/usr/local/lib/python3.11/http/server.py", line 428, in handle_one_request
    method()
  File "/usr/local/lib/python3.11/site-packages/werkzeug/serving.py", line 371, in run_wsgi
    execute(self.server.app)
  File "/usr/local/lib/python3.11/site-packages/werkzeug/serving.py", line 335, in execute
    write(data)
  File "/usr/local/lib/python3.11/site-packages/werkzeug/serving.py", line 272, in write
    self.send_response(code, msg)
  File "/usr/local/lib/python3.11/http/server.py", line 505, in send_response
    self.log_request(code)
  File "/usr/local/lib/python3.11/site-packages/werkzeug/serving.py", line 468, in log_request
    self.log("info", '"%s" %s %s', msg, code, size)
  File "/usr/local/lib/python3.11/site-packages/werkzeug/serving.py", line 479, in log
    _log(
  File "/usr/local/lib/python3.11/site-packages/werkzeug/_internal.py", line 97, in _log
    getattr(_logger, type)(message.rstrip(), *args, **kwargs)
Message: '127.0.0.1 - - [25/Sep/2026 08:30:40] "%s" %s %s'
Arguments: ('GET /health HTTP/1.1', '200', '-')
--- Logging error ---
Traceback (most recent call last):
  File "/usr/local/lib/python3.11/logging/__init__.py", line 449, in format
    return self._format(record)
           ^^^^^^^^^^^^^^^^^^^^
  File "/usr/local/lib/python3.11/logging/__init__.py", line 445, in _format
    return self._fmt % values
           ~~~~~~~~~~^~~~~~~~
KeyError: 'request_id'

During handling of the above exception, another exception occurred:

Traceback (most recent call last):
  File "/usr/local/lib/python3.11/logging/__init__.py", line 1110, in emit
    msg = self.format(record)
          ^^^^^^^^^^^^^^^^^^^
  File "/usr/local/lib/python3.11/logging/__init__.py", line 953, in format
    return fmt.format(record)
           ^^^^^^^^^^^^^^^^^^
  File "/usr/local/lib/python3.11/logging/__init__.py", line 690, in format
    s = self.formatMessage(record)
        ^^^^^^^^^^^^^^^^^^^^^^^^^^
  File "/usr/local/lib/python3.11/logging/__init__.py", line 659, in formatMessage
    return self._style.format(record)
           ^^^^^^^^^^^^^^^^^^^^^^^^^^
  File "/usr/local/lib/python3.11/logging/__init__.py", line 451, in format
    raise ValueError('Formatting field not found in record: %s' % e)
ValueError: Formatting field not found in record: 'request_id'
Call stack:
  File "/usr/local/lib/python3.11/threading.py", line 1002, in _bootstrap
    self._bootstrap_inner()
  File "/usr/local/lib/python3.11/threading.py", line 1045, in _bootstrap_inner
    self.run()
  File "/usr/local/lib/python3.11/threading.py", line 982, in run
    self._target(*self._args, **self._kwargs)
  File "/usr/local/lib/python3.11/socketserver.py", line 691, in process_request_thread
    self.finish_request(request, client_address)
  File "/usr/local/lib/python3.11/socketserver.py", line 361, in finish_request
    self.RequestHandlerClass(request, client_address, self)
  File "/usr/local/lib/python3.11/socketserver.py", line 755, in __init__
    self.handle()
  File "/usr/local/lib/python3.11/site-packages/werkzeug/serving.py", line 399, in handle
    super().handle()
  File "/usr/local/lib/python3.11/http/server.py", line 440, in handle
    self.handle_one_request()
  File "/usr/local/lib/python3.11/http/server.py", line 428, in handle_one_request
    method()
  File "/usr/local/lib/python3.11/site-packages/werkzeug/serving.py", line 371, in run_wsgi
    execute(self.server.app)
  File "/usr/local/lib/python3.11/site-packages/werkzeug/serving.py", line 335, in execute
    write(data)
  File "/usr/local/lib/python3.11/site-packages/werkzeug/serving.py", line 272, in write
    self.send_response(code, msg)
  File "/usr/local/lib/python3.11/http/server.py", line 505, in send_response
    self.log_request(code)
  File "/usr/local/lib/python3.11/site-packages/werkzeug/serving.py", line 468, in log_request
    self.log("info", '"%s" %s %s', msg, code, size)
  File "/usr/local/lib/python3.11/site-packages/werkzeug/serving.py", line 479, in log
    _log(
  File "/usr/local/lib/python3.11/site-packages/werkzeug/_internal.py", line 97, in _log
    getattr(_logger, type)(message.rstrip(), *args, **kwargs)
Message: '127.0.0.1 - - [25/Sep/2026 08:30:51] "%s" %s %s'
Arguments: ('GET /health HTTP/1.1', '200', '-')
--- Logging error ---
Traceback (most recent call last):
  File "/usr/local/lib/python3.11/logging/__init__.py", line 449, in format
    return self._format(record)
           ^^^^^^^^^^^^^^^^^^^^
  File "/usr/local/lib/python3.11/logging/__init__.py", line 445, in _format
    return self._fmt % values
           ~~~~~~~~~~^~~~~~~~
KeyError: 'request_id'

During handling of the above exception, another exception occurred:

Traceback (most recent call last):
  File "/usr/local/lib/python3.11/logging/__init__.py", line 1110, in emit
    msg = self.format(record)
          ^^^^^^^^^^^^^^^^^^^
  File "/usr/local/lib/python3.11/logging/__init__.py", line 953, in format
    return fmt.format(record)
           ^^^^^^^^^^^^^^^^^^
  File "/usr/local/lib/python3.11/logging/__init__.py", line 690, in format
    s = self.formatMessage(record)
        ^^^^^^^^^^^^^^^^^^^^^^^^^^
  File "/usr/local/lib/python3.11/logging/__init__.py", line 659, in formatMessage
    return self._style.format(record)
           ^^^^^^^^^^^^^^^^^^^^^^^^^^
  File "/usr/local/lib/python3.11/logging/__init__.py", line 451, in format
    raise ValueError('Formatting field not found in record: %s' % e)
ValueError: Formatting field not found in record: 'request_id'
Call stack:
  File "/usr/local/lib/python3.11/threading.py", line 1002, in _bootstrap
    self._bootstrap_inner()
  File "/usr/local/lib/python3.11/threading.py", line 1045, in _bootstrap_inner
    self.run()
  File "/usr/local/lib/python3.11/threading.py", line 982, in run
    self._target(*self._args, **self._kwargs)
  File "/usr/local/lib/python3.11/socketserver.py", line 691, in process_request_thread
    self.finish_request(request, client_address)
  File "/usr/local/lib/python3.11/socketserver.py", line 361, in finish_request
    self.RequestHandlerClass(request, client_address, self)
  File "/usr/local/lib/python3.11/socketserver.py", line 755, in __init__
    self.handle()
  File "/usr/local/lib/python3.11/site-packages/werkzeug/serving.py", line 399, in handle
    super().handle()
  File "/usr/local/lib/python3.11/http/server.py", line 440, in handle
    self.handle_one_request()
  File "/usr/local/lib/python3.11/http/server.py", line 428, in handle_one_request
    method()
  File "/usr/local/lib/python3.11/site-packages/werkzeug/serving.py", line 371, in run_wsgi
    execute(self.server.app)
  File "/usr/local/lib/python3.11/site-packages/werkzeug/serving.py", line 335, in execute
    write(data)
  File "/usr/local/lib/python3.11/site-packages/werkzeug/serving.py", line 272, in write
    self.send_response(code, msg)
  File "/usr/local/lib/python3.11/http/server.py", line 505, in send_response
    self.log_request(code)
  File "/usr/local/lib/python3.11/site-packages/werkzeug/serving.py", line 468, in log_request
    self.log("info", '"%s" %s %s', msg, code, size)
  File "/usr/local/lib/python3.11/site-packages/werkzeug/serving.py", line 479, in log
    _log(
  File "/usr/local/lib/python3.11/site-packages/werkzeug/_internal.py", line 97, in _log
    getattr(_logger, type)(message.rstrip(), *args, **kwargs)
Message: '127.0.0.1 - - [25/Sep/2026 08:31:01] "%s" %s %s'
Arguments: ('GET /health HTTP/1.1', '200', '-')
--- Logging error ---
Traceback (most recent call last):
  File "/usr/local/lib/python3.11/logging/__init__.py", line 449, in format
    return self._format(record)
           ^^^^^^^^^^^^^^^^^^^^
  File "/usr/local/lib/python3.11/logging/__init__.py", line 445, in _format
    return self._fmt % values
           ~~~~~~~~~~^~~~~~~~
KeyError: 'request_id'

During handling of the above exception, another exception occurred:

Traceback (most recent call last):
  File "/usr/local/lib/python3.11/logging/__init__.py", line 1110, in emit
    msg = self.format(record)
          ^^^^^^^^^^^^^^^^^^^
  File "/usr/local/lib/python3.11/logging/__init__.py", line 953, in format
    return fmt.format(record)
           ^^^^^^^^^^^^^^^^^^
  File "/usr/local/lib/python3.11/logging/__init__.py", line 690, in format
    s = self.formatMessage(record)
        ^^^^^^^^^^^^^^^^^^^^^^^^^^
  File "/usr/local/lib/python3.11/logging/__init__.py", line 659, in formatMessage
    return self._style.format(record)
           ^^^^^^^^^^^^^^^^^^^^^^^^^^
  File "/usr/local/lib/python3.11/logging/__init__.py", line 451, in format
    raise ValueError('Formatting field not found in record: %s' % e)
ValueError: Formatting field not found in record: 'request_id'
Call stack:
  File "/usr/local/lib/python3.11/threading.py", line 1002, in _bootstrap
    self._bootstrap_inner()
  File "/usr/local/lib/python3.11/threading.py", line 1045, in _bootstrap_inner
    self.run()
  File "/usr/local/lib/python3.11/threading.py", line 982, in run
    self._target(*self._args, **self._kwargs)
  File "/usr/local/lib/python3.11/socketserver.py", line 691, in process_request_thread
    self.finish_request(request, client_address)
  File "/usr/local/lib/python3.11/socketserver.py", line 361, in finish_request
    self.RequestHandlerClass(request, client_address, self)
  File "/usr/local/lib/python3.11/socketserver.py", line 755, in __init__
    self.handle()
  File "/usr/local/lib/python3.11/site-packages/werkzeug/serving.py", line 399, in handle
    super().handle()
  File "/usr/local/lib/python3.11/http/server.py", line 440, in handle
    self.handle_one_request()
  File "/usr/local/lib/python3.11/http/server.py", line 428, in handle_one_request
    method()
  File "/usr/local/lib/python3.11/site-packages/werkzeug/serving.py", line 371, in run_wsgi
    execute(self.server.app)
  File "/usr/local/lib/python3.11/site-packages/werkzeug/serving.py", line 335, in execute
    write(data)
  File "/usr/local/lib/python3.11/site-packages/werkzeug/serving.py", line 272, in write
    self.send_response(code, msg)
  File "/usr/local/lib/python3.11/http/server.py", line 505, in send_response
    self.log_request(code)
  File "/usr/local/lib/python3.11/site-packages/werkzeug/serving.py", line 468, in log_request
    self.log("info", '"%s" %s %s', msg, code, size)
  File "/usr/local/lib/python3.11/site-packages/werkzeug/serving.py", line 479, in log
    _log(
  File "/usr/local/lib/python3.11/site-packages/werkzeug/_internal.py", line 97, in _log
    getattr(_logger, type)(message.rstrip(), *args, **kwargs)
Message: '127.0.0.1 - - [25/Sep/2026 08:31:11] "%s" %s %s'
Arguments: ('GET /health HTTP/1.1', '200', '-')
--- Logging error ---
Traceback (most recent call last):
  File "/usr/local/lib/python3.11/logging/__init__.py", line 449, in format
    return self._format(record)
           ^^^^^^^^^^^^^^^^^^^^
  File "/usr/local/lib/python3.11/logging/__init__.py", line 445, in _format
    return self._fmt % values
           ~~~~~~~~~~^~~~~~~~
KeyError: 'request_id'

During handling of the above exception, another exception occurred:

Traceback (most recent call last):
  File "/usr/local/lib/python3.11/logging/__init__.py", line 1110, in emit
    msg = self.format(record)
          ^^^^^^^^^^^^^^^^^^^
  File "/usr/local/lib/python3.11/logging/__init__.py", line 953, in format
    return fmt.format(record)
           ^^^^^^^^^^^^^^^^^^
  File "/usr/local/lib/python3.11/logging/__init__.py", line 690, in format
    s = self.formatMessage(record)
        ^^^^^^^^^^^^^^^^^^^^^^^^^^
  File "/usr/local/lib/python3.11/logging/__init__.py", line 659, in formatMessage
    return self._style.format(record)
           ^^^^^^^^^^^^^^^^^^^^^^^^^^
  File "/usr/local/lib/python3.11/logging/__init__.py", line 451, in format
    raise ValueError('Formatting field not found in record: %s' % e)
ValueError: Formatting field not found in record: 'request_id'
Call stack:
  File "/usr/local/lib/python3.11/threading.py", line 1002, in _bootstrap
    self._bootstrap_inner()
  File "/usr/local/lib/python3.11/threading.py", line 1045, in _bootstrap_inner
    self.run()
  File "/usr/local/lib/python3.11/threading.py", line 982, in run
    self._target(*self._args, **self._kwargs)
  File "/usr/local/lib/python3.11/socketserver.py", line 691, in process_request_thread
    self.finish_request(request, client_address)
  File "/usr/local/lib/python3.11/socketserver.py", line 361, in finish_request
    self.RequestHandlerClass(request, client_address, self)
  File "/usr/local/lib/python3.11/socketserver.py", line 755, in __init__
    self.handle()
  File "/usr/local/lib/python3.11/site-packages/werkzeug/serving.py", line 399, in handle
    super().handle()
  File "/usr/local/lib/python3.11/http/server.py", line 440, in handle
    self.handle_one_request()
  File "/usr/local/lib/python3.11/http/server.py", line 428, in handle_one_request
    method()
  File "/usr/local/lib/python3.11/site-packages/werkzeug/serving.py", line 371, in run_wsgi
    execute(self.server.app)
  File "/usr/local/lib/python3.11/site-packages/werkzeug/serving.py", line 335, in execute
    write(data)
  File "/usr/local/lib/python3.11/site-packages/werkzeug/serving.py", line 272, in write
    self.send_response(code, msg)
  File "/usr/local/lib/python3.11/http/server.py", line 505, in send_response
    self.log_request(code)
  File "/usr/local/lib/python3.11/site-packages/werkzeug/serving.py", line 468, in log_request
    self.log("info", '"%s" %s %s', msg, code, size)
  File "/usr/local/lib/python3.11/site-packages/werkzeug/serving.py", line 479, in log
    _log(
  File "/usr/local/lib/python3.11/site-packages/werkzeug/_internal.py", line 97, in _log
    getattr(_logger, type)(message.rstrip(), *args, **kwargs)
Message: '127.0.0.1 - - [25/Sep/2026 08:31:21] "%s" %s %s'
Arguments: ('GET /health HTTP/1.1', '200', '-')
--- Logging error ---
Traceback (most recent call last):
  File "/usr/local/lib/python3.11/logging/__init__.py", line 449, in format
    return self._format(record)
           ^^^^^^^^^^^^^^^^^^^^
  File "/usr/local/lib/python3.11/logging/__init__.py", line 445, in _format
    return self._fmt % values
           ~~~~~~~~~~^~~~~~~~
KeyError: 'request_id'

During handling of the above exception, another exception occurred:

Traceback (most recent call last):
  File "/usr/local/lib/python3.11/logging/__init__.py", line 1110, in emit
    msg = self.format(record)
          ^^^^^^^^^^^^^^^^^^^
  File "/usr/local/lib/python3.11/logging/__init__.py", line 953, in format
    return fmt.format(record)
           ^^^^^^^^^^^^^^^^^^
  File "/usr/local/lib/python3.11/logging/__init__.py", line 690, in format
    s = self.formatMessage(record)
        ^^^^^^^^^^^^^^^^^^^^^^^^^^
  File "/usr/local/lib/python3.11/logging/__init__.py", line 659, in formatMessage
    return self._style.format(record)
           ^^^^^^^^^^^^^^^^^^^^^^^^^^
  File "/usr/local/lib/python3.11/logging/__init__.py", line 451, in format
    raise ValueError('Formatting field not found in record: %s' % e)
ValueError: Formatting field not found in record: 'request_id'
Call stack:
  File "/usr/local/lib/python3.11/threading.py", line 1002, in _bootstrap
    self._bootstrap_inner()
  File "/usr/local/lib/python3.11/threading.py", line 1045, in _bootstrap_inner
    self.run()
  File "/usr/local/lib/python3.11/threading.py", line 982, in run
    self._target(*self._args, **self._kwargs)
  File "/usr/local/lib/python3.11/socketserver.py", line 691, in process_request_thread
    self.finish_request(request, client_address)
  File "/usr/local/lib/python3.11/socketserver.py", line 361, in finish_request
    self.RequestHandlerClass(request, client_address, self)
  File "/usr/local/lib/python3.11/socketserver.py", line 755, in __init__
    self.handle()
  File "/usr/local/lib/python3.11/site-packages/werkzeug/serving.py", line 399, in handle
    super().handle()
  File "/usr/local/lib/python3.11/http/server.py", line 440, in handle
    self.handle_one_request()
  File "/usr/local/lib/python3.11/http/server.py", line 428, in handle_one_request
    method()
  File "/usr/local/lib/python3.11/site-packages/werkzeug/serving.py", line 371, in run_wsgi
    execute(self.server.app)
  File "/usr/local/lib/python3.11/site-packages/werkzeug/serving.py", line 335, in execute
    write(data)
  File "/usr/local/lib/python3.11/site-packages/werkzeug/serving.py", line 272, in write
    self.send_response(code, msg)
  File "/usr/local/lib/python3.11/http/server.py", line 505, in send_response
    self.log_request(code)
  File "/usr/local/lib/python3.11/site-packages/werkzeug/serving.py", line 468, in log_request
    self.log("info", '"%s" %s %s', msg, code, size)
  File "/usr/local/lib/python3.11/site-packages/werkzeug/serving.py", line 479, in log
    _log(
  File "/usr/local/lib/python3.11/site-packages/werkzeug/_internal.py", line 97, in _log
    getattr(_logger, type)(message.rstrip(), *args, **kwargs)
Message: '127.0.0.1 - - [25/Sep/2026 08:31:31] "%s" %s %s'
Arguments: ('GET /health HTTP/1.1', '200', '-')
--- Logging error ---
Traceback (most recent call last):
  File "/usr/local/lib/python3.11/logging/__init__.py", line 449, in format
    return self._format(record)
           ^^^^^^^^^^^^^^^^^^^^
  File "/usr/local/lib/python3.11/logging/__init__.py", line 445, in _format
    return self._fmt % values
           ~~~~~~~~~~^~~~~~~~
KeyError: 'request_id'

During handling of the above exception, another exception occurred:

Traceback (most recent call last):
  File "/usr/local/lib/python3.11/logging/__init__.py", line 1110, in emit
    msg = self.format(record)
          ^^^^^^^^^^^^^^^^^^^
  File "/usr/local/lib/python3.11/logging/__init__.py", line 953, in format
    return fmt.format(record)
           ^^^^^^^^^^^^^^^^^^
  File "/usr/local/lib/python3.11/logging/__init__.py", line 690, in format
    s = self.formatMessage(record)
        ^^^^^^^^^^^^^^^^^^^^^^^^^^
  File "/usr/local/lib/python3.11/logging/__init__.py", line 659, in formatMessage
    return self._style.format(record)
           ^^^^^^^^^^^^^^^^^^^^^^^^^^
  File "/usr/local/lib/python3.11/logging/__init__.py", line 451, in format
    raise ValueError('Formatting field not found in record: %s' % e)
ValueError: Formatting field not found in record: 'request_id'
Call stack:
  File "/usr/local/lib/python3.11/threading.py", line 1002, in _bootstrap
    self._bootstrap_inner()
  File "/usr/local/lib/python3.11/threading.py", line 1045, in _bootstrap_inner
    self.run()
  File "/usr/local/lib/python3.11/threading.py", line 982, in run
    self._target(*self._args, **self._kwargs)
  File "/usr/local/lib/python3.11/socketserver.py", line 691, in process_request_thread
    self.finish_request(request, client_address)
  File "/usr/local/lib/python3.11/socketserver.py", line 361, in finish_request
    self.RequestHandlerClass(request, client_address, self)
  File "/usr/local/lib/python3.11/socketserver.py", line 755, in __init__
    self.handle()
  File "/usr/local/lib/python3.11/site-packages/werkzeug/serving.py", line 399, in handle
    super().handle()
  File "/usr/local/lib/python3.11/http/server.py", line 440, in handle
    self.handle_one_request()
  File "/usr/local/lib/python3.11/http/server.py", line 428, in handle_one_request
    method()
  File "/usr/local/lib/python3.11/site-packages/werkzeug/serving.py", line 371, in run_wsgi
    execute(self.server.app)
  File "/usr/local/lib/python3.11/site-packages/werkzeug/serving.py", line 335, in execute
    write(data)
  File "/usr/local/lib/python3.11/site-packages/werkzeug/serving.py", line 272, in write
    self.send_response(code, msg)
  File "/usr/local/lib/python3.11/http/server.py", line 505, in send_response
    self.log_request(code)
  File "/usr/local/lib/python3.11/site-packages/werkzeug/serving.py", line 468, in log_request
    self.log("info", '"%s" %s %s', msg, code, size)
  File "/usr/local/lib/python3.11/site-packages/werkzeug/serving.py", line 479, in log
    _log(
  File "/usr/local/lib/python3.11/site-packages/werkzeug/_internal.py", line 97, in _log
    getattr(_logger, type)(message.rstrip(), *args, **kwargs)
Message: '127.0.0.1 - - [25/Sep/2026 08:31:41] "%s" %s %s'
Arguments: ('GET /health HTTP/1.1', '200', '-')
--- Logging error ---
Traceback (most recent call last):
  File "/usr/local/lib/python3.11/logging/__init__.py", line 449, in format
    return self._format(record)
           ^^^^^^^^^^^^^^^^^^^^
  File "/usr/local/lib/python3.11/logging/__init__.py", line 445, in _format
    return self._fmt % values
           ~~~~~~~~~~^~~~~~~~
KeyError: 'request_id'

During handling of the above exception, another exception occurred:

Traceback (most recent call last):
  File "/usr/local/lib/python3.11/logging/__init__.py", line 1110, in emit
    msg = self.format(record)
          ^^^^^^^^^^^^^^^^^^^
  File "/usr/local/lib/python3.11/logging/__init__.py", line 953, in format
    return fmt.format(record)
           ^^^^^^^^^^^^^^^^^^
  File "/usr/local/lib/python3.11/logging/__init__.py", line 690, in format
    s = self.formatMessage(record)
        ^^^^^^^^^^^^^^^^^^^^^^^^^^
  File "/usr/local/lib/python3.11/logging/__init__.py", line 659, in formatMessage
    return self._style.format(record)
           ^^^^^^^^^^^^^^^^^^^^^^^^^^
  File "/usr/local/lib/python3.11/logging/__init__.py", line 451, in format
    raise ValueError('Formatting field not found in record: %s' % e)
ValueError: Formatting field not found in record: 'request_id'
Call stack:
  File "/usr/local/lib/python3.11/threading.py", line 1002, in _bootstrap
    self._bootstrap_inner()
  File "/usr/local/lib/python3.11/threading.py", line 1045, in _bootstrap_inner
    self.run()
  File "/usr/local/lib/python3.11/threading.py", line 982, in run
    self._target(*self._args, **self._kwargs)
  File "/usr/local/lib/python3.11/socketserver.py", line 691, in process_request_thread
    self.finish_request(request, client_address)
  File "/usr/local/lib/python3.11/socketserver.py", line 361, in finish_request
    self.RequestHandlerClass(request, client_address, self)
  File "/usr/local/lib/python3.11/socketserver.py", line 755, in __init__
    self.handle()
  File "/usr/local/lib/python3.11/site-packages/werkzeug/serving.py", line 399, in handle
    super().handle()
  File "/usr/local/lib/python3.11/http/server.py", line 440, in handle
    self.handle_one_request()
  File "/usr/local/lib/python3.11/http/server.py", line 428, in handle_one_request
    method()
  File "/usr/local/lib/python3.11/site-packages/werkzeug/serving.py", line 371, in run_wsgi
    execute(self.server.app)
  File "/usr/local/lib/python3.11/site-packages/werkzeug/serving.py", line 335, in execute
    write(data)
  File "/usr/local/lib/python3.11/site-packages/werkzeug/serving.py", line 272, in write
    self.send_response(code, msg)
  File "/usr/local/lib/python3.11/http/server.py", line 505, in send_response
    self.log_request(code)
  File "/usr/local/lib/python3.11/site-packages/werkzeug/serving.py", line 468, in log_request
    self.log("info", '"%s" %s %s', msg, code, size)
  File "/usr/local/lib/python3.11/site-packages/werkzeug/serving.py", line 479, in log
    _log(
  File "/usr/local/lib/python3.11/site-packages/werkzeug/_internal.py", line 97, in _log
    getattr(_logger, type)(message.rstrip(), *args, **kwargs)
Message: '127.0.0.1 - - [25/Sep/2026 08:31:51] "%s" %s %s'
Arguments: ('GET /health HTTP/1.1', '200', '-')
--- Logging error ---
Traceback (most recent call last):
  File "/usr/local/lib/python3.11/logging/__init__.py", line 449, in format
    return self._format(record)
           ^^^^^^^^^^^^^^^^^^^^
  File "/usr/local/lib/python3.11/logging/__init__.py", line 445, in _format
    return self._fmt % values
           ~~~~~~~~~~^~~~~~~~
KeyError: 'request_id'

During handling of the above exception, another exception occurred:

Traceback (most recent call last):
  File "/usr/local/lib/python3.11/logging/__init__.py", line 1110, in emit
    msg = self.format(record)
          ^^^^^^^^^^^^^^^^^^^
  File "/usr/local/lib/python3.11/logging/__init__.py", line 953, in format
    return fmt.format(record)
           ^^^^^^^^^^^^^^^^^^
  File "/usr/local/lib/python3.11/logging/__init__.py", line 690, in format
    s = self.formatMessage(record)
        ^^^^^^^^^^^^^^^^^^^^^^^^^^
  File "/usr/local/lib/python3.11/logging/__init__.py", line 659, in formatMessage
    return self._style.format(record)
           ^^^^^^^^^^^^^^^^^^^^^^^^^^
  File "/usr/local/lib/python3.11/logging/__init__.py", line 451, in format
    raise ValueError('Formatting field not found in record: %s' % e)
ValueError: Formatting field not found in record: 'request_id'
Call stack:
  File "/usr/local/lib/python3.11/threading.py", line 1002, in _bootstrap
    self._bootstrap_inner()
  File "/usr/local/lib/python3.11/threading.py", line 1045, in _bootstrap_inner
    self.run()
  File "/usr/local/lib/python3.11/threading.py", line 982, in run
    self._target(*self._args, **self._kwargs)
  File "/usr/local/lib/python3.11/socketserver.py", line 691, in process_request_thread
    self.finish_request(request, client_address)
  File "/usr/local/lib/python3.11/socketserver.py", line 361, in finish_request
    self.RequestHandlerClass(request, client_address, self)
  File "/usr/local/lib/python3.11/socketserver.py", line 755, in __init__
    self.handle()
  File "/usr/local/lib/python3.11/site-packages/werkzeug/serving.py", line 399, in handle
    super().handle()
  File "/usr/local/lib/python3.11/http/server.py", line 440, in handle
    self.handle_one_request()
  File "/usr/local/lib/python3.11/http/server.py", line 428, in handle_one_request
    method()
  File "/usr/local/lib/python3.11/site-packages/werkzeug/serving.py", line 371, in run_wsgi
    execute(self.server.app)
  File "/usr/local/lib/python3.11/site-packages/werkzeug/serving.py", line 335, in execute
    write(data)
  File "/usr/local/lib/python3.11/site-packages/werkzeug/serving.py", line 272, in write
    self.send_response(code, msg)
  File "/usr/local/lib/python3.11/http/server.py", line 505, in send_response
    self.log_request(code)
  File "/usr/local/lib/python3.11/site-packages/werkzeug/serving.py", line 468, in log_request
    self.log("info", '"%s" %s %s', msg, code, size)
  File "/usr/local/lib/python3.11/site-packages/werkzeug/serving.py", line 479, in log
    _log(
  File "/usr/local/lib/python3.11/site-packages/werkzeug/_internal.py", line 97, in _log
    getattr(_logger, type)(message.rstrip(), *args, **kwargs)
Message: '127.0.0.1 - - [25/Sep/2026 08:32:01] "%s" %s %s'
Arguments: ('GET /health HTTP/1.1', '200', '-')
--- Logging error ---
Traceback (most recent call last):
  File "/usr/local/lib/python3.11/logging/__init__.py", line 449, in format
    return self._format(record)
           ^^^^^^^^^^^^^^^^^^^^
  File "/usr/local/lib/python3.11/logging/__init__.py", line 445, in _format
    return self._fmt % values
           ~~~~~~~~~~^~~~~~~~
KeyError: 'request_id'

During handling of the above exception, another exception occurred:

Traceback (most recent call last):
  File "/usr/local/lib/python3.11/logging/__init__.py", line 1110, in emit
    msg = self.format(record)
          ^^^^^^^^^^^^^^^^^^^
  File "/usr/local/lib/python3.11/logging/__init__.py", line 953, in format
    return fmt.format(record)
           ^^^^^^^^^^^^^^^^^^
  File "/usr/local/lib/python3.11/logging/__init__.py", line 690, in format
    s = self.formatMessage(record)
        ^^^^^^^^^^^^^^^^^^^^^^^^^^
  File "/usr/local/lib/python3.11/logging/__init__.py", line 659, in formatMessage
    return self._style.format(record)
           ^^^^^^^^^^^^^^^^^^^^^^^^^^
  File "/usr/local/lib/python3.11/logging/__init__.py", line 451, in format
    raise ValueError('Formatting field not found in record: %s' % e)
ValueError: Formatting field not found in record: 'request_id'
Call stack:
  File "/usr/local/lib/python3.11/threading.py", line 1002, in _bootstrap
    self._bootstrap_inner()
  File "/usr/local/lib/python3.11/threading.py", line 1045, in _bootstrap_inner
    self.run()
  File "/usr/local/lib/python3.11/threading.py", line 982, in run
    self._target(*self._args, **self._kwargs)
  File "/usr/local/lib/python3.11/socketserver.py", line 691, in process_request_thread
    self.finish_request(request, client_address)
  File "/usr/local/lib/python3.11/socketserver.py", line 361, in finish_request
    self.RequestHandlerClass(request, client_address, self)
  File "/usr/local/lib/python3.11/socketserver.py", line 755, in __init__
    self.handle()
  File "/usr/local/lib/python3.11/site-packages/werkzeug/serving.py", line 399, in handle
    super().handle()
  File "/usr/local/lib/python3.11/http/server.py", line 440, in handle
    self.handle_one_request()
  File "/usr/local/lib/python3.11/http/server.py", line 428, in handle_one_request
    method()
  File "/usr/local/lib/python3.11/site-packages/werkzeug/serving.py", line 371, in run_wsgi
    execute(self.server.app)
  File "/usr/local/lib/python3.11/site-packages/werkzeug/serving.py", line 335, in execute
    write(data)
  File "/usr/local/lib/python3.11/site-packages/werkzeug/serving.py", line 272, in write
    self.send_response(code, msg)
  File "/usr/local/lib/python3.11/http/server.py", line 505, in send_response
    self.log_request(code)
  File "/usr/local/lib/python3.11/site-packages/werkzeug/serving.py", line 468, in log_request
    self.log("info", '"%s" %s %s', msg, code, size)
  File "/usr/local/lib/python3.11/site-packages/werkzeug/serving.py", line 479, in log
    _log(
  File "/usr/local/lib/python3.11/site-packages/werkzeug/_internal.py", line 97, in _log
    getattr(_logger, type)(message.rstrip(), *args, **kwargs)
Message: '127.0.0.1 - - [25/Sep/2026 08:32:11] "%s" %s %s'
Arguments: ('GET /health HTTP/1.1', '200', '-')
--- Logging error ---
Traceback (most recent call last):
  File "/usr/local/lib/python3.11/logging/__init__.py", line 449, in format
    return self._format(record)
           ^^^^^^^^^^^^^^^^^^^^
  File "/usr/local/lib/python3.11/logging/__init__.py", line 445, in _format
    return self._fmt % values
           ~~~~~~~~~~^~~~~~~~
KeyError: 'request_id'

During handling of the above exception, another exception occurred:

Traceback (most recent call last):
  File "/usr/local/lib/python3.11/logging/__init__.py", line 1110, in emit
    msg = self.format(record)
          ^^^^^^^^^^^^^^^^^^^
  File "/usr/local/lib/python3.11/logging/__init__.py", line 953, in format
    return fmt.format(record)
           ^^^^^^^^^^^^^^^^^^
  File "/usr/local/lib/python3.11/logging/__init__.py", line 690, in format
    s = self.formatMessage(record)
        ^^^^^^^^^^^^^^^^^^^^^^^^^^
  File "/usr/local/lib/python3.11/logging/__init__.py", line 659, in formatMessage
    return self._style.format(record)
           ^^^^^^^^^^^^^^^^^^^^^^^^^^
  File "/usr/local/lib/python3.11/logging/__init__.py", line 451, in format
    raise ValueError('Formatting field not found in record: %s' % e)
ValueError: Formatting field not found in record: 'request_id'
Call stack:
  File "/usr/local/lib/python3.11/threading.py", line 1002, in _bootstrap
    self._bootstrap_inner()
  File "/usr/local/lib/python3.11/threading.py", line 1045, in _bootstrap_inner
    self.run()
  File "/usr/local/lib/python3.11/threading.py", line 982, in run
    self._target(*self._args, **self._kwargs)
  File "/usr/local/lib/python3.11/socketserver.py", line 691, in process_request_thread
    self.finish_request(request, client_address)
  File "/usr/local/lib/python3.11/socketserver.py", line 361, in finish_request
    self.RequestHandlerClass(request, client_address, self)
  File "/usr/local/lib/python3.11/socketserver.py", line 755, in __init__
    self.handle()
  File "/usr/local/lib/python3.11/site-packages/werkzeug/serving.py", line 399, in handle
    super().handle()
  File "/usr/local/lib/python3.11/http/server.py", line 440, in handle
    self.handle_one_request()
  File "/usr/local/lib/python3.11/http/server.py", line 428, in handle_one_request
    method()
  File "/usr/local/lib/python3.11/site-packages/werkzeug/serving.py", line 371, in run_wsgi
    execute(self.server.app)
  File "/usr/local/lib/python3.11/site-packages/werkzeug/serving.py", line 335, in execute
    write(data)
  File "/usr/local/lib/python3.11/site-packages/werkzeug/serving.py", line 272, in write
    self.send_response(code, msg)
  File "/usr/local/lib/python3.11/http/server.py", line 505, in send_response
    self.log_request(code)
  File "/usr/local/lib/python3.11/site-packages/werkzeug/serving.py", line 468, in log_request
    self.log("info", '"%s" %s %s', msg, code, size)
  File "/usr/local/lib/python3.11/site-packages/werkzeug/serving.py", line 479, in log
    _log(
  File "/usr/local/lib/python3.11/site-packages/werkzeug/_internal.py", line 97, in _log
    getattr(_logger, type)(message.rstrip(), *args, **kwargs)
Message: '127.0.0.1 - - [25/Sep/2026 08:32:22] "%s" %s %s'
Arguments: ('GET /health HTTP/1.1', '200', '-')
--- Logging error ---
Traceback (most recent call last):
  File "/usr/local/lib/python3.11/logging/__init__.py", line 449, in format
    return self._format(record)
           ^^^^^^^^^^^^^^^^^^^^
  File "/usr/local/lib/python3.11/logging/__init__.py", line 445, in _format
    return self._fmt % values
           ~~~~~~~~~~^~~~~~~~
KeyError: 'request_id'

During handling of the above exception, another exception occurred:

Traceback (most recent call last):
  File "/usr/local/lib/python3.11/logging/__init__.py", line 1110, in emit
    msg = self.format(record)
          ^^^^^^^^^^^^^^^^^^^
  File "/usr/local/lib/python3.11/logging/__init__.py", line 953, in format
    return fmt.format(record)
           ^^^^^^^^^^^^^^^^^^
  File "/usr/local/lib/python3.11/logging/__init__.py", line 690, in format
    s = self.formatMessage(record)
        ^^^^^^^^^^^^^^^^^^^^^^^^^^
  File "/usr/local/lib/python3.11/logging/__init__.py", line 659, in formatMessage
    return self._style.format(record)
           ^^^^^^^^^^^^^^^^^^^^^^^^^^
  File "/usr/local/lib/python3.11/logging/__init__.py", line 451, in format
    raise ValueError('Formatting field not found in record: %s' % e)
ValueError: Formatting field not found in record: 'request_id'
Call stack:
  File "/usr/local/lib/python3.11/threading.py", line 1002, in _bootstrap
    self._bootstrap_inner()
  File "/usr/local/lib/python3.11/threading.py", line 1045, in _bootstrap_inner
    self.run()
  File "/usr/local/lib/python3.11/threading.py", line 982, in run
    self._target(*self._args, **self._kwargs)
  File "/usr/local/lib/python3.11/socketserver.py", line 691, in process_request_thread
    self.finish_request(request, client_address)
  File "/usr/local/lib/python3.11/socketserver.py", line 361, in finish_request
    self.RequestHandlerClass(request, client_address, self)
  File "/usr/local/lib/python3.11/socketserver.py", line 755, in __init__
    self.handle()
  File "/usr/local/lib/python3.11/site-packages/werkzeug/serving.py", line 399, in handle
    super().handle()
  File "/usr/local/lib/python3.11/http/server.py", line 440, in handle
    self.handle_one_request()
  File "/usr/local/lib/python3.11/http/server.py", line 428, in handle_one_request
    method()
  File "/usr/local/lib/python3.11/site-packages/werkzeug/serving.py", line 371, in run_wsgi
    execute(self.server.app)
  File "/usr/local/lib/python3.11/site-packages/werkzeug/serving.py", line 335, in execute
    write(data)
  File "/usr/local/lib/python3.11/site-packages/werkzeug/serving.py", line 272, in write
    self.send_response(code, msg)
  File "/usr/local/lib/python3.11/http/server.py", line 505, in send_response
    self.log_request(code)
  File "/usr/local/lib/python3.11/site-packages/werkzeug/serving.py", line 468, in log_request
    self.log("info", '"%s" %s %s', msg, code, size)
  File "/usr/local/lib/python3.11/site-packages/werkzeug/serving.py", line 479, in log
    _log(
  File "/usr/local/lib/python3.11/site-packages/werkzeug/_internal.py", line 97, in _log
    getattr(_logger, type)(message.rstrip(), *args, **kwargs)
Message: '127.0.0.1 - - [25/Sep/2026 08:32:32] "%s" %s %s'
Arguments: ('GET /health HTTP/1.1', '200', '-')
--- Logging error ---
Traceback (most recent call last):
  File "/usr/local/lib/python3.11/logging/__init__.py", line 449, in format
    return self._format(record)
           ^^^^^^^^^^^^^^^^^^^^
  File "/usr/local/lib/python3.11/logging/__init__.py", line 445, in _format
    return self._fmt % values
           ~~~~~~~~~~^~~~~~~~
KeyError: 'request_id'

During handling of the above exception, another exception occurred:

Traceback (most recent call last):
  File "/usr/local/lib/python3.11/logging/__init__.py", line 1110, in emit
    msg = self.format(record)
          ^^^^^^^^^^^^^^^^^^^
  File "/usr/local/lib/python3.11/logging/__init__.py", line 953, in format
    return fmt.format(record)
           ^^^^^^^^^^^^^^^^^^
  File "/usr/local/lib/python3.11/logging/__init__.py", line 690, in format
    s = self.formatMessage(record)
        ^^^^^^^^^^^^^^^^^^^^^^^^^^
  File "/usr/local/lib/python3.11/logging/__init__.py", line 659, in formatMessage
    return self._style.format(record)
           ^^^^^^^^^^^^^^^^^^^^^^^^^^
  File "/usr/local/lib/python3.11/logging/__init__.py", line 451, in format
    raise ValueError('Formatting field not found in record: %s' % e)
ValueError: Formatting field not found in record: 'request_id'
Call stack:
  File "/usr/local/lib/python3.11/threading.py", line 1002, in _bootstrap
    self._bootstrap_inner()
  File "/usr/local/lib/python3.11/threading.py", line 1045, in _bootstrap_inner
    self.run()
  File "/usr/local/lib/python3.11/threading.py", line 982, in run
    self._target(*self._args, **self._kwargs)
  File "/usr/local/lib/python3.11/socketserver.py", line 691, in process_request_thread
    self.finish_request(request, client_address)
  File "/usr/local/lib/python3.11/socketserver.py", line 361, in finish_request
    self.RequestHandlerClass(request, client_address, self)
  File "/usr/local/lib/python3.11/socketserver.py", line 755, in __init__
    self.handle()
  File "/usr/local/lib/python3.11/site-packages/werkzeug/serving.py", line 399, in handle
    super().handle()
  File "/usr/local/lib/python3.11/http/server.py", line 440, in handle
    self.handle_one_request()
  File "/usr/local/lib/python3.11/http/server.py", line 428, in handle_one_request
    method()
  File "/usr/local/lib/python3.11/site-packages/werkzeug/serving.py", line 371, in run_wsgi
    execute(self.server.app)
  File "/usr/local/lib/python3.11/site-packages/werkzeug/serving.py", line 335, in execute
    write(data)
  File "/usr/local/lib/python3.11/site-packages/werkzeug/serving.py", line 272, in write
    self.send_response(code, msg)
  File "/usr/local/lib/python3.11/http/server.py", line 505, in send_response
    self.log_request(code)
  File "/usr/local/lib/python3.11/site-packages/werkzeug/serving.py", line 468, in log_request
    self.log("info", '"%s" %s %s', msg, code, size)
  File "/usr/local/lib/python3.11/site-packages/werkzeug/serving.py", line 479, in log
    _log(
  File "/usr/local/lib/python3.11/site-packages/werkzeug/_internal.py", line 97, in _log
    getattr(_logger, type)(message.rstrip(), *args, **kwargs)
Message: '127.0.0.1 - - [25/Sep/2026 08:32:42] "%s" %s %s'
Arguments: ('GET /health HTTP/1.1', '200', '-')
--- Logging error ---
Traceback (most recent call last):
  File "/usr/local/lib/python3.11/logging/__init__.py", line 449, in format
    return self._format(record)
           ^^^^^^^^^^^^^^^^^^^^
  File "/usr/local/lib/python3.11/logging/__init__.py", line 445, in _format
    return self._fmt % values
           ~~~~~~~~~~^~~~~~~~
KeyError: 'request_id'

During handling of the above exception, another exception occurred:

Traceback (most recent call last):
  File "/usr/local/lib/python3.11/logging/__init__.py", line 1110, in emit
    msg = self.format(record)
          ^^^^^^^^^^^^^^^^^^^
  File "/usr/local/lib/python3.11/logging/__init__.py", line 953, in format
    return fmt.format(record)
           ^^^^^^^^^^^^^^^^^^
  File "/usr/local/lib/python3.11/logging/__init__.py", line 690, in format
    s = self.formatMessage(record)
        ^^^^^^^^^^^^^^^^^^^^^^^^^^
  File "/usr/local/lib/python3.11/logging/__init__.py", line 659, in formatMessage
    return self._style.format(record)
           ^^^^^^^^^^^^^^^^^^^^^^^^^^
  File "/usr/local/lib/python3.11/logging/__init__.py", line 451, in format
    raise ValueError('Formatting field not found in record: %s' % e)
ValueError: Formatting field not found in record: 'request_id'
Call stack:
  File "/usr/local/lib/python3.11/threading.py", line 1002, in _bootstrap
    self._bootstrap_inner()
  File "/usr/local/lib/python3.11/threading.py", line 1045, in _bootstrap_inner
    self.run()
  File "/usr/local/lib/python3.11/threading.py", line 982, in run
    self._target(*self._args, **self._kwargs)
  File "/usr/local/lib/python3.11/socketserver.py", line 691, in process_request_thread
    self.finish_request(request, client_address)
  File "/usr/local/lib/python3.11/socketserver.py", line 361, in finish_request
    self.RequestHandlerClass(request, client_address, self)
  File "/usr/local/lib/python3.11/socketserver.py", line 755, in __init__
    self.handle()
  File "/usr/local/lib/python3.11/site-packages/werkzeug/serving.py", line 399, in handle
    super().handle()
  File "/usr/local/lib/python3.11/http/server.py", line 440, in handle
    self.handle_one_request()
  File "/usr/local/lib/python3.11/http/server.py", line 428, in handle_one_request
    method()
  File "/usr/local/lib/python3.11/site-packages/werkzeug/serving.py", line 371, in run_wsgi
    execute(self.server.app)
  File "/usr/local/lib/python3.11/site-packages/werkzeug/serving.py", line 335, in execute
    write(data)
  File "/usr/local/lib/python3.11/site-packages/werkzeug/serving.py", line 272, in write
    self.send_response(code, msg)
  File "/usr/local/lib/python3.11/http/server.py", line 505, in send_response
    self.log_request(code)
  File "/usr/local/lib/python3.11/site-packages/werkzeug/serving.py", line 468, in log_request
    self.log("info", '"%s" %s %s', msg, code, size)
  File "/usr/local/lib/python3.11/site-packages/werkzeug/serving.py", line 479, in log
    _log(
  File "/usr/local/lib/python3.11/site-packages/werkzeug/_internal.py", line 97, in _log
    getattr(_logger, type)(message.rstrip(), *args, **kwargs)
Message: '127.0.0.1 - - [25/Sep/2026 08:32:52] "%s" %s %s'
Arguments: ('GET /health HTTP/1.1', '200', '-')
--- Logging error ---
Traceback (most recent call last):
  File "/usr/local/lib/python3.11/logging/__init__.py", line 449, in format
    return self._format(record)
           ^^^^^^^^^^^^^^^^^^^^
  File "/usr/local/lib/python3.11/logging/__init__.py", line 445, in _format
    return self._fmt % values
           ~~~~~~~~~~^~~~~~~~
KeyError: 'request_id'

During handling of the above exception, another exception occurred:

Traceback (most recent call last):
  File "/usr/local/lib/python3.11/logging/__init__.py", line 1110, in emit
    msg = self.format(record)
          ^^^^^^^^^^^^^^^^^^^
  File "/usr/local/lib/python3.11/logging/__init__.py", line 953, in format
    return fmt.format(record)
           ^^^^^^^^^^^^^^^^^^
  File "/usr/local/lib/python3.11/logging/__init__.py", line 690, in format
    s = self.formatMessage(record)
        ^^^^^^^^^^^^^^^^^^^^^^^^^^
  File "/usr/local/lib/python3.11/logging/__init__.py", line 659, in formatMessage
    return self._style.format(record)
           ^^^^^^^^^^^^^^^^^^^^^^^^^^
  File "/usr/local/lib/python3.11/logging/__init__.py", line 451, in format
    raise ValueError('Formatting field not found in record: %s' % e)
ValueError: Formatting field not found in record: 'request_id'
Call stack:
  File "/usr/local/lib/python3.11/threading.py", line 1002, in _bootstrap
    self._bootstrap_inner()
  File "/usr/local/lib/python3.11/threading.py", line 1045, in _bootstrap_inner
    self.run()
  File "/usr/local/lib/python3.11/threading.py", line 982, in run
    self._target(*self._args, **self._kwargs)
  File "/usr/local/lib/python3.11/socketserver.py", line 691, in process_request_thread
    self.finish_request(request, client_address)
  File "/usr/local/lib/python3.11/socketserver.py", line 361, in finish_request
    self.RequestHandlerClass(request, client_address, self)
  File "/usr/local/lib/python3.11/socketserver.py", line 755, in __init__
    self.handle()
  File "/usr/local/lib/python3.11/site-packages/werkzeug/serving.py", line 399, in handle
    super().handle()
  File "/usr/local/lib/python3.11/http/server.py", line 440, in handle
    self.handle_one_request()
  File "/usr/local/lib/python3.11/http/server.py", line 428, in handle_one_request
    method()
  File "/usr/local/lib/python3.11/site-packages/werkzeug/serving.py", line 371, in run_wsgi
    execute(self.server.app)
  File "/usr/local/lib/python3.11/site-packages/werkzeug/serving.py", line 335, in execute
    write(data)
  File "/usr/local/lib/python3.11/site-packages/werkzeug/serving.py", line 272, in write
    self.send_response(code, msg)
  File "/usr/local/lib/python3.11/http/server.py", line 505, in send_response
    self.log_request(code)
  File "/usr/local/lib/python3.11/site-packages/werkzeug/serving.py", line 468, in log_request
    self.log("info", '"%s" %s %s', msg, code, size)
  File "/usr/local/lib/python3.11/site-packages/werkzeug/serving.py", line 479, in log
    _log(
  File "/usr/local/lib/python3.11/site-packages/werkzeug/_internal.py", line 97, in _log
    getattr(_logger, type)(message.rstrip(), *args, **kwargs)
Message: '127.0.0.1 - - [25/Sep/2026 08:33:02] "%s" %s %s'
Arguments: ('GET /health HTTP/1.1', '200', '-')
--- Logging error ---
Traceback (most recent call last):
  File "/usr/local/lib/python3.11/logging/__init__.py", line 449, in format
    return self._format(record)
           ^^^^^^^^^^^^^^^^^^^^
  File "/usr/local/lib/python3.11/logging/__init__.py", line 445, in _format
    return self._fmt % values
           ~~~~~~~~~~^~~~~~~~
KeyError: 'request_id'

During handling of the above exception, another exception occurred:

Traceback (most recent call last):
  File "/usr/local/lib/python3.11/logging/__init__.py", line 1110, in emit
    msg = self.format(record)
          ^^^^^^^^^^^^^^^^^^^
  File "/usr/local/lib/python3.11/logging/__init__.py", line 953, in format
    return fmt.format(record)
           ^^^^^^^^^^^^^^^^^^
  File "/usr/local/lib/python3.11/logging/__init__.py", line 690, in format
    s = self.formatMessage(record)
        ^^^^^^^^^^^^^^^^^^^^^^^^^^
  File "/usr/local/lib/python3.11/logging/__init__.py", line 659, in formatMessage
    return self._style.format(record)
           ^^^^^^^^^^^^^^^^^^^^^^^^^^
  File "/usr/local/lib/python3.11/logging/__init__.py", line 451, in format
    raise ValueError('Formatting field not found in record: %s' % e)
ValueError: Formatting field not found in record: 'request_id'
Call stack:
  File "/usr/local/lib/python3.11/threading.py", line 1002, in _bootstrap
    self._bootstrap_inner()
  File "/usr/local/lib/python3.11/threading.py", line 1045, in _bootstrap_inner
    self.run()
  File "/usr/local/lib/python3.11/threading.py", line 982, in run
    self._target(*self._args, **self._kwargs)
  File "/usr/local/lib/python3.11/socketserver.py", line 691, in process_request_thread
    self.finish_request(request, client_address)
  File "/usr/local/lib/python3.11/socketserver.py", line 361, in finish_request
    self.RequestHandlerClass(request, client_address, self)
  File "/usr/local/lib/python3.11/socketserver.py", line 755, in __init__
    self.handle()
  File "/usr/local/lib/python3.11/site-packages/werkzeug/serving.py", line 399, in handle
    super().handle()
  File "/usr/local/lib/python3.11/http/server.py", line 440, in handle
    self.handle_one_request()
  File "/usr/local/lib/python3.11/http/server.py", line 428, in handle_one_request
    method()
  File "/usr/local/lib/python3.11/site-packages/werkzeug/serving.py", line 371, in run_wsgi
    execute(self.server.app)
  File "/usr/local/lib/python3.11/site-packages/werkzeug/serving.py", line 335, in execute
    write(data)
  File "/usr/local/lib/python3.11/site-packages/werkzeug/serving.py", line 272, in write
    self.send_response(code, msg)
  File "/usr/local/lib/python3.11/http/server.py", line 505, in send_response
    self.log_request(code)
  File "/usr/local/lib/python3.11/site-packages/werkzeug/serving.py", line 468, in log_request
    self.log("info", '"%s" %s %s', msg, code, size)
  File "/usr/local/lib/python3.11/site-packages/werkzeug/serving.py", line 479, in log
    _log(
  File "/usr/local/lib/python3.11/site-packages/werkzeug/_internal.py", line 97, in _log
    getattr(_logger, type)(message.rstrip(), *args, **kwargs)
Message: '127.0.0.1 - - [25/Sep/2026 08:33:12] "%s" %s %s'
Arguments: ('GET /health HTTP/1.1', '200', '-')
--- Logging error ---
Traceback (most recent call last):
  File "/usr/local/lib/python3.11/logging/__init__.py", line 449, in format
    return self._format(record)
           ^^^^^^^^^^^^^^^^^^^^
  File "/usr/local/lib/python3.11/logging/__init__.py", line 445, in _format
    return self._fmt % values
           ~~~~~~~~~~^~~~~~~~
KeyError: 'request_id'

During handling of the above exception, another exception occurred:

Traceback (most recent call last):
  File "/usr/local/lib/python3.11/logging/__init__.py", line 1110, in emit
    msg = self.format(record)
          ^^^^^^^^^^^^^^^^^^^
  File "/usr/local/lib/python3.11/logging/__init__.py", line 953, in format
    return fmt.format(record)
           ^^^^^^^^^^^^^^^^^^
  File "/usr/local/lib/python3.11/logging/__init__.py", line 690, in format
    s = self.formatMessage(record)
        ^^^^^^^^^^^^^^^^^^^^^^^^^^
  File "/usr/local/lib/python3.11/logging/__init__.py", line 659, in formatMessage
    return self._style.format(record)
           ^^^^^^^^^^^^^^^^^^^^^^^^^^
  File "/usr/local/lib/python3.11/logging/__init__.py", line 451, in format
    raise ValueError('Formatting field not found in record: %s' % e)
ValueError: Formatting field not found in record: 'request_id'
Call stack:
  File "/usr/local/lib/python3.11/threading.py", line 1002, in _bootstrap
    self._bootstrap_inner()
  File "/usr/local/lib/python3.11/threading.py", line 1045, in _bootstrap_inner
    self.run()
  File "/usr/local/lib/python3.11/threading.py", line 982, in run
    self._target(*self._args, **self._kwargs)
  File "/usr/local/lib/python3.11/socketserver.py", line 691, in process_request_thread
    self.finish_request(request, client_address)
  File "/usr/local/lib/python3.11/socketserver.py", line 361, in finish_request
    self.RequestHandlerClass(request, client_address, self)
  File "/usr/local/lib/python3.11/socketserver.py", line 755, in __init__
    self.handle()
  File "/usr/local/lib/python3.11/site-packages/werkzeug/serving.py", line 399, in handle
    super().handle()
  File "/usr/local/lib/python3.11/http/server.py", line 440, in handle
    self.handle_one_request()
  File "/usr/local/lib/python3.11/http/server.py", line 428, in handle_one_request
    method()
  File "/usr/local/lib/python3.11/site-packages/werkzeug/serving.py", line 371, in run_wsgi
    execute(self.server.app)
  File "/usr/local/lib/python3.11/site-packages/werkzeug/serving.py", line 335, in execute
    write(data)
  File "/usr/local/lib/python3.11/site-packages/werkzeug/serving.py", line 272, in write
    self.send_response(code, msg)
  File "/usr/local/lib/python3.11/http/server.py", line 505, in send_response
    self.log_request(code)
  File "/usr/local/lib/python3.11/site-packages/werkzeug/serving.py", line 468, in log_request
    self.log("info", '"%s" %s %s', msg, code, size)
  File "/usr/local/lib/python3.11/site-packages/werkzeug/serving.py", line 479, in log
    _log(
  File "/usr/local/lib/python3.11/site-packages/werkzeug/_internal.py", line 97, in _log
    getattr(_logger, type)(message.rstrip(), *args, **kwargs)
Message: '127.0.0.1 - - [25/Sep/2026 08:33:23] "%s" %s %s'
Arguments: ('GET /health HTTP/1.1', '200', '-')
--- Logging error ---
Traceback (most recent call last):
  File "/usr/local/lib/python3.11/logging/__init__.py", line 449, in format
    return self._format(record)
           ^^^^^^^^^^^^^^^^^^^^
  File "/usr/local/lib/python3.11/logging/__init__.py", line 445, in _format
    return self._fmt % values
           ~~~~~~~~~~^~~~~~~~
KeyError: 'request_id'

During handling of the above exception, another exception occurred:

Traceback (most recent call last):
  File "/usr/local/lib/python3.11/logging/__init__.py", line 1110, in emit
    msg = self.format(record)
          ^^^^^^^^^^^^^^^^^^^
  File "/usr/local/lib/python3.11/logging/__init__.py", line 953, in format
    return fmt.format(record)
           ^^^^^^^^^^^^^^^^^^
  File "/usr/local/lib/python3.11/logging/__init__.py", line 690, in format
    s = self.formatMessage(record)
        ^^^^^^^^^^^^^^^^^^^^^^^^^^
  File "/usr/local/lib/python3.11/logging/__init__.py", line 659, in formatMessage
    return self._style.format(record)
           ^^^^^^^^^^^^^^^^^^^^^^^^^^
  File "/usr/local/lib/python3.11/logging/__init__.py", line 451, in format
    raise ValueError('Formatting field not found in record: %s' % e)
ValueError: Formatting field not found in record: 'request_id'
Call stack:
  File "/usr/local/lib/python3.11/threading.py", line 1002, in _bootstrap
    self._bootstrap_inner()
  File "/usr/local/lib/python3.11/threading.py", line 1045, in _bootstrap_inner
    self.run()
  File "/usr/local/lib/python3.11/threading.py", line 982, in run
    self._target(*self._args, **self._kwargs)
  File "/usr/local/lib/python3.11/socketserver.py", line 691, in process_request_thread
    self.finish_request(request, client_address)
  File "/usr/local/lib/python3.11/socketserver.py", line 361, in finish_request
    self.RequestHandlerClass(request, client_address, self)
  File "/usr/local/lib/python3.11/socketserver.py", line 755, in __init__
    self.handle()
  File "/usr/local/lib/python3.11/site-packages/werkzeug/serving.py", line 399, in handle
    super().handle()
  File "/usr/local/lib/python3.11/http/server.py", line 440, in handle
    self.handle_one_request()
  File "/usr/local/lib/python3.11/http/server.py", line 428, in handle_one_request
    method()
  File "/usr/local/lib/python3.11/site-packages/werkzeug/serving.py", line 371, in run_wsgi
    execute(self.server.app)
  File "/usr/local/lib/python3.11/site-packages/werkzeug/serving.py", line 335, in execute
    write(data)
  File "/usr/local/lib/python3.11/site-packages/werkzeug/serving.py", line 272, in write
    self.send_response(code, msg)
  File "/usr/local/lib/python3.11/http/server.py", line 505, in send_response
    self.log_request(code)
  File "/usr/local/lib/python3.11/site-packages/werkzeug/serving.py", line 468, in log_request
    self.log("info", '"%s" %s %s', msg, code, size)
  File "/usr/local/lib/python3.11/site-packages/werkzeug/serving.py", line 479, in log
    _log(
  File "/usr/local/lib/python3.11/site-packages/werkzeug/_internal.py", line 97, in _log
    getattr(_logger, type)(message.rstrip(), *args, **kwargs)
Message: '127.0.0.1 - - [25/Sep/2026 08:33:33] "%s" %s %s'
Arguments: ('GET /health HTTP/1.1', '200', '-')
--- Logging error ---
Traceback (most recent call last):
  File "/usr/local/lib/python3.11/logging/__init__.py", line 449, in format
    return self._format(record)
           ^^^^^^^^^^^^^^^^^^^^
  File "/usr/local/lib/python3.11/logging/__init__.py", line 445, in _format
    return self._fmt % values
           ~~~~~~~~~~^~~~~~~~
KeyError: 'request_id'

During handling of the above exception, another exception occurred:

Traceback (most recent call last):
  File "/usr/local/lib/python3.11/logging/__init__.py", line 1110, in emit
    msg = self.format(record)
          ^^^^^^^^^^^^^^^^^^^
  File "/usr/local/lib/python3.11/logging/__init__.py", line 953, in format
    return fmt.format(record)
           ^^^^^^^^^^^^^^^^^^
  File "/usr/local/lib/python3.11/logging/__init__.py", line 690, in format
    s = self.formatMessage(record)
        ^^^^^^^^^^^^^^^^^^^^^^^^^^
  File "/usr/local/lib/python3.11/logging/__init__.py", line 659, in formatMessage
    return self._style.format(record)
           ^^^^^^^^^^^^^^^^^^^^^^^^^^
  File "/usr/local/lib/python3.11/logging/__init__.py", line 451, in format
    raise ValueError('Formatting field not found in record: %s' % e)
ValueError: Formatting field not found in record: 'request_id'
Call stack:
  File "/usr/local/lib/python3.11/threading.py", line 1002, in _bootstrap
    self._bootstrap_inner()
  File "/usr/local/lib/python3.11/threading.py", line 1045, in _bootstrap_inner
    self.run()
  File "/usr/local/lib/python3.11/threading.py", line 982, in run
    self._target(*self._args, **self._kwargs)
  File "/usr/local/lib/python3.11/socketserver.py", line 691, in process_request_thread
    self.finish_request(request, client_address)
  File "/usr/local/lib/python3.11/socketserver.py", line 361, in finish_request
    self.RequestHandlerClass(request, client_address, self)
  File "/usr/local/lib/python3.11/socketserver.py", line 755, in __init__
    self.handle()
  File "/usr/local/lib/python3.11/site-packages/werkzeug/serving.py", line 399, in handle
    super().handle()
  File "/usr/local/lib/python3.11/http/server.py", line 440, in handle
    self.handle_one_request()
  File "/usr/local/lib/python3.11/http/server.py", line 428, in handle_one_request
    method()
  File "/usr/local/lib/python3.11/site-packages/werkzeug/serving.py", line 371, in run_wsgi
    execute(self.server.app)
  File "/usr/local/lib/python3.11/site-packages/werkzeug/serving.py", line 335, in execute
    write(data)
  File "/usr/local/lib/python3.11/site-packages/werkzeug/serving.py", line 272, in write
    self.send_response(code, msg)
  File "/usr/local/lib/python3.11/http/server.py", line 505, in send_response
    self.log_request(code)
  File "/usr/local/lib/python3.11/site-packages/werkzeug/serving.py", line 468, in log_request
    self.log("info", '"%s" %s %s', msg, code, size)
  File "/usr/local/lib/python3.11/site-packages/werkzeug/serving.py", line 479, in log
    _log(
  File "/usr/local/lib/python3.11/site-packages/werkzeug/_internal.py", line 97, in _log
    getattr(_logger, type)(message.rstrip(), *args, **kwargs)
Message: '127.0.0.1 - - [25/Sep/2026 08:33:43] "%s" %s %s'
Arguments: ('GET /health HTTP/1.1', '200', '-')
--- Logging error ---
Traceback (most recent call last):
  File "/usr/local/lib/python3.11/logging/__init__.py", line 449, in format
    return self._format(record)
           ^^^^^^^^^^^^^^^^^^^^
  File "/usr/local/lib/python3.11/logging/__init__.py", line 445, in _format
    return self._fmt % values
           ~~~~~~~~~~^~~~~~~~
KeyError: 'request_id'

During handling of the above exception, another exception occurred:

Traceback (most recent call last):
  File "/usr/local/lib/python3.11/logging/__init__.py", line 1110, in emit
    msg = self.format(record)
          ^^^^^^^^^^^^^^^^^^^
  File "/usr/local/lib/python3.11/logging/__init__.py", line 953, in format
    return fmt.format(record)
           ^^^^^^^^^^^^^^^^^^
  File "/usr/local/lib/python3.11/logging/__init__.py", line 690, in format
    s = self.formatMessage(record)
        ^^^^^^^^^^^^^^^^^^^^^^^^^^
  File "/usr/local/lib/python3.11/logging/__init__.py", line 659, in formatMessage
    return self._style.format(record)
           ^^^^^^^^^^^^^^^^^^^^^^^^^^
  File "/usr/local/lib/python3.11/logging/__init__.py", line 451, in format
    raise ValueError('Formatting field not found in record: %s' % e)
ValueError: Formatting field not found in record: 'request_id'
Call stack:
  File "/usr/local/lib/python3.11/threading.py", line 1002, in _bootstrap
    self._bootstrap_inner()
  File "/usr/local/lib/python3.11/threading.py", line 1045, in _bootstrap_inner
    self.run()
  File "/usr/local/lib/python3.11/threading.py", line 982, in run
    self._target(*self._args, **self._kwargs)
  File "/usr/local/lib/python3.11/socketserver.py", line 691, in process_request_thread
    self.finish_request(request, client_address)
  File "/usr/local/lib/python3.11/socketserver.py", line 361, in finish_request
    self.RequestHandlerClass(request, client_address, self)
  File "/usr/local/lib/python3.11/socketserver.py", line 755, in __init__
    self.handle()
  File "/usr/local/lib/python3.11/site-packages/werkzeug/serving.py", line 399, in handle
    super().handle()
  File "/usr/local/lib/python3.11/http/server.py", line 440, in handle
    self.handle_one_request()
  File "/usr/local/lib/python3.11/http/server.py", line 428, in handle_one_request
    method()
  File "/usr/local/lib/python3.11/site-packages/werkzeug/serving.py", line 371, in run_wsgi
    execute(self.server.app)
  File "/usr/local/lib/python3.11/site-packages/werkzeug/serving.py", line 335, in execute
    write(data)
  File "/usr/local/lib/python3.11/site-packages/werkzeug/serving.py", line 272, in write
    self.send_response(code, msg)
  File "/usr/local/lib/python3.11/http/server.py", line 505, in send_response
    self.log_request(code)
  File "/usr/local/lib/python3.11/site-packages/werkzeug/serving.py", line 468, in log_request
    self.log("info", '"%s" %s %s', msg, code, size)
  File "/usr/local/lib/python3.11/site-packages/werkzeug/serving.py", line 479, in log
    _log(
  File "/usr/local/lib/python3.11/site-packages/werkzeug/_internal.py", line 97, in _log
    getattr(_logger, type)(message.rstrip(), *args, **kwargs)
Message: '127.0.0.1 - - [25/Sep/2026 08:33:53] "%s" %s %s'
Arguments: ('GET /health HTTP/1.1', '200', '-')
--- Logging error ---
Traceback (most recent call last):
  File "/usr/local/lib/python3.11/logging/__init__.py", line 449, in format
    return self._format(record)
           ^^^^^^^^^^^^^^^^^^^^
  File "/usr/local/lib/python3.11/logging/__init__.py", line 445, in _format
    return self._fmt % values
           ~~~~~~~~~~^~~~~~~~
KeyError: 'request_id'

During handling of the above exception, another exception occurred:

Traceback (most recent call last):
  File "/usr/local/lib/python3.11/logging/__init__.py", line 1110, in emit
    msg = self.format(record)
          ^^^^^^^^^^^^^^^^^^^
  File "/usr/local/lib/python3.11/logging/__init__.py", line 953, in format
    return fmt.format(record)
           ^^^^^^^^^^^^^^^^^^
  File "/usr/local/lib/python3.11/logging/__init__.py", line 690, in format
    s = self.formatMessage(record)
        ^^^^^^^^^^^^^^^^^^^^^^^^^^
  File "/usr/local/lib/python3.11/logging/__init__.py", line 659, in formatMessage
    return self._style.format(record)
           ^^^^^^^^^^^^^^^^^^^^^^^^^^
  File "/usr/local/lib/python3.11/logging/__init__.py", line 451, in format
    raise ValueError('Formatting field not found in record: %s' % e)
ValueError: Formatting field not found in record: 'request_id'
Call stack:
  File "/usr/local/lib/python3.11/threading.py", line 1002, in _bootstrap
    self._bootstrap_inner()
  File "/usr/local/lib/python3.11/threading.py", line 1045, in _bootstrap_inner
    self.run()
  File "/usr/local/lib/python3.11/threading.py", line 982, in run
    self._target(*self._args, **self._kwargs)
  File "/usr/local/lib/python3.11/socketserver.py", line 691, in process_request_thread
    self.finish_request(request, client_address)
  File "/usr/local/lib/python3.11/socketserver.py", line 361, in finish_request
    self.RequestHandlerClass(request, client_address, self)
  File "/usr/local/lib/python3.11/socketserver.py", line 755, in __init__
    self.handle()
  File "/usr/local/lib/python3.11/site-packages/werkzeug/serving.py", line 399, in handle
    super().handle()
  File "/usr/local/lib/python3.11/http/server.py", line 440, in handle
    self.handle_one_request()
  File "/usr/local/lib/python3.11/http/server.py", line 428, in handle_one_request
    method()
  File "/usr/local/lib/python3.11/site-packages/werkzeug/serving.py", line 371, in run_wsgi
    execute(self.server.app)
  File "/usr/local/lib/python3.11/site-packages/werkzeug/serving.py", line 335, in execute
    write(data)
  File "/usr/local/lib/python3.11/site-packages/werkzeug/serving.py", line 272, in write
    self.send_response(code, msg)
  File "/usr/local/lib/python3.11/http/server.py", line 505, in send_response
    self.log_request(code)
  File "/usr/local/lib/python3.11/site-packages/werkzeug/serving.py", line 468, in log_request
    self.log("info", '"%s" %s %s', msg, code, size)
  File "/usr/local/lib/python3.11/site-packages/werkzeug/serving.py", line 479, in log
    _log(
  File "/usr/local/lib/python3.11/site-packages/werkzeug/_internal.py", line 97, in _log
    getattr(_logger, type)(message.rstrip(), *args, **kwargs)
Message: '127.0.0.1 - - [25/Sep/2026 08:34:03] "%s" %s %s'
Arguments: ('GET /health HTTP/1.1', '200', '-')
--- Logging error ---
Traceback (most recent call last):
  File "/usr/local/lib/python3.11/logging/__init__.py", line 449, in format
    return self._format(record)
           ^^^^^^^^^^^^^^^^^^^^
  File "/usr/local/lib/python3.11/logging/__init__.py", line 445, in _format
    return self._fmt % values
           ~~~~~~~~~~^~~~~~~~
KeyError: 'request_id'

During handling of the above exception, another exception occurred:

Traceback (most recent call last):
  File "/usr/local/lib/python3.11/logging/__init__.py", line 1110, in emit
    msg = self.format(record)
          ^^^^^^^^^^^^^^^^^^^
  File "/usr/local/lib/python3.11/logging/__init__.py", line 953, in format
    return fmt.format(record)
           ^^^^^^^^^^^^^^^^^^
  File "/usr/local/lib/python3.11/logging/__init__.py", line 690, in format
    s = self.formatMessage(record)
        ^^^^^^^^^^^^^^^^^^^^^^^^^^
  File "/usr/local/lib/python3.11/logging/__init__.py", line 659, in formatMessage
    return self._style.format(record)
           ^^^^^^^^^^^^^^^^^^^^^^^^^^
  File "/usr/local/lib/python3.11/logging/__init__.py", line 451, in format
    raise ValueError('Formatting field not found in record: %s' % e)
ValueError: Formatting field not found in record: 'request_id'
Call stack:
  File "/usr/local/lib/python3.11/threading.py", line 1002, in _bootstrap
    self._bootstrap_inner()
  File "/usr/local/lib/python3.11/threading.py", line 1045, in _bootstrap_inner
    self.run()
  File "/usr/local/lib/python3.11/threading.py", line 982, in run
    self._target(*self._args, **self._kwargs)
  File "/usr/local/lib/python3.11/socketserver.py", line 691, in process_request_thread
    self.finish_request(request, client_address)
  File "/usr/local/lib/python3.11/socketserver.py", line 361, in finish_request
    self.RequestHandlerClass(request, client_address, self)
  File "/usr/local/lib/python3.11/socketserver.py", line 755, in __init__
    self.handle()
  File "/usr/local/lib/python3.11/site-packages/werkzeug/serving.py", line 399, in handle
    super().handle()
  File "/usr/local/lib/python3.11/http/server.py", line 440, in handle
    self.handle_one_request()
  File "/usr/local/lib/python3.11/http/server.py", line 428, in handle_one_request
    method()
  File "/usr/local/lib/python3.11/site-packages/werkzeug/serving.py", line 371, in run_wsgi
    execute(self.server.app)
  File "/usr/local/lib/python3.11/site-packages/werkzeug/serving.py", line 335, in execute
    write(data)
  File "/usr/local/lib/python3.11/site-packages/werkzeug/serving.py", line 272, in write
    self.send_response(code, msg)
  File "/usr/local/lib/python3.11/http/server.py", line 505, in send_response
    self.log_request(code)
  File "/usr/local/lib/python3.11/site-packages/werkzeug/serving.py", line 468, in log_request
    self.log("info", '"%s" %s %s', msg, code, size)
  File "/usr/local/lib/python3.11/site-packages/werkzeug/serving.py", line 479, in log
    _log(
  File "/usr/local/lib/python3.11/site-packages/werkzeug/_internal.py", line 97, in _log
    getattr(_logger, type)(message.rstrip(), *args, **kwargs)
Message: '127.0.0.1 - - [25/Sep/2026 08:34:13] "%s" %s %s'
Arguments: ('GET /health HTTP/1.1', '200', '-')
--- Logging error ---
Traceback (most recent call last):
  File "/usr/local/lib/python3.11/logging/__init__.py", line 449, in format
    return self._format(record)
           ^^^^^^^^^^^^^^^^^^^^
  File "/usr/local/lib/python3.11/logging/__init__.py", line 445, in _format
    return self._fmt % values
           ~~~~~~~~~~^~~~~~~~
KeyError: 'request_id'

During handling of the above exception, another exception occurred:

Traceback (most recent call last):
  File "/usr/local/lib/python3.11/logging/__init__.py", line 1110, in emit
    msg = self.format(record)
          ^^^^^^^^^^^^^^^^^^^
  File "/usr/local/lib/python3.11/logging/__init__.py", line 953, in format
    return fmt.format(record)
           ^^^^^^^^^^^^^^^^^^
  File "/usr/local/lib/python3.11/logging/__init__.py", line 690, in format
    s = self.formatMessage(record)
        ^^^^^^^^^^^^^^^^^^^^^^^^^^
  File "/usr/local/lib/python3.11/logging/__init__.py", line 659, in formatMessage
    return self._style.format(record)
           ^^^^^^^^^^^^^^^^^^^^^^^^^^
  File "/usr/local/lib/python3.11/logging/__init__.py", line 451, in format
    raise ValueError('Formatting field not found in record: %s' % e)
ValueError: Formatting field not found in record: 'request_id'
Call stack:
  File "/usr/local/lib/python3.11/threading.py", line 1002, in _bootstrap
    self._bootstrap_inner()
  File "/usr/local/lib/python3.11/threading.py", line 1045, in _bootstrap_inner
    self.run()
  File "/usr/local/lib/python3.11/threading.py", line 982, in run
    self._target(*self._args, **self._kwargs)
  File "/usr/local/lib/python3.11/socketserver.py", line 691, in process_request_thread
    self.finish_request(request, client_address)
  File "/usr/local/lib/python3.11/socketserver.py", line 361, in finish_request
    self.RequestHandlerClass(request, client_address, self)
  File "/usr/local/lib/python3.11/socketserver.py", line 755, in __init__
    self.handle()
  File "/usr/local/lib/python3.11/site-packages/werkzeug/serving.py", line 399, in handle
    super().handle()
  File "/usr/local/lib/python3.11/http/server.py", line 440, in handle
    self.handle_one_request()
  File "/usr/local/lib/python3.11/http/server.py", line 428, in handle_one_request
    method()
  File "/usr/local/lib/python3.11/site-packages/werkzeug/serving.py", line 371, in run_wsgi
    execute(self.server.app)
  File "/usr/local/lib/python3.11/site-packages/werkzeug/serving.py", line 335, in execute
    write(data)
  File "/usr/local/lib/python3.11/site-packages/werkzeug/serving.py", line 272, in write
    self.send_response(code, msg)
  File "/usr/local/lib/python3.11/http/server.py", line 505, in send_response
    self.log_request(code)
  File "/usr/local/lib/python3.11/site-packages/werkzeug/serving.py", line 468, in log_request
    self.log("info", '"%s" %s %s', msg, code, size)
  File "/usr/local/lib/python3.11/site-packages/werkzeug/serving.py", line 479, in log
    _log(
  File "/usr/local/lib/python3.11/site-packages/werkzeug/_internal.py", line 97, in _log
    getattr(_logger, type)(message.rstrip(), *args, **kwargs)
Message: '127.0.0.1 - - [25/Sep/2026 08:34:23] "%s" %s %s'
Arguments: ('GET /health HTTP/1.1', '200', '-')
--- Logging error ---
Traceback (most recent call last):
  File "/usr/local/lib/python3.11/logging/__init__.py", line 449, in format
    return self._format(record)
           ^^^^^^^^^^^^^^^^^^^^
  File "/usr/local/lib/python3.11/logging/__init__.py", line 445, in _format
    return self._fmt % values
           ~~~~~~~~~~^~~~~~~~
KeyError: 'request_id'

During handling of the above exception, another exception occurred:

Traceback (most recent call last):
  File "/usr/local/lib/python3.11/logging/__init__.py", line 1110, in emit
    msg = self.format(record)
          ^^^^^^^^^^^^^^^^^^^
  File "/usr/local/lib/python3.11/logging/__init__.py", line 953, in format
    return fmt.format(record)
           ^^^^^^^^^^^^^^^^^^
  File "/usr/local/lib/python3.11/logging/__init__.py", line 690, in format
    s = self.formatMessage(record)
        ^^^^^^^^^^^^^^^^^^^^^^^^^^
  File "/usr/local/lib/python3.11/logging/__init__.py", line 659, in formatMessage
    return self._style.format(record)
           ^^^^^^^^^^^^^^^^^^^^^^^^^^
  File "/usr/local/lib/python3.11/logging/__init__.py", line 451, in format
    raise ValueError('Formatting field not found in record: %s' % e)
ValueError: Formatting field not found in record: 'request_id'
Call stack:
  File "/usr/local/lib/python3.11/threading.py", line 1002, in _bootstrap
    self._bootstrap_inner()
  File "/usr/local/lib/python3.11/threading.py", line 1045, in _bootstrap_inner
    self.run()
  File "/usr/local/lib/python3.11/threading.py", line 982, in run
    self._target(*self._args, **self._kwargs)
  File "/usr/local/lib/python3.11/socketserver.py", line 691, in process_request_thread
    self.finish_request(request, client_address)
  File "/usr/local/lib/python3.11/socketserver.py", line 361, in finish_request
    self.RequestHandlerClass(request, client_address, self)
  File "/usr/local/lib/python3.11/socketserver.py", line 755, in __init__
    self.handle()
  File "/usr/local/lib/python3.11/site-packages/werkzeug/serving.py", line 399, in handle
    super().handle()
  File "/usr/local/lib/python3.11/http/server.py", line 440, in handle
    self.handle_one_request()
  File "/usr/local/lib/python3.11/http/server.py", line 428, in handle_one_request
    method()
  File "/usr/local/lib/python3.11/site-packages/werkzeug/serving.py", line 371, in run_wsgi
    execute(self.server.app)
  File "/usr/local/lib/python3.11/site-packages/werkzeug/serving.py", line 335, in execute
    write(data)
  File "/usr/local/lib/python3.11/site-packages/werkzeug/serving.py", line 272, in write
    self.send_response(code, msg)
  File "/usr/local/lib/python3.11/http/server.py", line 505, in send_response
    self.log_request(code)
  File "/usr/local/lib/python3.11/site-packages/werkzeug/serving.py", line 468, in log_request
    self.log("info", '"%s" %s %s', msg, code, size)
  File "/usr/local/lib/python3.11/site-packages/werkzeug/serving.py", line 479, in log
    _log(
  File "/usr/local/lib/python3.11/site-packages/werkzeug/_internal.py", line 97, in _log
    getattr(_logger, type)(message.rstrip(), *args, **kwargs)
Message: '127.0.0.1 - - [25/Sep/2026 08:34:33] "%s" %s %s'
Arguments: ('GET /health HTTP/1.1', '200', '-')
--- Logging error ---
Traceback (most recent call last):
  File "/usr/local/lib/python3.11/logging/__init__.py", line 449, in format
    return self._format(record)
           ^^^^^^^^^^^^^^^^^^^^
  File "/usr/local/lib/python3.11/logging/__init__.py", line 445, in _format
    return self._fmt % values
           ~~~~~~~~~~^~~~~~~~
KeyError: 'request_id'

During handling of the above exception, another exception occurred:

Traceback (most recent call last):
  File "/usr/local/lib/python3.11/logging/__init__.py", line 1110, in emit
    msg = self.format(record)
          ^^^^^^^^^^^^^^^^^^^
  File "/usr/local/lib/python3.11/logging/__init__.py", line 953, in format
    return fmt.format(record)
           ^^^^^^^^^^^^^^^^^^
  File "/usr/local/lib/python3.11/logging/__init__.py", line 690, in format
    s = self.formatMessage(record)
        ^^^^^^^^^^^^^^^^^^^^^^^^^^
  File "/usr/local/lib/python3.11/logging/__init__.py", line 659, in formatMessage
    return self._style.format(record)
           ^^^^^^^^^^^^^^^^^^^^^^^^^^
  File "/usr/local/lib/python3.11/logging/__init__.py", line 451, in format
    raise ValueError('Formatting field not found in record: %s' % e)
ValueError: Formatting field not found in record: 'request_id'
Call stack:
  File "/usr/local/lib/python3.11/threading.py", line 1002, in _bootstrap
    self._bootstrap_inner()
  File "/usr/local/lib/python3.11/threading.py", line 1045, in _bootstrap_inner
    self.run()
  File "/usr/local/lib/python3.11/threading.py", line 982, in run
    self._target(*self._args, **self._kwargs)
  File "/usr/local/lib/python3.11/socketserver.py", line 691, in process_request_thread
    self.finish_request(request, client_address)
  File "/usr/local/lib/python3.11/socketserver.py", line 361, in finish_request
    self.RequestHandlerClass(request, client_address, self)
  File "/usr/local/lib/python3.11/socketserver.py", line 755, in __init__
    self.handle()
  File "/usr/local/lib/python3.11/site-packages/werkzeug/serving.py", line 399, in handle
    super().handle()
  File "/usr/local/lib/python3.11/http/server.py", line 440, in handle
    self.handle_one_request()
  File "/usr/local/lib/python3.11/http/server.py", line 428, in handle_one_request
    method()
  File "/usr/local/lib/python3.11/site-packages/werkzeug/serving.py", line 371, in run_wsgi
    execute(self.server.app)
  File "/usr/local/lib/python3.11/site-packages/werkzeug/serving.py", line 335, in execute
    write(data)
  File "/usr/local/lib/python3.11/site-packages/werkzeug/serving.py", line 272, in write
    self.send_response(code, msg)
  File "/usr/local/lib/python3.11/http/server.py", line 505, in send_response
    self.log_request(code)
  File "/usr/local/lib/python3.11/site-packages/werkzeug/serving.py", line 468, in log_request
    self.log("info", '"%s" %s %s', msg, code, size)
  File "/usr/local/lib/python3.11/site-packages/werkzeug/serving.py", line 479, in log
    _log(
  File "/usr/local/lib/python3.11/site-packages/werkzeug/_internal.py", line 97, in _log
    getattr(_logger, type)(message.rstrip(), *args, **kwargs)
Message: '127.0.0.1 - - [25/Sep/2026 08:34:43] "%s" %s %s'
Arguments: ('GET /health HTTP/1.1', '200', '-')
--- Logging error ---
Traceback (most recent call last):
  File "/usr/local/lib/python3.11/logging/__init__.py", line 449, in format
    return self._format(record)
           ^^^^^^^^^^^^^^^^^^^^
  File "/usr/local/lib/python3.11/logging/__init__.py", line 445, in _format
    return self._fmt % values
           ~~~~~~~~~~^~~~~~~~
KeyError: 'request_id'

During handling of the above exception, another exception occurred:

Traceback (most recent call last):
  File "/usr/local/lib/python3.11/logging/__init__.py", line 1110, in emit
    msg = self.format(record)
          ^^^^^^^^^^^^^^^^^^^
  File "/usr/local/lib/python3.11/logging/__init__.py", line 953, in format
    return fmt.format(record)
           ^^^^^^^^^^^^^^^^^^
  File "/usr/local/lib/python3.11/logging/__init__.py", line 690, in format
    s = self.formatMessage(record)
        ^^^^^^^^^^^^^^^^^^^^^^^^^^
  File "/usr/local/lib/python3.11/logging/__init__.py", line 659, in formatMessage
    return self._style.format(record)
           ^^^^^^^^^^^^^^^^^^^^^^^^^^
  File "/usr/local/lib/python3.11/logging/__init__.py", line 451, in format
    raise ValueError('Formatting field not found in record: %s' % e)
ValueError: Formatting field not found in record: 'request_id'
Call stack:
  File "/usr/local/lib/python3.11/threading.py", line 1002, in _bootstrap
    self._bootstrap_inner()
  File "/usr/local/lib/python3.11/threading.py", line 1045, in _bootstrap_inner
    self.run()
  File "/usr/local/lib/python3.11/threading.py", line 982, in run
    self._target(*self._args, **self._kwargs)
  File "/usr/local/lib/python3.11/socketserver.py", line 691, in process_request_thread
    self.finish_request(request, client_address)
  File "/usr/local/lib/python3.11/socketserver.py", line 361, in finish_request
    self.RequestHandlerClass(request, client_address, self)
  File "/usr/local/lib/python3.11/socketserver.py", line 755, in __init__
    self.handle()
  File "/usr/local/lib/python3.11/site-packages/werkzeug/serving.py", line 399, in handle
    super().handle()
  File "/usr/local/lib/python3.11/http/server.py", line 440, in handle
    self.handle_one_request()
  File "/usr/local/lib/python3.11/http/server.py", line 428, in handle_one_request
    method()
  File "/usr/local/lib/python3.11/site-packages/werkzeug/serving.py", line 371, in run_wsgi
    execute(self.server.app)
  File "/usr/local/lib/python3.11/site-packages/werkzeug/serving.py", line 335, in execute
    write(data)
  File "/usr/local/lib/python3.11/site-packages/werkzeug/serving.py", line 272, in write
    self.send_response(code, msg)
  File "/usr/local/lib/python3.11/http/server.py", line 505, in send_response
    self.log_request(code)
  File "/usr/local/lib/python3.11/site-packages/werkzeug/serving.py", line 468, in log_request
    self.log("info", '"%s" %s %s', msg, code, size)
  File "/usr/local/lib/python3.11/site-packages/werkzeug/serving.py", line 479, in log
    _log(
  File "/usr/local/lib/python3.11/site-packages/werkzeug/_internal.py", line 97, in _log
    getattr(_logger, type)(message.rstrip(), *args, **kwargs)
Message: '127.0.0.1 - - [25/Sep/2026 08:34:53] "%s" %s %s'
Arguments: ('GET /health HTTP/1.1', '200', '-')
--- Logging error ---
Traceback (most recent call last):
  File "/usr/local/lib/python3.11/logging/__init__.py", line 449, in format
    return self._format(record)
           ^^^^^^^^^^^^^^^^^^^^
  File "/usr/local/lib/python3.11/logging/__init__.py", line 445, in _format
    return self._fmt % values
           ~~~~~~~~~~^~~~~~~~
KeyError: 'request_id'

During handling of the above exception, another exception occurred:

Traceback (most recent call last):
  File "/usr/local/lib/python3.11/logging/__init__.py", line 1110, in emit
    msg = self.format(record)
          ^^^^^^^^^^^^^^^^^^^
  File "/usr/local/lib/python3.11/logging/__init__.py", line 953, in format
    return fmt.format(record)
           ^^^^^^^^^^^^^^^^^^
  File "/usr/local/lib/python3.11/logging/__init__.py", line 690, in format
    s = self.formatMessage(record)
        ^^^^^^^^^^^^^^^^^^^^^^^^^^
  File "/usr/local/lib/python3.11/logging/__init__.py", line 659, in formatMessage
    return self._style.format(record)
           ^^^^^^^^^^^^^^^^^^^^^^^^^^
  File "/usr/local/lib/python3.11/logging/__init__.py", line 451, in format
    raise ValueError('Formatting field not found in record: %s' % e)
ValueError: Formatting field not found in record: 'request_id'
Call stack:
  File "/usr/local/lib/python3.11/threading.py", line 1002, in _bootstrap
    self._bootstrap_inner()
  File "/usr/local/lib/python3.11/threading.py", line 1045, in _bootstrap_inner
    self.run()
  File "/usr/local/lib/python3.11/threading.py", line 982, in run
    self._target(*self._args, **self._kwargs)
  File "/usr/local/lib/python3.11/socketserver.py", line 691, in process_request_thread
    self.finish_request(request, client_address)
  File "/usr/local/lib/python3.11/socketserver.py", line 361, in finish_request
    self.RequestHandlerClass(request, client_address, self)
  File "/usr/local/lib/python3.11/socketserver.py", line 755, in __init__
    self.handle()
  File "/usr/local/lib/python3.11/site-packages/werkzeug/serving.py", line 399, in handle
    super().handle()
  File "/usr/local/lib/python3.11/http/server.py", line 440, in handle
    self.handle_one_request()
  File "/usr/local/lib/python3.11/http/server.py", line 428, in handle_one_request
    method()
  File "/usr/local/lib/python3.11/site-packages/werkzeug/serving.py", line 371, in run_wsgi
    execute(self.server.app)
  File "/usr/local/lib/python3.11/site-packages/werkzeug/serving.py", line 335, in execute
    write(data)
  File "/usr/local/lib/python3.11/site-packages/werkzeug/serving.py", line 272, in write
    self.send_response(code, msg)
  File "/usr/local/lib/python3.11/http/server.py", line 505, in send_response
    self.log_request(code)
  File "/usr/local/lib/python3.11/site-packages/werkzeug/serving.py", line 468, in log_request
    self.log("info", '"%s" %s %s', msg, code, size)
  File "/usr/local/lib/python3.11/site-packages/werkzeug/serving.py", line 479, in log
    _log(
  File "/usr/local/lib/python3.11/site-packages/werkzeug/_internal.py", line 97, in _log
    getattr(_logger, type)(message.rstrip(), *args, **kwargs)
Message: '127.0.0.1 - - [25/Sep/2026 08:35:04] "%s" %s %s'
Arguments: ('GET /health HTTP/1.1', '200', '-')
--- Logging error ---
Traceback (most recent call last):
  File "/usr/local/lib/python3.11/logging/__init__.py", line 449, in format
    return self._format(record)
           ^^^^^^^^^^^^^^^^^^^^
  File "/usr/local/lib/python3.11/logging/__init__.py", line 445, in _format
    return self._fmt % values
           ~~~~~~~~~~^~~~~~~~
KeyError: 'request_id'

During handling of the above exception, another exception occurred:

Traceback (most recent call last):
  File "/usr/local/lib/python3.11/logging/__init__.py", line 1110, in emit
    msg = self.format(record)
          ^^^^^^^^^^^^^^^^^^^
  File "/usr/local/lib/python3.11/logging/__init__.py", line 953, in format
    return fmt.format(record)
           ^^^^^^^^^^^^^^^^^^
  File "/usr/local/lib/python3.11/logging/__init__.py", line 690, in format
    s = self.formatMessage(record)
        ^^^^^^^^^^^^^^^^^^^^^^^^^^
  File "/usr/local/lib/python3.11/logging/__init__.py", line 659, in formatMessage
    return self._style.format(record)
           ^^^^^^^^^^^^^^^^^^^^^^^^^^
  File "/usr/local/lib/python3.11/logging/__init__.py", line 451, in format
    raise ValueError('Formatting field not found in record: %s' % e)
ValueError: Formatting field not found in record: 'request_id'
Call stack:
  File "/usr/local/lib/python3.11/threading.py", line 1002, in _bootstrap
    self._bootstrap_inner()
  File "/usr/local/lib/python3.11/threading.py", line 1045, in _bootstrap_inner
    self.run()
  File "/usr/local/lib/python3.11/threading.py", line 982, in run
    self._target(*self._args, **self._kwargs)
  File "/usr/local/lib/python3.11/socketserver.py", line 691, in process_request_thread
    self.finish_request(request, client_address)
  File "/usr/local/lib/python3.11/socketserver.py", line 361, in finish_request
    self.RequestHandlerClass(request, client_address, self)
  File "/usr/local/lib/python3.11/socketserver.py", line 755, in __init__
    self.handle()
  File "/usr/local/lib/python3.11/site-packages/werkzeug/serving.py", line 399, in handle
    super().handle()
  File "/usr/local/lib/python3.11/http/server.py", line 440, in handle
    self.handle_one_request()
  File "/usr/local/lib/python3.11/http/server.py", line 428, in handle_one_request
    method()
  File "/usr/local/lib/python3.11/site-packages/werkzeug/serving.py", line 371, in run_wsgi
    execute(self.server.app)
  File "/usr/local/lib/python3.11/site-packages/werkzeug/serving.py", line 335, in execute
    write(data)
  File "/usr/local/lib/python3.11/site-packages/werkzeug/serving.py", line 272, in write
    self.send_response(code, msg)
  File "/usr/local/lib/python3.11/http/server.py", line 505, in send_response
    self.log_request(code)
  File "/usr/local/lib/python3.11/site-packages/werkzeug/serving.py", line 468, in log_request
    self.log("info", '"%s" %s %s', msg, code, size)
  File "/usr/local/lib/python3.11/site-packages/werkzeug/serving.py", line 479, in log
    _log(
  File "/usr/local/lib/python3.11/site-packages/werkzeug/_internal.py", line 97, in _log
    getattr(_logger, type)(message.rstrip(), *args, **kwargs)
Message: '127.0.0.1 - - [25/Sep/2026 08:35:14] "%s" %s %s'
Arguments: ('GET /health HTTP/1.1', '200', '-')
--- Logging error ---
Traceback (most recent call last):
  File "/usr/local/lib/python3.11/logging/__init__.py", line 449, in format
    return self._format(record)
           ^^^^^^^^^^^^^^^^^^^^
  File "/usr/local/lib/python3.11/logging/__init__.py", line 445, in _format
    return self._fmt % values
           ~~~~~~~~~~^~~~~~~~
KeyError: 'request_id'

During handling of the above exception, another exception occurred:

Traceback (most recent call last):
  File "/usr/local/lib/python3.11/logging/__init__.py", line 1110, in emit
    msg = self.format(record)
          ^^^^^^^^^^^^^^^^^^^
  File "/usr/local/lib/python3.11/logging/__init__.py", line 953, in format
    return fmt.format(record)
           ^^^^^^^^^^^^^^^^^^
  File "/usr/local/lib/python3.11/logging/__init__.py", line 690, in format
    s = self.formatMessage(record)
        ^^^^^^^^^^^^^^^^^^^^^^^^^^
  File "/usr/local/lib/python3.11/logging/__init__.py", line 659, in formatMessage
    return self._style.format(record)
           ^^^^^^^^^^^^^^^^^^^^^^^^^^
  File "/usr/local/lib/python3.11/logging/__init__.py", line 451, in format
    raise ValueError('Formatting field not found in record: %s' % e)
ValueError: Formatting field not found in record: 'request_id'
Call stack:
  File "/usr/local/lib/python3.11/threading.py", line 1002, in _bootstrap
    self._bootstrap_inner()
  File "/usr/local/lib/python3.11/threading.py", line 1045, in _bootstrap_inner
    self.run()
  File "/usr/local/lib/python3.11/threading.py", line 982, in run
    self._target(*self._args, **self._kwargs)
  File "/usr/local/lib/python3.11/socketserver.py", line 691, in process_request_thread
    self.finish_request(request, client_address)
  File "/usr/local/lib/python3.11/socketserver.py", line 361, in finish_request
    self.RequestHandlerClass(request, client_address, self)
  File "/usr/local/lib/python3.11/socketserver.py", line 755, in __init__
    self.handle()
  File "/usr/local/lib/python3.11/site-packages/werkzeug/serving.py", line 399, in handle
    super().handle()
  File "/usr/local/lib/python3.11/http/server.py", line 440, in handle
    self.handle_one_request()
  File "/usr/local/lib/python3.11/http/server.py", line 428, in handle_one_request
    method()
  File "/usr/local/lib/python3.11/site-packages/werkzeug/serving.py", line 371, in run_wsgi
    execute(self.server.app)
  File "/usr/local/lib/python3.11/site-packages/werkzeug/serving.py", line 335, in execute
    write(data)
  File "/usr/local/lib/python3.11/site-packages/werkzeug/serving.py", line 272, in write
    self.send_response(code, msg)
  File "/usr/local/lib/python3.11/http/server.py", line 505, in send_response
    self.log_request(code)
  File "/usr/local/lib/python3.11/site-packages/werkzeug/serving.py", line 468, in log_request
    self.log("info", '"%s" %s %s', msg, code, size)
  File "/usr/local/lib/python3.11/site-packages/werkzeug/serving.py", line 479, in log
    _log(
  File "/usr/local/lib/python3.11/site-packages/werkzeug/_internal.py", line 97, in _log
    getattr(_logger, type)(message.rstrip(), *args, **kwargs)
Message: '127.0.0.1 - - [25/Sep/2026 08:35:24] "%s" %s %s'
Arguments: ('GET /health HTTP/1.1', '200', '-')
--- Logging error ---
Traceback (most recent call last):
  File "/usr/local/lib/python3.11/logging/__init__.py", line 449, in format
    return self._format(record)
           ^^^^^^^^^^^^^^^^^^^^
  File "/usr/local/lib/python3.11/logging/__init__.py", line 445, in _format
    return self._fmt % values
           ~~~~~~~~~~^~~~~~~~
KeyError: 'request_id'

During handling of the above exception, another exception occurred:

Traceback (most recent call last):
  File "/usr/local/lib/python3.11/logging/__init__.py", line 1110, in emit
    msg = self.format(record)
          ^^^^^^^^^^^^^^^^^^^
  File "/usr/local/lib/python3.11/logging/__init__.py", line 953, in format
    return fmt.format(record)
           ^^^^^^^^^^^^^^^^^^
  File "/usr/local/lib/python3.11/logging/__init__.py", line 690, in format
    s = self.formatMessage(record)
        ^^^^^^^^^^^^^^^^^^^^^^^^^^
  File "/usr/local/lib/python3.11/logging/__init__.py", line 659, in formatMessage
    return self._style.format(record)
           ^^^^^^^^^^^^^^^^^^^^^^^^^^
  File "/usr/local/lib/python3.11/logging/__init__.py", line 451, in format
    raise ValueError('Formatting field not found in record: %s' % e)
ValueError: Formatting field not found in record: 'request_id'
Call stack:
  File "/usr/local/lib/python3.11/threading.py", line 1002, in _bootstrap
    self._bootstrap_inner()
  File "/usr/local/lib/python3.11/threading.py", line 1045, in _bootstrap_inner
    self.run()
  File "/usr/local/lib/python3.11/threading.py", line 982, in run
    self._target(*self._args, **self._kwargs)
  File "/usr/local/lib/python3.11/socketserver.py", line 691, in process_request_thread
    self.finish_request(request, client_address)
  File "/usr/local/lib/python3.11/socketserver.py", line 361, in finish_request
    self.RequestHandlerClass(request, client_address, self)
  File "/usr/local/lib/python3.11/socketserver.py", line 755, in __init__
    self.handle()
  File "/usr/local/lib/python3.11/site-packages/werkzeug/serving.py", line 399, in handle
    super().handle()
  File "/usr/local/lib/python3.11/http/server.py", line 440, in handle
    self.handle_one_request()
  File "/usr/local/lib/python3.11/http/server.py", line 428, in handle_one_request
    method()
  File "/usr/local/lib/python3.11/site-packages/werkzeug/serving.py", line 371, in run_wsgi
    execute(self.server.app)
  File "/usr/local/lib/python3.11/site-packages/werkzeug/serving.py", line 335, in execute
    write(data)
  File "/usr/local/lib/python3.11/site-packages/werkzeug/serving.py", line 272, in write
    self.send_response(code, msg)
  File "/usr/local/lib/python3.11/http/server.py", line 505, in send_response
    self.log_request(code)
  File "/usr/local/lib/python3.11/site-packages/werkzeug/serving.py", line 468, in log_request
    self.log("info", '"%s" %s %s', msg, code, size)
  File "/usr/local/lib/python3.11/site-packages/werkzeug/serving.py", line 479, in log
    _log(
  File "/usr/local/lib/python3.11/site-packages/werkzeug/_internal.py", line 97, in _log
    getattr(_logger, type)(message.rstrip(), *args, **kwargs)
Message: '127.0.0.1 - - [25/Sep/2026 08:35:34] "%s" %s %s'
Arguments: ('GET /health HTTP/1.1', '200', '-')
--- Logging error ---
Traceback (most recent call last):
  File "/usr/local/lib/python3.11/logging/__init__.py", line 449, in format
    return self._format(record)
           ^^^^^^^^^^^^^^^^^^^^
  File "/usr/local/lib/python3.11/logging/__init__.py", line 445, in _format
    return self._fmt % values
           ~~~~~~~~~~^~~~~~~~
KeyError: 'request_id'

During handling of the above exception, another exception occurred:

Traceback (most recent call last):
  File "/usr/local/lib/python3.11/logging/__init__.py", line 1110, in emit
    msg = self.format(record)
          ^^^^^^^^^^^^^^^^^^^
  File "/usr/local/lib/python3.11/logging/__init__.py", line 953, in format
    return fmt.format(record)
           ^^^^^^^^^^^^^^^^^^
  File "/usr/local/lib/python3.11/logging/__init__.py", line 690, in format
    s = self.formatMessage(record)
        ^^^^^^^^^^^^^^^^^^^^^^^^^^
  File "/usr/local/lib/python3.11/logging/__init__.py", line 659, in formatMessage
    return self._style.format(record)
           ^^^^^^^^^^^^^^^^^^^^^^^^^^
  File "/usr/local/lib/python3.11/logging/__init__.py", line 451, in format
    raise ValueError('Formatting field not found in record: %s' % e)
ValueError: Formatting field not found in record: 'request_id'
Call stack:
  File "/usr/local/lib/python3.11/threading.py", line 1002, in _bootstrap
    self._bootstrap_inner()
  File "/usr/local/lib/python3.11/threading.py", line 1045, in _bootstrap_inner
    self.run()
  File "/usr/local/lib/python3.11/threading.py", line 982, in run
    self._target(*self._args, **self._kwargs)
  File "/usr/local/lib/python3.11/socketserver.py", line 691, in process_request_thread
    self.finish_request(request, client_address)
  File "/usr/local/lib/python3.11/socketserver.py", line 361, in finish_request
    self.RequestHandlerClass(request, client_address, self)
  File "/usr/local/lib/python3.11/socketserver.py", line 755, in __init__
    self.handle()
  File "/usr/local/lib/python3.11/site-packages/werkzeug/serving.py", line 399, in handle
    super().handle()
  File "/usr/local/lib/python3.11/http/server.py", line 440, in handle
    self.handle_one_request()
  File "/usr/local/lib/python3.11/http/server.py", line 428, in handle_one_request
    method()
  File "/usr/local/lib/python3.11/site-packages/werkzeug/serving.py", line 371, in run_wsgi
    execute(self.server.app)
  File "/usr/local/lib/python3.11/site-packages/werkzeug/serving.py", line 335, in execute
    write(data)
  File "/usr/local/lib/python3.11/site-packages/werkzeug/serving.py", line 272, in write
    self.send_response(code, msg)
  File "/usr/local/lib/python3.11/http/server.py", line 505, in send_response
    self.log_request(code)
  File "/usr/local/lib/python3.11/site-packages/werkzeug/serving.py", line 468, in log_request
    self.log("info", '"%s" %s %s', msg, code, size)
  File "/usr/local/lib/python3.11/site-packages/werkzeug/serving.py", line 479, in log
    _log(
  File "/usr/local/lib/python3.11/site-packages/werkzeug/_internal.py", line 97, in _log
    getattr(_logger, type)(message.rstrip(), *args, **kwargs)
Message: '127.0.0.1 - - [25/Sep/2026 08:35:44] "%s" %s %s'
Arguments: ('GET /health HTTP/1.1', '200', '-')
--- Logging error ---
Traceback (most recent call last):
  File "/usr/local/lib/python3.11/logging/__init__.py", line 449, in format
    return self._format(record)
           ^^^^^^^^^^^^^^^^^^^^
  File "/usr/local/lib/python3.11/logging/__init__.py", line 445, in _format
    return self._fmt % values
           ~~~~~~~~~~^~~~~~~~
KeyError: 'request_id'

During handling of the above exception, another exception occurred:

Traceback (most recent call last):
  File "/usr/local/lib/python3.11/logging/__init__.py", line 1110, in emit
    msg = self.format(record)
          ^^^^^^^^^^^^^^^^^^^
  File "/usr/local/lib/python3.11/logging/__init__.py", line 953, in format
    return fmt.format(record)
           ^^^^^^^^^^^^^^^^^^
  File "/usr/local/lib/python3.11/logging/__init__.py", line 690, in format
    s = self.formatMessage(record)
        ^^^^^^^^^^^^^^^^^^^^^^^^^^
  File "/usr/local/lib/python3.11/logging/__init__.py", line 659, in formatMessage
    return self._style.format(record)
           ^^^^^^^^^^^^^^^^^^^^^^^^^^
  File "/usr/local/lib/python3.11/logging/__init__.py", line 451, in format
    raise ValueError('Formatting field not found in record: %s' % e)
ValueError: Formatting field not found in record: 'request_id'
Call stack:
  File "/usr/local/lib/python3.11/threading.py", line 1002, in _bootstrap
    self._bootstrap_inner()
  File "/usr/local/lib/python3.11/threading.py", line 1045, in _bootstrap_inner
    self.run()
  File "/usr/local/lib/python3.11/threading.py", line 982, in run
    self._target(*self._args, **self._kwargs)
  File "/usr/local/lib/python3.11/socketserver.py", line 691, in process_request_thread
    self.finish_request(request, client_address)
  File "/usr/local/lib/python3.11/socketserver.py", line 361, in finish_request
    self.RequestHandlerClass(request, client_address, self)
  File "/usr/local/lib/python3.11/socketserver.py", line 755, in __init__
    self.handle()
  File "/usr/local/lib/python3.11/site-packages/werkzeug/serving.py", line 399, in handle
    super().handle()
  File "/usr/local/lib/python3.11/http/server.py", line 440, in handle
    self.handle_one_request()
  File "/usr/local/lib/python3.11/http/server.py", line 428, in handle_one_request
    method()
  File "/usr/local/lib/python3.11/site-packages/werkzeug/serving.py", line 371, in run_wsgi
    execute(self.server.app)
  File "/usr/local/lib/python3.11/site-packages/werkzeug/serving.py", line 335, in execute
    write(data)
  File "/usr/local/lib/python3.11/site-packages/werkzeug/serving.py", line 272, in write
    self.send_response(code, msg)
  File "/usr/local/lib/python3.11/http/server.py", line 505, in send_response
    self.log_request(code)
  File "/usr/local/lib/python3.11/site-packages/werkzeug/serving.py", line 468, in log_request
    self.log("info", '"%s" %s %s', msg, code, size)
  File "/usr/local/lib/python3.11/site-packages/werkzeug/serving.py", line 479, in log
    _log(
  File "/usr/local/lib/python3.11/site-packages/werkzeug/_internal.py", line 97, in _log
    getattr(_logger, type)(message.rstrip(), *args, **kwargs)
Message: '127.0.0.1 - - [25/Sep/2026 08:35:54] "%s" %s %s'
Arguments: ('GET /health HTTP/1.1', '200', '-')
--- Logging error ---
Traceback (most recent call last):
  File "/usr/local/lib/python3.11/logging/__init__.py", line 449, in format
    return self._format(record)
           ^^^^^^^^^^^^^^^^^^^^
  File "/usr/local/lib/python3.11/logging/__init__.py", line 445, in _format
    return self._fmt % values
           ~~~~~~~~~~^~~~~~~~
KeyError: 'request_id'

During handling of the above exception, another exception occurred:

Traceback (most recent call last):
  File "/usr/local/lib/python3.11/logging/__init__.py", line 1110, in emit
    msg = self.format(record)
          ^^^^^^^^^^^^^^^^^^^
  File "/usr/local/lib/python3.11/logging/__init__.py", line 953, in format
    return fmt.format(record)
           ^^^^^^^^^^^^^^^^^^
  File "/usr/local/lib/python3.11/logging/__init__.py", line 690, in format
    s = self.formatMessage(record)
        ^^^^^^^^^^^^^^^^^^^^^^^^^^
  File "/usr/local/lib/python3.11/logging/__init__.py", line 659, in formatMessage
    return self._style.format(record)
           ^^^^^^^^^^^^^^^^^^^^^^^^^^
  File "/usr/local/lib/python3.11/logging/__init__.py", line 451, in format
    raise ValueError('Formatting field not found in record: %s' % e)
ValueError: Formatting field not found in record: 'request_id'
Call stack:
  File "/usr/local/lib/python3.11/threading.py", line 1002, in _bootstrap
    self._bootstrap_inner()
  File "/usr/local/lib/python3.11/threading.py", line 1045, in _bootstrap_inner
    self.run()
  File "/usr/local/lib/python3.11/threading.py", line 982, in run
    self._target(*self._args, **self._kwargs)
  File "/usr/local/lib/python3.11/socketserver.py", line 691, in process_request_thread
    self.finish_request(request, client_address)
  File "/usr/local/lib/python3.11/socketserver.py", line 361, in finish_request
    self.RequestHandlerClass(request, client_address, self)
  File "/usr/local/lib/python3.11/socketserver.py", line 755, in __init__
    self.handle()
  File "/usr/local/lib/python3.11/site-packages/werkzeug/serving.py", line 399, in handle
    super().handle()
  File "/usr/local/lib/python3.11/http/server.py", line 440, in handle
    self.handle_one_request()
  File "/usr/local/lib/python3.11/http/server.py", line 428, in handle_one_request
    method()
  File "/usr/local/lib/python3.11/site-packages/werkzeug/serving.py", line 371, in run_wsgi
    execute(self.server.app)
  File "/usr/local/lib/python3.11/site-packages/werkzeug/serving.py", line 335, in execute
    write(data)
  File "/usr/local/lib/python3.11/site-packages/werkzeug/serving.py", line 272, in write
    self.send_response(code, msg)
  File "/usr/local/lib/python3.11/http/server.py", line 505, in send_response
    self.log_request(code)
  File "/usr/local/lib/python3.11/site-packages/werkzeug/serving.py", line 468, in log_request
    self.log("info", '"%s" %s %s', msg, code, size)
  File "/usr/local/lib/python3.11/site-packages/werkzeug/serving.py", line 479, in log
    _log(
  File "/usr/local/lib/python3.11/site-packages/werkzeug/_internal.py", line 97, in _log
    getattr(_logger, type)(message.rstrip(), *args, **kwargs)
Message: '127.0.0.1 - - [25/Sep/2026 08:36:04] "%s" %s %s'
Arguments: ('GET /health HTTP/1.1', '200', '-')
--- Logging error ---
Traceback (most recent call last):
  File "/usr/local/lib/python3.11/logging/__init__.py", line 449, in format
    return self._format(record)
           ^^^^^^^^^^^^^^^^^^^^
  File "/usr/local/lib/python3.11/logging/__init__.py", line 445, in _format
    return self._fmt % values
           ~~~~~~~~~~^~~~~~~~
KeyError: 'request_id'

During handling of the above exception, another exception occurred:

Traceback (most recent call last):
  File "/usr/local/lib/python3.11/logging/__init__.py", line 1110, in emit
    msg = self.format(record)
          ^^^^^^^^^^^^^^^^^^^
  File "/usr/local/lib/python3.11/logging/__init__.py", line 953, in format
    return fmt.format(record)
           ^^^^^^^^^^^^^^^^^^
  File "/usr/local/lib/python3.11/logging/__init__.py", line 690, in format
    s = self.formatMessage(record)
        ^^^^^^^^^^^^^^^^^^^^^^^^^^
  File "/usr/local/lib/python3.11/logging/__init__.py", line 659, in formatMessage
    return self._style.format(record)
           ^^^^^^^^^^^^^^^^^^^^^^^^^^
  File "/usr/local/lib/python3.11/logging/__init__.py", line 451, in format
    raise ValueError('Formatting field not found in record: %s' % e)
ValueError: Formatting field not found in record: 'request_id'
Call stack:
  File "/usr/local/lib/python3.11/threading.py", line 1002, in _bootstrap
    self._bootstrap_inner()
  File "/usr/local/lib/python3.11/threading.py", line 1045, in _bootstrap_inner
    self.run()
  File "/usr/local/lib/python3.11/threading.py", line 982, in run
    self._target(*self._args, **self._kwargs)
  File "/usr/local/lib/python3.11/socketserver.py", line 691, in process_request_thread
    self.finish_request(request, client_address)
  File "/usr/local/lib/python3.11/socketserver.py", line 361, in finish_request
    self.RequestHandlerClass(request, client_address, self)
  File "/usr/local/lib/python3.11/socketserver.py", line 755, in __init__
    self.handle()
  File "/usr/local/lib/python3.11/site-packages/werkzeug/serving.py", line 399, in handle
    super().handle()
  File "/usr/local/lib/python3.11/http/server.py", line 440, in handle
    self.handle_one_request()
  File "/usr/local/lib/python3.11/http/server.py", line 428, in handle_one_request
    method()
  File "/usr/local/lib/python3.11/site-packages/werkzeug/serving.py", line 371, in run_wsgi
    execute(self.server.app)
  File "/usr/local/lib/python3.11/site-packages/werkzeug/serving.py", line 335, in execute
    write(data)
  File "/usr/local/lib/python3.11/site-packages/werkzeug/serving.py", line 272, in write
    self.send_response(code, msg)
  File "/usr/local/lib/python3.11/http/server.py", line 505, in send_response
    self.log_request(code)
  File "/usr/local/lib/python3.11/site-packages/werkzeug/serving.py", line 468, in log_request
    self.log("info", '"%s" %s %s', msg, code, size)
  File "/usr/local/lib/python3.11/site-packages/werkzeug/serving.py", line 479, in log
    _log(
  File "/usr/local/lib/python3.11/site-packages/werkzeug/_internal.py", line 97, in _log
    getattr(_logger, type)(message.rstrip(), *args, **kwargs)
Message: '127.0.0.1 - - [25/Sep/2026 08:36:14] "%s" %s %s'
Arguments: ('GET /health HTTP/1.1', '200', '-')
--- Logging error ---
Traceback (most recent call last):
  File "/usr/local/lib/python3.11/logging/__init__.py", line 449, in format
    return self._format(record)
           ^^^^^^^^^^^^^^^^^^^^
  File "/usr/local/lib/python3.11/logging/__init__.py", line 445, in _format
    return self._fmt % values
           ~~~~~~~~~~^~~~~~~~
KeyError: 'request_id'

During handling of the above exception, another exception occurred:

Traceback (most recent call last):
  File "/usr/local/lib/python3.11/logging/__init__.py", line 1110, in emit
    msg = self.format(record)
          ^^^^^^^^^^^^^^^^^^^
  File "/usr/local/lib/python3.11/logging/__init__.py", line 953, in format
    return fmt.format(record)
           ^^^^^^^^^^^^^^^^^^
  File "/usr/local/lib/python3.11/logging/__init__.py", line 690, in format
    s = self.formatMessage(record)
        ^^^^^^^^^^^^^^^^^^^^^^^^^^
  File "/usr/local/lib/python3.11/logging/__init__.py", line 659, in formatMessage
    return self._style.format(record)
           ^^^^^^^^^^^^^^^^^^^^^^^^^^
  File "/usr/local/lib/python3.11/logging/__init__.py", line 451, in format
    raise ValueError('Formatting field not found in record: %s' % e)
ValueError: Formatting field not found in record: 'request_id'
Call stack:
  File "/usr/local/lib/python3.11/threading.py", line 1002, in _bootstrap
    self._bootstrap_inner()
  File "/usr/local/lib/python3.11/threading.py", line 1045, in _bootstrap_inner
    self.run()
  File "/usr/local/lib/python3.11/threading.py", line 982, in run
    self._target(*self._args, **self._kwargs)
  File "/usr/local/lib/python3.11/socketserver.py", line 691, in process_request_thread
    self.finish_request(request, client_address)
  File "/usr/local/lib/python3.11/socketserver.py", line 361, in finish_request
    self.RequestHandlerClass(request, client_address, self)
  File "/usr/local/lib/python3.11/socketserver.py", line 755, in __init__
    self.handle()
  File "/usr/local/lib/python3.11/site-packages/werkzeug/serving.py", line 399, in handle
    super().handle()
  File "/usr/local/lib/python3.11/http/server.py", line 440, in handle
    self.handle_one_request()
  File "/usr/local/lib/python3.11/http/server.py", line 428, in handle_one_request
    method()
  File "/usr/local/lib/python3.11/site-packages/werkzeug/serving.py", line 371, in run_wsgi
    execute(self.server.app)
  File "/usr/local/lib/python3.11/site-packages/werkzeug/serving.py", line 335, in execute
    write(data)
  File "/usr/local/lib/python3.11/site-packages/werkzeug/serving.py", line 272, in write
    self.send_response(code, msg)
  File "/usr/local/lib/python3.11/http/server.py", line 505, in send_response
    self.log_request(code)
  File "/usr/local/lib/python3.11/site-packages/werkzeug/serving.py", line 468, in log_request
    self.log("info", '"%s" %s %s', msg, code, size)
  File "/usr/local/lib/python3.11/site-packages/werkzeug/serving.py", line 479, in log
    _log(
  File "/usr/local/lib/python3.11/site-packages/werkzeug/_internal.py", line 97, in _log
    getattr(_logger, type)(message.rstrip(), *args, **kwargs)
Message: '127.0.0.1 - - [25/Sep/2026 08:36:24] "%s" %s %s'
Arguments: ('GET /health HTTP/1.1', '200', '-')
--- Logging error ---
Traceback (most recent call last):
  File "/usr/local/lib/python3.11/logging/__init__.py", line 449, in format
    return self._format(record)
           ^^^^^^^^^^^^^^^^^^^^
  File "/usr/local/lib/python3.11/logging/__init__.py", line 445, in _format
    return self._fmt % values
           ~~~~~~~~~~^~~~~~~~
KeyError: 'request_id'

During handling of the above exception, another exception occurred:

Traceback (most recent call last):
  File "/usr/local/lib/python3.11/logging/__init__.py", line 1110, in emit
    msg = self.format(record)
          ^^^^^^^^^^^^^^^^^^^
  File "/usr/local/lib/python3.11/logging/__init__.py", line 953, in format
    return fmt.format(record)
           ^^^^^^^^^^^^^^^^^^
  File "/usr/local/lib/python3.11/logging/__init__.py", line 690, in format
    s = self.formatMessage(record)
        ^^^^^^^^^^^^^^^^^^^^^^^^^^
  File "/usr/local/lib/python3.11/logging/__init__.py", line 659, in formatMessage
    return self._style.format(record)
           ^^^^^^^^^^^^^^^^^^^^^^^^^^
  File "/usr/local/lib/python3.11/logging/__init__.py", line 451, in format
    raise ValueError('Formatting field not found in record: %s' % e)
ValueError: Formatting field not found in record: 'request_id'
Call stack:
  File "/usr/local/lib/python3.11/threading.py", line 1002, in _bootstrap
    self._bootstrap_inner()
  File "/usr/local/lib/python3.11/threading.py", line 1045, in _bootstrap_inner
    self.run()
  File "/usr/local/lib/python3.11/threading.py", line 982, in run
    self._target(*self._args, **self._kwargs)
  File "/usr/local/lib/python3.11/socketserver.py", line 691, in process_request_thread
    self.finish_request(request, client_address)
  File "/usr/local/lib/python3.11/socketserver.py", line 361, in finish_request
    self.RequestHandlerClass(request, client_address, self)
  File "/usr/local/lib/python3.11/socketserver.py", line 755, in __init__
    self.handle()
  File "/usr/local/lib/python3.11/site-packages/werkzeug/serving.py", line 399, in handle
    super().handle()
  File "/usr/local/lib/python3.11/http/server.py", line 440, in handle
    self.handle_one_request()
  File "/usr/local/lib/python3.11/http/server.py", line 428, in handle_one_request
    method()
  File "/usr/local/lib/python3.11/site-packages/werkzeug/serving.py", line 371, in run_wsgi
    execute(self.server.app)
  File "/usr/local/lib/python3.11/site-packages/werkzeug/serving.py", line 335, in execute
    write(data)
  File "/usr/local/lib/python3.11/site-packages/werkzeug/serving.py", line 272, in write
    self.send_response(code, msg)
  File "/usr/local/lib/python3.11/http/server.py", line 505, in send_response
    self.log_request(code)
  File "/usr/local/lib/python3.11/site-packages/werkzeug/serving.py", line 468, in log_request
    self.log("info", '"%s" %s %s', msg, code, size)
  File "/usr/local/lib/python3.11/site-packages/werkzeug/serving.py", line 479, in log
    _log(
  File "/usr/local/lib/python3.11/site-packages/werkzeug/_internal.py", line 97, in _log
    getattr(_logger, type)(message.rstrip(), *args, **kwargs)
Message: '127.0.0.1 - - [25/Sep/2026 08:36:34] "%s" %s %s'
Arguments: ('GET /health HTTP/1.1', '200', '-')
--- Logging error ---
Traceback (most recent call last):
  File "/usr/local/lib/python3.11/logging/__init__.py", line 449, in format
    return self._format(record)
           ^^^^^^^^^^^^^^^^^^^^
  File "/usr/local/lib/python3.11/logging/__init__.py", line 445, in _format
    return self._fmt % values
           ~~~~~~~~~~^~~~~~~~
KeyError: 'request_id'

During handling of the above exception, another exception occurred:

Traceback (most recent call last):
  File "/usr/local/lib/python3.11/logging/__init__.py", line 1110, in emit
    msg = self.format(record)
          ^^^^^^^^^^^^^^^^^^^
  File "/usr/local/lib/python3.11/logging/__init__.py", line 953, in format
    return fmt.format(record)
           ^^^^^^^^^^^^^^^^^^
  File "/usr/local/lib/python3.11/logging/__init__.py", line 690, in format
    s = self.formatMessage(record)
        ^^^^^^^^^^^^^^^^^^^^^^^^^^
  File "/usr/local/lib/python3.11/logging/__init__.py", line 659, in formatMessage
    return self._style.format(record)
           ^^^^^^^^^^^^^^^^^^^^^^^^^^
  File "/usr/local/lib/python3.11/logging/__init__.py", line 451, in format
    raise ValueError('Formatting field not found in record: %s' % e)
ValueError: Formatting field not found in record: 'request_id'
Call stack:
  File "/usr/local/lib/python3.11/threading.py", line 1002, in _bootstrap
    self._bootstrap_inner()
  File "/usr/local/lib/python3.11/threading.py", line 1045, in _bootstrap_inner
    self.run()
  File "/usr/local/lib/python3.11/threading.py", line 982, in run
    self._target(*self._args, **self._kwargs)
  File "/usr/local/lib/python3.11/socketserver.py", line 691, in process_request_thread
    self.finish_request(request, client_address)
  File "/usr/local/lib/python3.11/socketserver.py", line 361, in finish_request
    self.RequestHandlerClass(request, client_address, self)
  File "/usr/local/lib/python3.11/socketserver.py", line 755, in __init__
    self.handle()
  File "/usr/local/lib/python3.11/site-packages/werkzeug/serving.py", line 399, in handle
    super().handle()
  File "/usr/local/lib/python3.11/http/server.py", line 440, in handle
    self.handle_one_request()
  File "/usr/local/lib/python3.11/http/server.py", line 428, in handle_one_request
    method()
  File "/usr/local/lib/python3.11/site-packages/werkzeug/serving.py", line 371, in run_wsgi
    execute(self.server.app)
  File "/usr/local/lib/python3.11/site-packages/werkzeug/serving.py", line 335, in execute
    write(data)
  File "/usr/local/lib/python3.11/site-packages/werkzeug/serving.py", line 272, in write
    self.send_response(code, msg)
  File "/usr/local/lib/python3.11/http/server.py", line 505, in send_response
    self.log_request(code)
  File "/usr/local/lib/python3.11/site-packages/werkzeug/serving.py", line 468, in log_request
    self.log("info", '"%s" %s %s', msg, code, size)
  File "/usr/local/lib/python3.11/site-packages/werkzeug/serving.py", line 479, in log
    _log(
  File "/usr/local/lib/python3.11/site-packages/werkzeug/_internal.py", line 97, in _log
    getattr(_logger, type)(message.rstrip(), *args, **kwargs)
Message: '127.0.0.1 - - [25/Sep/2026 08:36:45] "%s" %s %s'
Arguments: ('GET /health HTTP/1.1', '200', '-')
--- Logging error ---
Traceback (most recent call last):
  File "/usr/local/lib/python3.11/logging/__init__.py", line 449, in format
    return self._format(record)
           ^^^^^^^^^^^^^^^^^^^^
  File "/usr/local/lib/python3.11/logging/__init__.py", line 445, in _format
    return self._fmt % values
           ~~~~~~~~~~^~~~~~~~
KeyError: 'request_id'

During handling of the above exception, another exception occurred:

Traceback (most recent call last):
  File "/usr/local/lib/python3.11/logging/__init__.py", line 1110, in emit
    msg = self.format(record)
          ^^^^^^^^^^^^^^^^^^^
  File "/usr/local/lib/python3.11/logging/__init__.py", line 953, in format
    return fmt.format(record)
           ^^^^^^^^^^^^^^^^^^
  File "/usr/local/lib/python3.11/logging/__init__.py", line 690, in format
    s = self.formatMessage(record)
        ^^^^^^^^^^^^^^^^^^^^^^^^^^
  File "/usr/local/lib/python3.11/logging/__init__.py", line 659, in formatMessage
    return self._style.format(record)
           ^^^^^^^^^^^^^^^^^^^^^^^^^^
  File "/usr/local/lib/python3.11/logging/__init__.py", line 451, in format
    raise ValueError('Formatting field not found in record: %s' % e)
ValueError: Formatting field not found in record: 'request_id'
Call stack:
  File "/usr/local/lib/python3.11/threading.py", line 1002, in _bootstrap
    self._bootstrap_inner()
  File "/usr/local/lib/python3.11/threading.py", line 1045, in _bootstrap_inner
    self.run()
  File "/usr/local/lib/python3.11/threading.py", line 982, in run
    self._target(*self._args, **self._kwargs)
  File "/usr/local/lib/python3.11/socketserver.py", line 691, in process_request_thread
    self.finish_request(request, client_address)
  File "/usr/local/lib/python3.11/socketserver.py", line 361, in finish_request
    self.RequestHandlerClass(request, client_address, self)
  File "/usr/local/lib/python3.11/socketserver.py", line 755, in __init__
    self.handle()
  File "/usr/local/lib/python3.11/site-packages/werkzeug/serving.py", line 399, in handle
    super().handle()
  File "/usr/local/lib/python3.11/http/server.py", line 440, in handle
    self.handle_one_request()
  File "/usr/local/lib/python3.11/http/server.py", line 428, in handle_one_request
    method()
  File "/usr/local/lib/python3.11/site-packages/werkzeug/serving.py", line 371, in run_wsgi
    execute(self.server.app)
  File "/usr/local/lib/python3.11/site-packages/werkzeug/serving.py", line 335, in execute
    write(data)
  File "/usr/local/lib/python3.11/site-packages/werkzeug/serving.py", line 272, in write
    self.send_response(code, msg)
  File "/usr/local/lib/python3.11/http/server.py", line 505, in send_response
    self.log_request(code)
  File "/usr/local/lib/python3.11/site-packages/werkzeug/serving.py", line 468, in log_request
    self.log("info", '"%s" %s %s', msg, code, size)
  File "/usr/local/lib/python3.11/site-packages/werkzeug/serving.py", line 479, in log
    _log(
  File "/usr/local/lib/python3.11/site-packages/werkzeug/_internal.py", line 97, in _log
    getattr(_logger, type)(message.rstrip(), *args, **kwargs)
Message: '127.0.0.1 - - [25/Sep/2026 08:36:55] "%s" %s %s'
Arguments: ('GET /health HTTP/1.1', '200', '-')
--- Logging error ---
Traceback (most recent call last):
  File "/usr/local/lib/python3.11/logging/__init__.py", line 449, in format
    return self._format(record)
           ^^^^^^^^^^^^^^^^^^^^
  File "/usr/local/lib/python3.11/logging/__init__.py", line 445, in _format
    return self._fmt % values
           ~~~~~~~~~~^~~~~~~~
KeyError: 'request_id'

During handling of the above exception, another exception occurred:

Traceback (most recent call last):
  File "/usr/local/lib/python3.11/logging/__init__.py", line 1110, in emit
    msg = self.format(record)
          ^^^^^^^^^^^^^^^^^^^
  File "/usr/local/lib/python3.11/logging/__init__.py", line 953, in format
    return fmt.format(record)
           ^^^^^^^^^^^^^^^^^^
  File "/usr/local/lib/python3.11/logging/__init__.py", line 690, in format
    s = self.formatMessage(record)
        ^^^^^^^^^^^^^^^^^^^^^^^^^^
  File "/usr/local/lib/python3.11/logging/__init__.py", line 659, in formatMessage
    return self._style.format(record)
           ^^^^^^^^^^^^^^^^^^^^^^^^^^
  File "/usr/local/lib/python3.11/logging/__init__.py", line 451, in format
    raise ValueError('Formatting field not found in record: %s' % e)
ValueError: Formatting field not found in record: 'request_id'
Call stack:
  File "/usr/local/lib/python3.11/threading.py", line 1002, in _bootstrap
    self._bootstrap_inner()
  File "/usr/local/lib/python3.11/threading.py", line 1045, in _bootstrap_inner
    self.run()
  File "/usr/local/lib/python3.11/threading.py", line 982, in run
    self._target(*self._args, **self._kwargs)
  File "/usr/local/lib/python3.11/socketserver.py", line 691, in process_request_thread
    self.finish_request(request, client_address)
  File "/usr/local/lib/python3.11/socketserver.py", line 361, in finish_request
    self.RequestHandlerClass(request, client_address, self)
  File "/usr/local/lib/python3.11/socketserver.py", line 755, in __init__
    self.handle()
  File "/usr/local/lib/python3.11/site-packages/werkzeug/serving.py", line 399, in handle
    super().handle()
  File "/usr/local/lib/python3.11/http/server.py", line 440, in handle
    self.handle_one_request()
  File "/usr/local/lib/python3.11/http/server.py", line 428, in handle_one_request
    method()
  File "/usr/local/lib/python3.11/site-packages/werkzeug/serving.py", line 371, in run_wsgi
    execute(self.server.app)
  File "/usr/local/lib/python3.11/site-packages/werkzeug/serving.py", line 335, in execute
    write(data)
  File "/usr/local/lib/python3.11/site-packages/werkzeug/serving.py", line 272, in write
    self.send_response(code, msg)
  File "/usr/local/lib/python3.11/http/server.py", line 505, in send_response
    self.log_request(code)
  File "/usr/local/lib/python3.11/site-packages/werkzeug/serving.py", line 468, in log_request
    self.log("info", '"%s" %s %s', msg, code, size)
  File "/usr/local/lib/python3.11/site-packages/werkzeug/serving.py", line 479, in log
    _log(
  File "/usr/local/lib/python3.11/site-packages/werkzeug/_internal.py", line 97, in _log
    getattr(_logger, type)(message.rstrip(), *args, **kwargs)
Message: '127.0.0.1 - - [25/Sep/2026 08:37:05] "%s" %s %s'
Arguments: ('GET /health HTTP/1.1', '200', '-')
--- Logging error ---
Traceback (most recent call last):
  File "/usr/local/lib/python3.11/logging/__init__.py", line 449, in format
    return self._format(record)
           ^^^^^^^^^^^^^^^^^^^^
  File "/usr/local/lib/python3.11/logging/__init__.py", line 445, in _format
    return self._fmt % values
           ~~~~~~~~~~^~~~~~~~
KeyError: 'request_id'

During handling of the above exception, another exception occurred:

Traceback (most recent call last):
  File "/usr/local/lib/python3.11/logging/__init__.py", line 1110, in emit
    msg = self.format(record)
          ^^^^^^^^^^^^^^^^^^^
  File "/usr/local/lib/python3.11/logging/__init__.py", line 953, in format
    return fmt.format(record)
           ^^^^^^^^^^^^^^^^^^
  File "/usr/local/lib/python3.11/logging/__init__.py", line 690, in format
    s = self.formatMessage(record)
        ^^^^^^^^^^^^^^^^^^^^^^^^^^
  File "/usr/local/lib/python3.11/logging/__init__.py", line 659, in formatMessage
    return self._style.format(record)
           ^^^^^^^^^^^^^^^^^^^^^^^^^^
  File "/usr/local/lib/python3.11/logging/__init__.py", line 451, in format
    raise ValueError('Formatting field not found in record: %s' % e)
ValueError: Formatting field not found in record: 'request_id'
Call stack:
  File "/usr/local/lib/python3.11/threading.py", line 1002, in _bootstrap
    self._bootstrap_inner()
  File "/usr/local/lib/python3.11/threading.py", line 1045, in _bootstrap_inner
    self.run()
  File "/usr/local/lib/python3.11/threading.py", line 982, in run
    self._target(*self._args, **self._kwargs)
  File "/usr/local/lib/python3.11/socketserver.py", line 691, in process_request_thread
    self.finish_request(request, client_address)
  File "/usr/local/lib/python3.11/socketserver.py", line 361, in finish_request
    self.RequestHandlerClass(request, client_address, self)
  File "/usr/local/lib/python3.11/socketserver.py", line 755, in __init__
    self.handle()
  File "/usr/local/lib/python3.11/site-packages/werkzeug/serving.py", line 399, in handle
    super().handle()
  File "/usr/local/lib/python3.11/http/server.py", line 440, in handle
    self.handle_one_request()
  File "/usr/local/lib/python3.11/http/server.py", line 428, in handle_one_request
    method()
  File "/usr/local/lib/python3.11/site-packages/werkzeug/serving.py", line 371, in run_wsgi
    execute(self.server.app)
  File "/usr/local/lib/python3.11/site-packages/werkzeug/serving.py", line 335, in execute
    write(data)
  File "/usr/local/lib/python3.11/site-packages/werkzeug/serving.py", line 272, in write
    self.send_response(code, msg)
  File "/usr/local/lib/python3.11/http/server.py", line 505, in send_response
    self.log_request(code)
  File "/usr/local/lib/python3.11/site-packages/werkzeug/serving.py", line 468, in log_request
    self.log("info", '"%s" %s %s', msg, code, size)
  File "/usr/local/lib/python3.11/site-packages/werkzeug/serving.py", line 479, in log
    _log(
  File "/usr/local/lib/python3.11/site-packages/werkzeug/_internal.py", line 97, in _log
    getattr(_logger, type)(message.rstrip(), *args, **kwargs)
Message: '127.0.0.1 - - [25/Sep/2026 08:37:15] "%s" %s %s'
Arguments: ('GET /health HTTP/1.1', '200', '-')
--- Logging error ---
Traceback (most recent call last):
  File "/usr/local/lib/python3.11/logging/__init__.py", line 449, in format
    return self._format(record)
           ^^^^^^^^^^^^^^^^^^^^
  File "/usr/local/lib/python3.11/logging/__init__.py", line 445, in _format
    return self._fmt % values
           ~~~~~~~~~~^~~~~~~~
KeyError: 'request_id'

During handling of the above exception, another exception occurred:

Traceback (most recent call last):
  File "/usr/local/lib/python3.11/logging/__init__.py", line 1110, in emit
    msg = self.format(record)
          ^^^^^^^^^^^^^^^^^^^
  File "/usr/local/lib/python3.11/logging/__init__.py", line 953, in format
    return fmt.format(record)
           ^^^^^^^^^^^^^^^^^^
  File "/usr/local/lib/python3.11/logging/__init__.py", line 690, in format
    s = self.formatMessage(record)
        ^^^^^^^^^^^^^^^^^^^^^^^^^^
  File "/usr/local/lib/python3.11/logging/__init__.py", line 659, in formatMessage
    return self._style.format(record)
           ^^^^^^^^^^^^^^^^^^^^^^^^^^
  File "/usr/local/lib/python3.11/logging/__init__.py", line 451, in format
    raise ValueError('Formatting field not found in record: %s' % e)
ValueError: Formatting field not found in record: 'request_id'
Call stack:
  File "/usr/local/lib/python3.11/threading.py", line 1002, in _bootstrap
    self._bootstrap_inner()
  File "/usr/local/lib/python3.11/threading.py", line 1045, in _bootstrap_inner
    self.run()
  File "/usr/local/lib/python3.11/threading.py", line 982, in run
    self._target(*self._args, **self._kwargs)
  File "/usr/local/lib/python3.11/socketserver.py", line 691, in process_request_thread
    self.finish_request(request, client_address)
  File "/usr/local/lib/python3.11/socketserver.py", line 361, in finish_request
    self.RequestHandlerClass(request, client_address, self)
  File "/usr/local/lib/python3.11/socketserver.py", line 755, in __init__
    self.handle()
  File "/usr/local/lib/python3.11/site-packages/werkzeug/serving.py", line 399, in handle
    super().handle()
  File "/usr/local/lib/python3.11/http/server.py", line 440, in handle
    self.handle_one_request()
  File "/usr/local/lib/python3.11/http/server.py", line 428, in handle_one_request
    method()
  File "/usr/local/lib/python3.11/site-packages/werkzeug/serving.py", line 371, in run_wsgi
    execute(self.server.app)
  File "/usr/local/lib/python3.11/site-packages/werkzeug/serving.py", line 335, in execute
    write(data)
  File "/usr/local/lib/python3.11/site-packages/werkzeug/serving.py", line 272, in write
    self.send_response(code, msg)
  File "/usr/local/lib/python3.11/http/server.py", line 505, in send_response
    self.log_request(code)
  File "/usr/local/lib/python3.11/site-packages/werkzeug/serving.py", line 468, in log_request
    self.log("info", '"%s" %s %s', msg, code, size)
  File "/usr/local/lib/python3.11/site-packages/werkzeug/serving.py", line 479, in log
    _log(
  File "/usr/local/lib/python3.11/site-packages/werkzeug/_internal.py", line 97, in _log
    getattr(_logger, type)(message.rstrip(), *args, **kwargs)
Message: '127.0.0.1 - - [25/Sep/2026 08:37:25] "%s" %s %s'
Arguments: ('GET /health HTTP/1.1', '200', '-')
--- Logging error ---
Traceback (most recent call last):
  File "/usr/local/lib/python3.11/logging/__init__.py", line 449, in format
    return self._format(record)
           ^^^^^^^^^^^^^^^^^^^^
  File "/usr/local/lib/python3.11/logging/__init__.py", line 445, in _format
    return self._fmt % values
           ~~~~~~~~~~^~~~~~~~
KeyError: 'request_id'

During handling of the above exception, another exception occurred:

Traceback (most recent call last):
  File "/usr/local/lib/python3.11/logging/__init__.py", line 1110, in emit
    msg = self.format(record)
          ^^^^^^^^^^^^^^^^^^^
  File "/usr/local/lib/python3.11/logging/__init__.py", line 953, in format
    return fmt.format(record)
           ^^^^^^^^^^^^^^^^^^
  File "/usr/local/lib/python3.11/logging/__init__.py", line 690, in format
    s = self.formatMessage(record)
        ^^^^^^^^^^^^^^^^^^^^^^^^^^
  File "/usr/local/lib/python3.11/logging/__init__.py", line 659, in formatMessage
    return self._style.format(record)
           ^^^^^^^^^^^^^^^^^^^^^^^^^^
  File "/usr/local/lib/python3.11/logging/__init__.py", line 451, in format
    raise ValueError('Formatting field not found in record: %s' % e)
ValueError: Formatting field not found in record: 'request_id'
Call stack:
  File "/usr/local/lib/python3.11/threading.py", line 1002, in _bootstrap
    self._bootstrap_inner()
  File "/usr/local/lib/python3.11/threading.py", line 1045, in _bootstrap_inner
    self.run()
  File "/usr/local/lib/python3.11/threading.py", line 982, in run
    self._target(*self._args, **self._kwargs)
  File "/usr/local/lib/python3.11/socketserver.py", line 691, in process_request_thread
    self.finish_request(request, client_address)
  File "/usr/local/lib/python3.11/socketserver.py", line 361, in finish_request
    self.RequestHandlerClass(request, client_address, self)
  File "/usr/local/lib/python3.11/socketserver.py", line 755, in __init__
    self.handle()
  File "/usr/local/lib/python3.11/site-packages/werkzeug/serving.py", line 399, in handle
    super().handle()
  File "/usr/local/lib/python3.11/http/server.py", line 440, in handle
    self.handle_one_request()
  File "/usr/local/lib/python3.11/http/server.py", line 428, in handle_one_request
    method()
  File "/usr/local/lib/python3.11/site-packages/werkzeug/serving.py", line 371, in run_wsgi
    execute(self.server.app)
  File "/usr/local/lib/python3.11/site-packages/werkzeug/serving.py", line 335, in execute
    write(data)
  File "/usr/local/lib/python3.11/site-packages/werkzeug/serving.py", line 272, in write
    self.send_response(code, msg)
  File "/usr/local/lib/python3.11/http/server.py", line 505, in send_response
    self.log_request(code)
  File "/usr/local/lib/python3.11/site-packages/werkzeug/serving.py", line 468, in log_request
    self.log("info", '"%s" %s %s', msg, code, size)
  File "/usr/local/lib/python3.11/site-packages/werkzeug/serving.py", line 479, in log
    _log(
  File "/usr/local/lib/python3.11/site-packages/werkzeug/_internal.py", line 97, in _log
    getattr(_logger, type)(message.rstrip(), *args, **kwargs)
Message: '127.0.0.1 - - [25/Sep/2026 08:37:35] "%s" %s %s'
Arguments: ('GET /health HTTP/1.1', '200', '-')
--- Logging error ---
Traceback (most recent call last):
  File "/usr/local/lib/python3.11/logging/__init__.py", line 449, in format
    return self._format(record)
           ^^^^^^^^^^^^^^^^^^^^
  File "/usr/local/lib/python3.11/logging/__init__.py", line 445, in _format
    return self._fmt % values
           ~~~~~~~~~~^~~~~~~~
KeyError: 'request_id'

During handling of the above exception, another exception occurred:

Traceback (most recent call last):
  File "/usr/local/lib/python3.11/logging/__init__.py", line 1110, in emit
    msg = self.format(record)
          ^^^^^^^^^^^^^^^^^^^
  File "/usr/local/lib/python3.11/logging/__init__.py", line 953, in format
    return fmt.format(record)
           ^^^^^^^^^^^^^^^^^^
  File "/usr/local/lib/python3.11/logging/__init__.py", line 690, in format
    s = self.formatMessage(record)
        ^^^^^^^^^^^^^^^^^^^^^^^^^^
  File "/usr/local/lib/python3.11/logging/__init__.py", line 659, in formatMessage
    return self._style.format(record)
           ^^^^^^^^^^^^^^^^^^^^^^^^^^
  File "/usr/local/lib/python3.11/logging/__init__.py", line 451, in format
    raise ValueError('Formatting field not found in record: %s' % e)
ValueError: Formatting field not found in record: 'request_id'
Call stack:
  File "/usr/local/lib/python3.11/threading.py", line 1002, in _bootstrap
    self._bootstrap_inner()
  File "/usr/local/lib/python3.11/threading.py", line 1045, in _bootstrap_inner
    self.run()
  File "/usr/local/lib/python3.11/threading.py", line 982, in run
    self._target(*self._args, **self._kwargs)
  File "/usr/local/lib/python3.11/socketserver.py", line 691, in process_request_thread
    self.finish_request(request, client_address)
  File "/usr/local/lib/python3.11/socketserver.py", line 361, in finish_request
    self.RequestHandlerClass(request, client_address, self)
  File "/usr/local/lib/python3.11/socketserver.py", line 755, in __init__
    self.handle()
  File "/usr/local/lib/python3.11/site-packages/werkzeug/serving.py", line 399, in handle
    super().handle()
  File "/usr/local/lib/python3.11/http/server.py", line 440, in handle
    self.handle_one_request()
  File "/usr/local/lib/python3.11/http/server.py", line 428, in handle_one_request
    method()
  File "/usr/local/lib/python3.11/site-packages/werkzeug/serving.py", line 371, in run_wsgi
    execute(self.server.app)
  File "/usr/local/lib/python3.11/site-packages/werkzeug/serving.py", line 335, in execute
    write(data)
  File "/usr/local/lib/python3.11/site-packages/werkzeug/serving.py", line 272, in write
    self.send_response(code, msg)
  File "/usr/local/lib/python3.11/http/server.py", line 505, in send_response
    self.log_request(code)
  File "/usr/local/lib/python3.11/site-packages/werkzeug/serving.py", line 468, in log_request
    self.log("info", '"%s" %s %s', msg, code, size)
  File "/usr/local/lib/python3.11/site-packages/werkzeug/serving.py", line 479, in log
    _log(
  File "/usr/local/lib/python3.11/site-packages/werkzeug/_internal.py", line 97, in _log
    getattr(_logger, type)(message.rstrip(), *args, **kwargs)
Message: '127.0.0.1 - - [25/Sep/2026 08:37:45] "%s" %s %s'
Arguments: ('GET /health HTTP/1.1', '200', '-')
--- Logging error ---
Traceback (most recent call last):
  File "/usr/local/lib/python3.11/logging/__init__.py", line 449, in format
    return self._format(record)
           ^^^^^^^^^^^^^^^^^^^^
  File "/usr/local/lib/python3.11/logging/__init__.py", line 445, in _format
    return self._fmt % values
           ~~~~~~~~~~^~~~~~~~
KeyError: 'request_id'

During handling of the above exception, another exception occurred:

Traceback (most recent call last):
  File "/usr/local/lib/python3.11/logging/__init__.py", line 1110, in emit
    msg = self.format(record)
          ^^^^^^^^^^^^^^^^^^^
  File "/usr/local/lib/python3.11/logging/__init__.py", line 953, in format
    return fmt.format(record)
           ^^^^^^^^^^^^^^^^^^
  File "/usr/local/lib/python3.11/logging/__init__.py", line 690, in format
    s = self.formatMessage(record)
        ^^^^^^^^^^^^^^^^^^^^^^^^^^
  File "/usr/local/lib/python3.11/logging/__init__.py", line 659, in formatMessage
    return self._style.format(record)
           ^^^^^^^^^^^^^^^^^^^^^^^^^^
  File "/usr/local/lib/python3.11/logging/__init__.py", line 451, in format
    raise ValueError('Formatting field not found in record: %s' % e)
ValueError: Formatting field not found in record: 'request_id'
Call stack:
  File "/usr/local/lib/python3.11/threading.py", line 1002, in _bootstrap
    self._bootstrap_inner()
  File "/usr/local/lib/python3.11/threading.py", line 1045, in _bootstrap_inner
    self.run()
  File "/usr/local/lib/python3.11/threading.py", line 982, in run
    self._target(*self._args, **self._kwargs)
  File "/usr/local/lib/python3.11/socketserver.py", line 691, in process_request_thread
    self.finish_request(request, client_address)
  File "/usr/local/lib/python3.11/socketserver.py", line 361, in finish_request
    self.RequestHandlerClass(request, client_address, self)
  File "/usr/local/lib/python3.11/socketserver.py", line 755, in __init__
    self.handle()
  File "/usr/local/lib/python3.11/site-packages/werkzeug/serving.py", line 399, in handle
    super().handle()
  File "/usr/local/lib/python3.11/http/server.py", line 440, in handle
    self.handle_one_request()
  File "/usr/local/lib/python3.11/http/server.py", line 428, in handle_one_request
    method()
  File "/usr/local/lib/python3.11/site-packages/werkzeug/serving.py", line 371, in run_wsgi
    execute(self.server.app)
  File "/usr/local/lib/python3.11/site-packages/werkzeug/serving.py", line 335, in execute
    write(data)
  File "/usr/local/lib/python3.11/site-packages/werkzeug/serving.py", line 272, in write
    self.send_response(code, msg)
  File "/usr/local/lib/python3.11/http/server.py", line 505, in send_response
    self.log_request(code)
  File "/usr/local/lib/python3.11/site-packages/werkzeug/serving.py", line 468, in log_request
    self.log("info", '"%s" %s %s', msg, code, size)
  File "/usr/local/lib/python3.11/site-packages/werkzeug/serving.py", line 479, in log
    _log(
  File "/usr/local/lib/python3.11/site-packages/werkzeug/_internal.py", line 97, in _log
    getattr(_logger, type)(message.rstrip(), *args, **kwargs)
Message: '127.0.0.1 - - [25/Sep/2026 08:37:55] "%s" %s %s'
Arguments: ('GET /health HTTP/1.1', '200', '-')
--- Logging error ---
Traceback (most recent call last):
  File "/usr/local/lib/python3.11/logging/__init__.py", line 449, in format
    return self._format(record)
           ^^^^^^^^^^^^^^^^^^^^
  File "/usr/local/lib/python3.11/logging/__init__.py", line 445, in _format
    return self._fmt % values
           ~~~~~~~~~~^~~~~~~~
KeyError: 'request_id'

During handling of the above exception, another exception occurred:

Traceback (most recent call last):
  File "/usr/local/lib/python3.11/logging/__init__.py", line 1110, in emit
    msg = self.format(record)
          ^^^^^^^^^^^^^^^^^^^
  File "/usr/local/lib/python3.11/logging/__init__.py", line 953, in format
    return fmt.format(record)
           ^^^^^^^^^^^^^^^^^^
  File "/usr/local/lib/python3.11/logging/__init__.py", line 690, in format
    s = self.formatMessage(record)
        ^^^^^^^^^^^^^^^^^^^^^^^^^^
  File "/usr/local/lib/python3.11/logging/__init__.py", line 659, in formatMessage
    return self._style.format(record)
           ^^^^^^^^^^^^^^^^^^^^^^^^^^
  File "/usr/local/lib/python3.11/logging/__init__.py", line 451, in format
    raise ValueError('Formatting field not found in record: %s' % e)
ValueError: Formatting field not found in record: 'request_id'
Call stack:
  File "/usr/local/lib/python3.11/threading.py", line 1002, in _bootstrap
    self._bootstrap_inner()
  File "/usr/local/lib/python3.11/threading.py", line 1045, in _bootstrap_inner
    self.run()
  File "/usr/local/lib/python3.11/threading.py", line 982, in run
    self._target(*self._args, **self._kwargs)
  File "/usr/local/lib/python3.11/socketserver.py", line 691, in process_request_thread
    self.finish_request(request, client_address)
  File "/usr/local/lib/python3.11/socketserver.py", line 361, in finish_request
    self.RequestHandlerClass(request, client_address, self)
  File "/usr/local/lib/python3.11/socketserver.py", line 755, in __init__
    self.handle()
  File "/usr/local/lib/python3.11/site-packages/werkzeug/serving.py", line 399, in handle
    super().handle()
  File "/usr/local/lib/python3.11/http/server.py", line 440, in handle
    self.handle_one_request()
  File "/usr/local/lib/python3.11/http/server.py", line 428, in handle_one_request
    method()
  File "/usr/local/lib/python3.11/site-packages/werkzeug/serving.py", line 371, in run_wsgi
    execute(self.server.app)
  File "/usr/local/lib/python3.11/site-packages/werkzeug/serving.py", line 335, in execute
    write(data)
  File "/usr/local/lib/python3.11/site-packages/werkzeug/serving.py", line 272, in write
    self.send_response(code, msg)
  File "/usr/local/lib/python3.11/http/server.py", line 505, in send_response
    self.log_request(code)
  File "/usr/local/lib/python3.11/site-packages/werkzeug/serving.py", line 468, in log_request
    self.log("info", '"%s" %s %s', msg, code, size)
  File "/usr/local/lib/python3.11/site-packages/werkzeug/serving.py", line 479, in log
    _log(
  File "/usr/local/lib/python3.11/site-packages/werkzeug/_internal.py", line 97, in _log
    getattr(_logger, type)(message.rstrip(), *args, **kwargs)
Message: '127.0.0.1 - - [25/Sep/2026 08:38:05] "%s" %s %s'
Arguments: ('GET /health HTTP/1.1', '200', '-')
--- Logging error ---
Traceback (most recent call last):
  File "/usr/local/lib/python3.11/logging/__init__.py", line 449, in format
    return self._format(record)
           ^^^^^^^^^^^^^^^^^^^^
  File "/usr/local/lib/python3.11/logging/__init__.py", line 445, in _format
    return self._fmt % values
           ~~~~~~~~~~^~~~~~~~
KeyError: 'request_id'

During handling of the above exception, another exception occurred:

Traceback (most recent call last):
  File "/usr/local/lib/python3.11/logging/__init__.py", line 1110, in emit
    msg = self.format(record)
          ^^^^^^^^^^^^^^^^^^^
  File "/usr/local/lib/python3.11/logging/__init__.py", line 953, in format
    return fmt.format(record)
           ^^^^^^^^^^^^^^^^^^
  File "/usr/local/lib/python3.11/logging/__init__.py", line 690, in format
    s = self.formatMessage(record)
        ^^^^^^^^^^^^^^^^^^^^^^^^^^
  File "/usr/local/lib/python3.11/logging/__init__.py", line 659, in formatMessage
    return self._style.format(record)
           ^^^^^^^^^^^^^^^^^^^^^^^^^^
  File "/usr/local/lib/python3.11/logging/__init__.py", line 451, in format
    raise ValueError('Formatting field not found in record: %s' % e)
ValueError: Formatting field not found in record: 'request_id'
Call stack:
  File "/usr/local/lib/python3.11/threading.py", line 1002, in _bootstrap
    self._bootstrap_inner()
  File "/usr/local/lib/python3.11/threading.py", line 1045, in _bootstrap_inner
    self.run()
  File "/usr/local/lib/python3.11/threading.py", line 982, in run
    self._target(*self._args, **self._kwargs)
  File "/usr/local/lib/python3.11/socketserver.py", line 691, in process_request_thread
    self.finish_request(request, client_address)
  File "/usr/local/lib/python3.11/socketserver.py", line 361, in finish_request
    self.RequestHandlerClass(request, client_address, self)
  File "/usr/local/lib/python3.11/socketserver.py", line 755, in __init__
    self.handle()
  File "/usr/local/lib/python3.11/site-packages/werkzeug/serving.py", line 399, in handle
    super().handle()
  File "/usr/local/lib/python3.11/http/server.py", line 440, in handle
    self.handle_one_request()
  File "/usr/local/lib/python3.11/http/server.py", line 428, in handle_one_request
    method()
  File "/usr/local/lib/python3.11/site-packages/werkzeug/serving.py", line 371, in run_wsgi
    execute(self.server.app)
  File "/usr/local/lib/python3.11/site-packages/werkzeug/serving.py", line 335, in execute
    write(data)
  File "/usr/local/lib/python3.11/site-packages/werkzeug/serving.py", line 272, in write
    self.send_response(code, msg)
  File "/usr/local/lib/python3.11/http/server.py", line 505, in send_response
    self.log_request(code)
  File "/usr/local/lib/python3.11/site-packages/werkzeug/serving.py", line 468, in log_request
    self.log("info", '"%s" %s %s', msg, code, size)
  File "/usr/local/lib/python3.11/site-packages/werkzeug/serving.py", line 479, in log
    _log(
  File "/usr/local/lib/python3.11/site-packages/werkzeug/_internal.py", line 97, in _log
    getattr(_logger, type)(message.rstrip(), *args, **kwargs)
Message: '127.0.0.1 - - [25/Sep/2026 08:38:16] "%s" %s %s'
Arguments: ('GET /health HTTP/1.1', '200', '-')
--- Logging error ---
Traceback (most recent call last):
  File "/usr/local/lib/python3.11/logging/__init__.py", line 449, in format
    return self._format(record)
           ^^^^^^^^^^^^^^^^^^^^
  File "/usr/local/lib/python3.11/logging/__init__.py", line 445, in _format
    return self._fmt % values
           ~~~~~~~~~~^~~~~~~~
KeyError: 'request_id'

During handling of the above exception, another exception occurred:

Traceback (most recent call last):
  File "/usr/local/lib/python3.11/logging/__init__.py", line 1110, in emit
    msg = self.format(record)
          ^^^^^^^^^^^^^^^^^^^
  File "/usr/local/lib/python3.11/logging/__init__.py", line 953, in format
    return fmt.format(record)
           ^^^^^^^^^^^^^^^^^^
  File "/usr/local/lib/python3.11/logging/__init__.py", line 690, in format
    s = self.formatMessage(record)
        ^^^^^^^^^^^^^^^^^^^^^^^^^^
  File "/usr/local/lib/python3.11/logging/__init__.py", line 659, in formatMessage
    return self._style.format(record)
           ^^^^^^^^^^^^^^^^^^^^^^^^^^
  File "/usr/local/lib/python3.11/logging/__init__.py", line 451, in format
    raise ValueError('Formatting field not found in record: %s' % e)
ValueError: Formatting field not found in record: 'request_id'
Call stack:
  File "/usr/local/lib/python3.11/threading.py", line 1002, in _bootstrap
    self._bootstrap_inner()
  File "/usr/local/lib/python3.11/threading.py", line 1045, in _bootstrap_inner
    self.run()
  File "/usr/local/lib/python3.11/threading.py", line 982, in run
    self._target(*self._args, **self._kwargs)
  File "/usr/local/lib/python3.11/socketserver.py", line 691, in process_request_thread
    self.finish_request(request, client_address)
  File "/usr/local/lib/python3.11/socketserver.py", line 361, in finish_request
    self.RequestHandlerClass(request, client_address, self)
  File "/usr/local/lib/python3.11/socketserver.py", line 755, in __init__
    self.handle()
  File "/usr/local/lib/python3.11/site-packages/werkzeug/serving.py", line 399, in handle
    super().handle()
  File "/usr/local/lib/python3.11/http/server.py", line 440, in handle
    self.handle_one_request()
  File "/usr/local/lib/python3.11/http/server.py", line 428, in handle_one_request
    method()
  File "/usr/local/lib/python3.11/site-packages/werkzeug/serving.py", line 371, in run_wsgi
    execute(self.server.app)
  File "/usr/local/lib/python3.11/site-packages/werkzeug/serving.py", line 335, in execute
    write(data)
  File "/usr/local/lib/python3.11/site-packages/werkzeug/serving.py", line 272, in write
    self.send_response(code, msg)
  File "/usr/local/lib/python3.11/http/server.py", line 505, in send_response
    self.log_request(code)
  File "/usr/local/lib/python3.11/site-packages/werkzeug/serving.py", line 468, in log_request
    self.log("info", '"%s" %s %s', msg, code, size)
  File "/usr/local/lib/python3.11/site-packages/werkzeug/serving.py", line 479, in log
    _log(
  File "/usr/local/lib/python3.11/site-packages/werkzeug/_internal.py", line 97, in _log
    getattr(_logger, type)(message.rstrip(), *args, **kwargs)
Message: '127.0.0.1 - - [25/Sep/2026 08:38:26] "%s" %s %s'
Arguments: ('GET /health HTTP/1.1', '200', '-')
--- Logging error ---
Traceback (most recent call last):
  File "/usr/local/lib/python3.11/logging/__init__.py", line 449, in format
    return self._format(record)
           ^^^^^^^^^^^^^^^^^^^^
  File "/usr/local/lib/python3.11/logging/__init__.py", line 445, in _format
    return self._fmt % values
           ~~~~~~~~~~^~~~~~~~
KeyError: 'request_id'

During handling of the above exception, another exception occurred:

Traceback (most recent call last):
  File "/usr/local/lib/python3.11/logging/__init__.py", line 1110, in emit
    msg = self.format(record)
          ^^^^^^^^^^^^^^^^^^^
  File "/usr/local/lib/python3.11/logging/__init__.py", line 953, in format
    return fmt.format(record)
           ^^^^^^^^^^^^^^^^^^
  File "/usr/local/lib/python3.11/logging/__init__.py", line 690, in format
    s = self.formatMessage(record)
        ^^^^^^^^^^^^^^^^^^^^^^^^^^
  File "/usr/local/lib/python3.11/logging/__init__.py", line 659, in formatMessage
    return self._style.format(record)
           ^^^^^^^^^^^^^^^^^^^^^^^^^^
  File "/usr/local/lib/python3.11/logging/__init__.py", line 451, in format
    raise ValueError('Formatting field not found in record: %s' % e)
ValueError: Formatting field not found in record: 'request_id'
Call stack:
  File "/usr/local/lib/python3.11/threading.py", line 1002, in _bootstrap
    self._bootstrap_inner()
  File "/usr/local/lib/python3.11/threading.py", line 1045, in _bootstrap_inner
    self.run()
  File "/usr/local/lib/python3.11/threading.py", line 982, in run
    self._target(*self._args, **self._kwargs)
  File "/usr/local/lib/python3.11/socketserver.py", line 691, in process_request_thread
    self.finish_request(request, client_address)
  File "/usr/local/lib/python3.11/socketserver.py", line 361, in finish_request
    self.RequestHandlerClass(request, client_address, self)
  File "/usr/local/lib/python3.11/socketserver.py", line 755, in __init__
    self.handle()
  File "/usr/local/lib/python3.11/site-packages/werkzeug/serving.py", line 399, in handle
    super().handle()
  File "/usr/local/lib/python3.11/http/server.py", line 440, in handle
    self.handle_one_request()
  File "/usr/local/lib/python3.11/http/server.py", line 428, in handle_one_request
    method()
  File "/usr/local/lib/python3.11/site-packages/werkzeug/serving.py", line 371, in run_wsgi
    execute(self.server.app)
  File "/usr/local/lib/python3.11/site-packages/werkzeug/serving.py", line 335, in execute
    write(data)
  File "/usr/local/lib/python3.11/site-packages/werkzeug/serving.py", line 272, in write
    self.send_response(code, msg)
  File "/usr/local/lib/python3.11/http/server.py", line 505, in send_response
    self.log_request(code)
  File "/usr/local/lib/python3.11/site-packages/werkzeug/serving.py", line 468, in log_request
    self.log("info", '"%s" %s %s', msg, code, size)
  File "/usr/local/lib/python3.11/site-packages/werkzeug/serving.py", line 479, in log
    _log(
  File "/usr/local/lib/python3.11/site-packages/werkzeug/_internal.py", line 97, in _log
    getattr(_logger, type)(message.rstrip(), *args, **kwargs)
Message: '127.0.0.1 - - [25/Sep/2026 08:38:36] "%s" %s %s'
Arguments: ('GET /health HTTP/1.1', '200', '-')
--- Logging error ---
Traceback (most recent call last):
  File "/usr/local/lib/python3.11/logging/__init__.py", line 449, in format
    return self._format(record)
           ^^^^^^^^^^^^^^^^^^^^
  File "/usr/local/lib/python3.11/logging/__init__.py", line 445, in _format
    return self._fmt % values
           ~~~~~~~~~~^~~~~~~~
KeyError: 'request_id'

During handling of the above exception, another exception occurred:

Traceback (most recent call last):
  File "/usr/local/lib/python3.11/logging/__init__.py", line 1110, in emit
    msg = self.format(record)
          ^^^^^^^^^^^^^^^^^^^
  File "/usr/local/lib/python3.11/logging/__init__.py", line 953, in format
    return fmt.format(record)
           ^^^^^^^^^^^^^^^^^^
  File "/usr/local/lib/python3.11/logging/__init__.py", line 690, in format
    s = self.formatMessage(record)
        ^^^^^^^^^^^^^^^^^^^^^^^^^^
  File "/usr/local/lib/python3.11/logging/__init__.py", line 659, in formatMessage
    return self._style.format(record)
           ^^^^^^^^^^^^^^^^^^^^^^^^^^
  File "/usr/local/lib/python3.11/logging/__init__.py", line 451, in format
    raise ValueError('Formatting field not found in record: %s' % e)
ValueError: Formatting field not found in record: 'request_id'
Call stack:
  File "/usr/local/lib/python3.11/threading.py", line 1002, in _bootstrap
    self._bootstrap_inner()
  File "/usr/local/lib/python3.11/threading.py", line 1045, in _bootstrap_inner
    self.run()
  File "/usr/local/lib/python3.11/threading.py", line 982, in run
    self._target(*self._args, **self._kwargs)
  File "/usr/local/lib/python3.11/socketserver.py", line 691, in process_request_thread
    self.finish_request(request, client_address)
  File "/usr/local/lib/python3.11/socketserver.py", line 361, in finish_request
    self.RequestHandlerClass(request, client_address, self)
  File "/usr/local/lib/python3.11/socketserver.py", line 755, in __init__
    self.handle()
  File "/usr/local/lib/python3.11/site-packages/werkzeug/serving.py", line 399, in handle
    super().handle()
  File "/usr/local/lib/python3.11/http/server.py", line 440, in handle
    self.handle_one_request()
  File "/usr/local/lib/python3.11/http/server.py", line 428, in handle_one_request
    method()
  File "/usr/local/lib/python3.11/site-packages/werkzeug/serving.py", line 371, in run_wsgi
    execute(self.server.app)
  File "/usr/local/lib/python3.11/site-packages/werkzeug/serving.py", line 335, in execute
    write(data)
  File "/usr/local/lib/python3.11/site-packages/werkzeug/serving.py", line 272, in write
    self.send_response(code, msg)
  File "/usr/local/lib/python3.11/http/server.py", line 505, in send_response
    self.log_request(code)
  File "/usr/local/lib/python3.11/site-packages/werkzeug/serving.py", line 468, in log_request
    self.log("info", '"%s" %s %s', msg, code, size)
  File "/usr/local/lib/python3.11/site-packages/werkzeug/serving.py", line 479, in log
    _log(
  File "/usr/local/lib/python3.11/site-packages/werkzeug/_internal.py", line 97, in _log
    getattr(_logger, type)(message.rstrip(), *args, **kwargs)
Message: '127.0.0.1 - - [25/Sep/2026 08:38:46] "%s" %s %s'
Arguments: ('GET /health HTTP/1.1', '200', '-')
--- Logging error ---
Traceback (most recent call last):
  File "/usr/local/lib/python3.11/logging/__init__.py", line 449, in format
    return self._format(record)
           ^^^^^^^^^^^^^^^^^^^^
  File "/usr/local/lib/python3.11/logging/__init__.py", line 445, in _format
    return self._fmt % values
           ~~~~~~~~~~^~~~~~~~
KeyError: 'request_id'

During handling of the above exception, another exception occurred:

Traceback (most recent call last):
  File "/usr/local/lib/python3.11/logging/__init__.py", line 1110, in emit
    msg = self.format(record)
          ^^^^^^^^^^^^^^^^^^^
  File "/usr/local/lib/python3.11/logging/__init__.py", line 953, in format
    return fmt.format(record)
           ^^^^^^^^^^^^^^^^^^
  File "/usr/local/lib/python3.11/logging/__init__.py", line 690, in format
    s = self.formatMessage(record)
        ^^^^^^^^^^^^^^^^^^^^^^^^^^
  File "/usr/local/lib/python3.11/logging/__init__.py", line 659, in formatMessage
    return self._style.format(record)
           ^^^^^^^^^^^^^^^^^^^^^^^^^^
  File "/usr/local/lib/python3.11/logging/__init__.py", line 451, in format
    raise ValueError('Formatting field not found in record: %s' % e)
ValueError: Formatting field not found in record: 'request_id'
Call stack:
  File "/usr/local/lib/python3.11/threading.py", line 1002, in _bootstrap
    self._bootstrap_inner()
  File "/usr/local/lib/python3.11/threading.py", line 1045, in _bootstrap_inner
    self.run()
  File "/usr/local/lib/python3.11/threading.py", line 982, in run
    self._target(*self._args, **self._kwargs)
  File "/usr/local/lib/python3.11/socketserver.py", line 691, in process_request_thread
    self.finish_request(request, client_address)
  File "/usr/local/lib/python3.11/socketserver.py", line 361, in finish_request
    self.RequestHandlerClass(request, client_address, self)
  File "/usr/local/lib/python3.11/socketserver.py", line 755, in __init__
    self.handle()
  File "/usr/local/lib/python3.11/site-packages/werkzeug/serving.py", line 399, in handle
    super().handle()
  File "/usr/local/lib/python3.11/http/server.py", line 440, in handle
    self.handle_one_request()
  File "/usr/local/lib/python3.11/http/server.py", line 428, in handle_one_request
    method()
  File "/usr/local/lib/python3.11/site-packages/werkzeug/serving.py", line 371, in run_wsgi
    execute(self.server.app)
  File "/usr/local/lib/python3.11/site-packages/werkzeug/serving.py", line 335, in execute
    write(data)
  File "/usr/local/lib/python3.11/site-packages/werkzeug/serving.py", line 272, in write
    self.send_response(code, msg)
  File "/usr/local/lib/python3.11/http/server.py", line 505, in send_response
    self.log_request(code)
  File "/usr/local/lib/python3.11/site-packages/werkzeug/serving.py", line 468, in log_request
    self.log("info", '"%s" %s %s', msg, code, size)
  File "/usr/local/lib/python3.11/site-packages/werkzeug/serving.py", line 479, in log
    _log(
  File "/usr/local/lib/python3.11/site-packages/werkzeug/_internal.py", line 97, in _log
    getattr(_logger, type)(message.rstrip(), *args, **kwargs)
Message: '127.0.0.1 - - [25/Sep/2026 08:38:56] "%s" %s %s'
Arguments: ('GET /health HTTP/1.1', '200', '-')
--- Logging error ---
Traceback (most recent call last):
  File "/usr/local/lib/python3.11/logging/__init__.py", line 449, in format
    return self._format(record)
           ^^^^^^^^^^^^^^^^^^^^
  File "/usr/local/lib/python3.11/logging/__init__.py", line 445, in _format
    return self._fmt % values
           ~~~~~~~~~~^~~~~~~~
KeyError: 'request_id'

During handling of the above exception, another exception occurred:

Traceback (most recent call last):
  File "/usr/local/lib/python3.11/logging/__init__.py", line 1110, in emit
    msg = self.format(record)
          ^^^^^^^^^^^^^^^^^^^
  File "/usr/local/lib/python3.11/logging/__init__.py", line 953, in format
    return fmt.format(record)
           ^^^^^^^^^^^^^^^^^^
  File "/usr/local/lib/python3.11/logging/__init__.py", line 690, in format
    s = self.formatMessage(record)
        ^^^^^^^^^^^^^^^^^^^^^^^^^^
  File "/usr/local/lib/python3.11/logging/__init__.py", line 659, in formatMessage
    return self._style.format(record)
           ^^^^^^^^^^^^^^^^^^^^^^^^^^
  File "/usr/local/lib/python3.11/logging/__init__.py", line 451, in format
    raise ValueError('Formatting field not found in record: %s' % e)
ValueError: Formatting field not found in record: 'request_id'
Call stack:
  File "/usr/local/lib/python3.11/threading.py", line 1002, in _bootstrap
    self._bootstrap_inner()
  File "/usr/local/lib/python3.11/threading.py", line 1045, in _bootstrap_inner
    self.run()
  File "/usr/local/lib/python3.11/threading.py", line 982, in run
    self._target(*self._args, **self._kwargs)
  File "/usr/local/lib/python3.11/socketserver.py", line 691, in process_request_thread
    self.finish_request(request, client_address)
  File "/usr/local/lib/python3.11/socketserver.py", line 361, in finish_request
    self.RequestHandlerClass(request, client_address, self)
  File "/usr/local/lib/python3.11/socketserver.py", line 755, in __init__
    self.handle()
  File "/usr/local/lib/python3.11/site-packages/werkzeug/serving.py", line 399, in handle
    super().handle()
  File "/usr/local/lib/python3.11/http/server.py", line 440, in handle
    self.handle_one_request()
  File "/usr/local/lib/python3.11/http/server.py", line 428, in handle_one_request
    method()
  File "/usr/local/lib/python3.11/site-packages/werkzeug/serving.py", line 371, in run_wsgi
    execute(self.server.app)
  File "/usr/local/lib/python3.11/site-packages/werkzeug/serving.py", line 335, in execute
    write(data)
  File "/usr/local/lib/python3.11/site-packages/werkzeug/serving.py", line 272, in write
    self.send_response(code, msg)
  File "/usr/local/lib/python3.11/http/server.py", line 505, in send_response
    self.log_request(code)
  File "/usr/local/lib/python3.11/site-packages/werkzeug/serving.py", line 468, in log_request
    self.log("info", '"%s" %s %s', msg, code, size)
  File "/usr/local/lib/python3.11/site-packages/werkzeug/serving.py", line 479, in log
    _log(
  File "/usr/local/lib/python3.11/site-packages/werkzeug/_internal.py", line 97, in _log
    getattr(_logger, type)(message.rstrip(), *args, **kwargs)
Message: '127.0.0.1 - - [25/Sep/2026 08:39:06] "%s" %s %s'
Arguments: ('GET /health HTTP/1.1', '200', '-')
--- Logging error ---
Traceback (most recent call last):
  File "/usr/local/lib/python3.11/logging/__init__.py", line 449, in format
    return self._format(record)
           ^^^^^^^^^^^^^^^^^^^^
  File "/usr/local/lib/python3.11/logging/__init__.py", line 445, in _format
    return self._fmt % values
           ~~~~~~~~~~^~~~~~~~
KeyError: 'request_id'

During handling of the above exception, another exception occurred:

Traceback (most recent call last):
  File "/usr/local/lib/python3.11/logging/__init__.py", line 1110, in emit
    msg = self.format(record)
          ^^^^^^^^^^^^^^^^^^^
  File "/usr/local/lib/python3.11/logging/__init__.py", line 953, in format
    return fmt.format(record)
           ^^^^^^^^^^^^^^^^^^
  File "/usr/local/lib/python3.11/logging/__init__.py", line 690, in format
    s = self.formatMessage(record)
        ^^^^^^^^^^^^^^^^^^^^^^^^^^
  File "/usr/local/lib/python3.11/logging/__init__.py", line 659, in formatMessage
    return self._style.format(record)
           ^^^^^^^^^^^^^^^^^^^^^^^^^^
  File "/usr/local/lib/python3.11/logging/__init__.py", line 451, in format
    raise ValueError('Formatting field not found in record: %s' % e)
ValueError: Formatting field not found in record: 'request_id'
Call stack:
  File "/usr/local/lib/python3.11/threading.py", line 1002, in _bootstrap
    self._bootstrap_inner()
  File "/usr/local/lib/python3.11/threading.py", line 1045, in _bootstrap_inner
    self.run()
  File "/usr/local/lib/python3.11/threading.py", line 982, in run
    self._target(*self._args, **self._kwargs)
  File "/usr/local/lib/python3.11/socketserver.py", line 691, in process_request_thread
    self.finish_request(request, client_address)
  File "/usr/local/lib/python3.11/socketserver.py", line 361, in finish_request
    self.RequestHandlerClass(request, client_address, self)
  File "/usr/local/lib/python3.11/socketserver.py", line 755, in __init__
    self.handle()
  File "/usr/local/lib/python3.11/site-packages/werkzeug/serving.py", line 399, in handle
    super().handle()
  File "/usr/local/lib/python3.11/http/server.py", line 440, in handle
    self.handle_one_request()
  File "/usr/local/lib/python3.11/http/server.py", line 428, in handle_one_request
    method()
  File "/usr/local/lib/python3.11/site-packages/werkzeug/serving.py", line 371, in run_wsgi
    execute(self.server.app)
  File "/usr/local/lib/python3.11/site-packages/werkzeug/serving.py", line 335, in execute
    write(data)
  File "/usr/local/lib/python3.11/site-packages/werkzeug/serving.py", line 272, in write
    self.send_response(code, msg)
  File "/usr/local/lib/python3.11/http/server.py", line 505, in send_response
    self.log_request(code)
  File "/usr/local/lib/python3.11/site-packages/werkzeug/serving.py", line 468, in log_request
    self.log("info", '"%s" %s %s', msg, code, size)
  File "/usr/local/lib/python3.11/site-packages/werkzeug/serving.py", line 479, in log
    _log(
  File "/usr/local/lib/python3.11/site-packages/werkzeug/_internal.py", line 97, in _log
    getattr(_logger, type)(message.rstrip(), *args, **kwargs)
Message: '127.0.0.1 - - [25/Sep/2026 08:39:16] "%s" %s %s'
Arguments: ('GET /health HTTP/1.1', '200', '-')
--- Logging error ---
Traceback (most recent call last):
  File "/usr/local/lib/python3.11/logging/__init__.py", line 449, in format
    return self._format(record)
           ^^^^^^^^^^^^^^^^^^^^
  File "/usr/local/lib/python3.11/logging/__init__.py", line 445, in _format
    return self._fmt % values
           ~~~~~~~~~~^~~~~~~~
KeyError: 'request_id'

During handling of the above exception, another exception occurred:

Traceback (most recent call last):
  File "/usr/local/lib/python3.11/logging/__init__.py", line 1110, in emit
    msg = self.format(record)
          ^^^^^^^^^^^^^^^^^^^
  File "/usr/local/lib/python3.11/logging/__init__.py", line 953, in format
    return fmt.format(record)
           ^^^^^^^^^^^^^^^^^^
  File "/usr/local/lib/python3.11/logging/__init__.py", line 690, in format
    s = self.formatMessage(record)
        ^^^^^^^^^^^^^^^^^^^^^^^^^^
  File "/usr/local/lib/python3.11/logging/__init__.py", line 659, in formatMessage
    return self._style.format(record)
           ^^^^^^^^^^^^^^^^^^^^^^^^^^
  File "/usr/local/lib/python3.11/logging/__init__.py", line 451, in format
    raise ValueError('Formatting field not found in record: %s' % e)
ValueError: Formatting field not found in record: 'request_id'
Call stack:
  File "/usr/local/lib/python3.11/threading.py", line 1002, in _bootstrap
    self._bootstrap_inner()
  File "/usr/local/lib/python3.11/threading.py", line 1045, in _bootstrap_inner
    self.run()
  File "/usr/local/lib/python3.11/threading.py", line 982, in run
    self._target(*self._args, **self._kwargs)
  File "/usr/local/lib/python3.11/socketserver.py", line 691, in process_request_thread
    self.finish_request(request, client_address)
  File "/usr/local/lib/python3.11/socketserver.py", line 361, in finish_request
    self.RequestHandlerClass(request, client_address, self)
  File "/usr/local/lib/python3.11/socketserver.py", line 755, in __init__
    self.handle()
  File "/usr/local/lib/python3.11/site-packages/werkzeug/serving.py", line 399, in handle
    super().handle()
  File "/usr/local/lib/python3.11/http/server.py", line 440, in handle
    self.handle_one_request()
  File "/usr/local/lib/python3.11/http/server.py", line 428, in handle_one_request
    method()
  File "/usr/local/lib/python3.11/site-packages/werkzeug/serving.py", line 371, in run_wsgi
    execute(self.server.app)
  File "/usr/local/lib/python3.11/site-packages/werkzeug/serving.py", line 335, in execute
    write(data)
  File "/usr/local/lib/python3.11/site-packages/werkzeug/serving.py", line 272, in write
    self.send_response(code, msg)
  File "/usr/local/lib/python3.11/http/server.py", line 505, in send_response
    self.log_request(code)
  File "/usr/local/lib/python3.11/site-packages/werkzeug/serving.py", line 468, in log_request
    self.log("info", '"%s" %s %s', msg, code, size)
  File "/usr/local/lib/python3.11/site-packages/werkzeug/serving.py", line 479, in log
    _log(
  File "/usr/local/lib/python3.11/site-packages/werkzeug/_internal.py", line 97, in _log
    getattr(_logger, type)(message.rstrip(), *args, **kwargs)
Message: '127.0.0.1 - - [25/Sep/2026 08:39:26] "%s" %s %s'
Arguments: ('GET /health HTTP/1.1', '200', '-')
